event_date,event_name,source_scope,event_tier,rating_context,direct_context_head,classification_reason,all_results_update_shared_skill,direct_label_controls_input_eligibility
1991-04-25,UIAA Worldcup - Wien 1991,IFSC,World series,Senior / Open,WC,direct adult World series/World championship evidence,True,False
1991-08-29,UIAA Worldcup - Clusone 1991,IFSC,World series,Senior / Open,WC,direct adult World series/World championship evidence,True,False
1991-09-19,UIAA Worldcup - Innsbruck 1991,IFSC,World series,Senior / Open,WC,direct adult World series/World championship evidence,True,False
1991-10-01,UIAA World Championship - Frankfurt 1991,IFSC,World major,Senior / Open,WC,direct adult World series/World championship evidence,True,False
1991-10-15,UIAA Worldcup - Tokio 1991,IFSC,World series,Senior / Open,WC,direct adult World series/World championship evidence,True,False
1991-10-30,UIAA Worldcup - Nürnberg 1991,IFSC,World series,Senior / Open,WC,direct adult World series/World championship evidence,True,False
1991-12-04,UIAA Worldcup - Birmingham 1991,IFSC,World series,Senior / Open,WC,direct adult World series/World championship evidence,True,False
1992-01-29,Masters Chambery 1992,IFSC,International other,Senior / Open,SHARED_BRIDGE_ONLY,valid shared-skill evidence without a governed direct target-head label,True,False
1992-02-26,UIAA Youth Worldchampionship - Basel 1992,IFSC,World major youth,Youth,IFSC_WORLD_YOUTH,"direct Youth World evidence; transition context, not adult WC evidence",True,False
1992-04-30,UIAA Worldcup - Zürich 1992,IFSC,World series,Senior / Open,WC,direct adult World series/World championship evidence,True,False
1992-07-20,Masters Serre Chevalier 1992,IFSC,International other,Senior / Open,SHARED_BRIDGE_ONLY,valid shared-skill evidence without a governed direct target-head label,True,False
1992-08-31,UIAA Masters - Rock Masters Arco 1992,IFSC,International other,Senior / Open,SHARED_BRIDGE_ONLY,valid shared-skill evidence without a governed direct target-head label,True,False
1992-09-17,UIAA European Championship - Frankfurt 1992,IFSC,Continental championship,Senior / Open,IFSC_REG:EUROPE,direct IFSC regional/continental evidence,True,False
1992-10-07,UIAA Worldcup - Kobe 1992,IFSC,World series,Senior / Open,WC,direct adult World series/World championship evidence,True,False
1992-10-29,UIAA Worldcup - Nürnberg 1992,IFSC,World series,Senior / Open,WC,direct adult World series/World championship evidence,True,False
1992-11-13,UIAA Worldcup - St. Pölten 1992,IFSC,World series,Senior / Open,WC,direct adult World series/World championship evidence,True,False
1992-11-19,UIAA Worldcup - Laval 1992,IFSC,World series,Senior / Open,WC,direct adult World series/World championship evidence,True,False
1992-12-10,UIAA Worldcup - Birmingham 1992,IFSC,World series,Senior / Open,WC,direct adult World series/World championship evidence,True,False
1993-04-01,UIAA Worldcup - Frankfurt 1993,IFSC,World series,Senior / Open,WC,direct adult World series/World championship evidence,True,False
1993-04-24,Swiss Cup - Brunnen '93,SAC-CAS,Regional / local,Senior / Open,FED:SAC-CAS,direct federation-level evidence,True,False
1993-04-29,UIAA World Championship - Innsbruck 1993,IFSC,World major,Senior / Open,WC,direct adult World series/World championship evidence,True,False
1993-05-14,UIAA Worldcup - Zürich 1993,IFSC,World series,Senior / Open,WC,direct adult World series/World championship evidence,True,False
1993-05-20,Jeux de Pyrinae - Ainsa 1993,IFSC,International other,Senior / Open,SHARED_BRIDGE_ONLY,valid shared-skill evidence without a governed direct target-head label,True,False
1993-05-27,UIAA Worldcup - Toulon 1993,IFSC,World series,Senior / Open,WC,direct adult World series/World championship evidence,True,False
1993-07-10,Schweizer Meisterschaft Wengen '93,SAC-CAS,Regional / local,Senior / Open,FED:SAC-CAS,direct federation-level evidence,True,False
1993-07-21,Masters Serre-Chevalier 1993,IFSC,International other,Senior / Open,SHARED_BRIDGE_ONLY,valid shared-skill evidence without a governed direct target-head label,True,False
1993-08-26,UIAA Worldcup - Black See 1993,IFSC,World series,Senior / Open,WC,direct adult World series/World championship evidence,True,False
1993-09-10,UIAA Masters - Rock Masters Arco 1993,IFSC,International other,Senior / Open,SHARED_BRIDGE_ONLY,valid shared-skill evidence without a governed direct target-head label,True,False
1993-09-24,Swiss Cup - Lausanne '93,SAC-CAS,Regional / local,Senior / Open,FED:SAC-CAS,direct federation-level evidence,True,False
1993-10-09,Swiss Cup - Lötschental '93,SAC-CAS,Regional / local,Senior / Open,FED:SAC-CAS,direct federation-level evidence,True,False
1993-11-04,UIAA Worldcup - Nürnberg 1993,IFSC,World series,Senior / Open,WC,direct adult World series/World championship evidence,True,False
1993-11-20,Swiss Cup - Bern '93,SAC-CAS,Regional / local,Senior / Open,FED:SAC-CAS,direct federation-level evidence,True,False
1993-12-09,UIAA Worldcup - Laval 1993,IFSC,World series,Senior / Open,WC,direct adult World series/World championship evidence,True,False
1994-02-22,CTS-Cup Sargans/Regionalwettkampf,SAC-CAS,Regional / local,Senior / Open,FED:SAC-CAS,direct federation-level evidence,True,False
1994-03-05,Simmentaler Klettercup/Regionalwettkampf,SAC-CAS,Regional / local,Senior / Open,FED:SAC-CAS,direct federation-level evidence,True,False
1994-04-15,UIAA Worldcup - Villach 1994,IFSC,World series,Senior / Open,WC,direct adult World series/World championship evidence,True,False
1994-04-16,Regionalwettkampf Zweisimmen,SAC-CAS,Regional / local,Senior / Open,FED:SAC-CAS,direct federation-level evidence,True,False
1994-04-28,UIAA Worldcup - Moscow 1994,IFSC,World series,Senior / Open,WC,direct adult World series/World championship evidence,True,False
1994-06-18,Swiss Cup Brunnen '94,SAC-CAS,Regional / local,Senior / Open,FED:SAC-CAS,direct federation-level evidence,True,False
1994-07-02,Swiss Cup Laax '94,SAC-CAS,Regional / local,Senior / Open,FED:SAC-CAS,direct federation-level evidence,True,False
1994-07-20,UIAA Masters - Serre Chevalier 1994,IFSC,International other,Senior / Open,SHARED_BRIDGE_ONLY,valid shared-skill evidence without a governed direct target-head label,True,False
1994-07-27,UIAA Masters - L'Argentiere 1994,IFSC,International other,Senior / Open,SHARED_BRIDGE_ONLY,valid shared-skill evidence without a governed direct target-head label,True,False
1994-08-20,Devers Open,SAC-CAS,Regional / local,Senior / Open,FED:SAC-CAS,direct federation-level evidence,True,False
1994-08-27,Bündner Meisterschaften,SAC-CAS,Regional / local,Senior / Open,FED:SAC-CAS,direct federation-level evidence,True,False
1994-09-09,UIAA Masters - Rock Masters Arco 1994,IFSC,International other,Senior / Open,SHARED_BRIDGE_ONLY,valid shared-skill evidence without a governed direct target-head label,True,False
1994-09-24,Zürcher Unterländer Kletterwettkampf,SAC-CAS,Regional / local,Senior / Open,FED:SAC-CAS,direct federation-level evidence,True,False
1994-10-21,UIAA Youth Worldchampionship - Leipzig 1994,IFSC,World major youth,Youth,IFSC_WORLD_YOUTH,"direct Youth World evidence; transition context, not adult WC evidence",True,False
1994-11-17,UIAA Worldcup - Aix-les-Bains 1994,IFSC,World series,Senior / Open,WC,direct adult World series/World championship evidence,True,False
1994-11-25,UIAA Worldcup - Birmingham 1994,IFSC,World series,Senior / Open,WC,direct adult World series/World championship evidence,True,False
1994-11-30,Swiss Cup Bern '94,SAC-CAS,Regional / local,Senior / Open,FED:SAC-CAS,direct federation-level evidence,True,False
1995-04-01,Swiss Cup Chur '95,SAC-CAS,Regional / local,Senior / Open,FED:SAC-CAS,direct federation-level evidence,True,False
1995-04-06,UIAA Worldcup - Frankfurt 1995,IFSC,World series,Senior / Open,WC,direct adult World series/World championship evidence,True,False
1995-05-05,UIAA Worldchampionchip - Genève 1995,IFSC,International other,Senior / Open,SHARED_BRIDGE_ONLY,valid shared-skill evidence without a governed direct target-head label,True,False
1995-05-20,Swiss Cup Mettembert '95,SAC-CAS,Regional / local,Senior / Open,FED:SAC-CAS,direct federation-level evidence,True,False
1995-07-28,UIAA Masters - Serre Chevalier 1995,IFSC,International other,Senior / Open,SHARED_BRIDGE_ONLY,valid shared-skill evidence without a governed direct target-head label,True,False
1995-07-29,Swiss Cup Wengen 95,SAC-CAS,Regional / local,Senior / Open,FED:SAC-CAS,direct federation-level evidence,True,False
1995-08-06,UIAA Bouldering Masters - L'Argentier 1995,IFSC,International other,Senior / Open,SHARED_BRIDGE_ONLY,valid shared-skill evidence without a governed direct target-head label,True,False
1995-08-19,Swiss-Cup Interlaken 95,SAC-CAS,Regional / local,Senior / Open,FED:SAC-CAS,direct federation-level evidence,True,False
1995-09-02,Bündner Klettermeisterschaften 95,SAC-CAS,Regional / local,Senior / Open,FED:SAC-CAS,direct federation-level evidence,True,False
1995-09-08,Schweizer Meisterschaft - Lugano '95,SAC-CAS,Regional / local,Senior / Open,FED:SAC-CAS,direct federation-level evidence,True,False
1995-09-09,UIAA Masters - Rock Masters Arco 1995,IFSC,International other,Senior / Open,SHARED_BRIDGE_ONLY,valid shared-skill evidence without a governed direct target-head label,True,False
1995-09-23,Zücher Unterländer Kletterwettkampf,SAC-CAS,Regional / local,Senior / Open,FED:SAC-CAS,direct federation-level evidence,True,False
1995-10-05,UIAA Youth Worldchampionship - Laval 1995,IFSC,World major youth,Youth,IFSC_WORLD_YOUTH,"direct Youth World evidence; transition context, not adult WC evidence",True,False
1995-10-21,UIAA Worldcup - Moscow 1995,IFSC,World series,Senior / Open,WC,direct adult World series/World championship evidence,True,False
1995-11-11,Swiss Cup St.Légier 95,SAC-CAS,Regional / local,Senior / Open,FED:SAC-CAS,direct federation-level evidence,True,False
1995-11-24,UIAA Worldcup - Birmingham 1995,IFSC,World series,Senior / Open,WC,direct adult World series/World championship evidence,True,False
1995-12-02,Swiss Cup Bern-Niederwangen,SAC-CAS,Regional / local,Senior / Open,FED:SAC-CAS,direct federation-level evidence,True,False
1995-12-07,UIAA Worldcup - Aix-les-Bains 1995,IFSC,World series,Senior / Open,WC,direct adult World series/World championship evidence,True,False
1996-01-27,European Championship - Paris 1996,IFSC,Continental championship,Senior / Open,IFSC_REG:EUROPE,direct IFSC regional/continental evidence,True,False
1996-03-30,Swiss Cup Chur 96,SAC-CAS,Regional / local,Senior / Open,FED:SAC-CAS,direct federation-level evidence,True,False
1996-05-31,Zürcher Unterländer Wettkampf,SAC-CAS,Regional / local,Senior / Open,FED:SAC-CAS,direct federation-level evidence,True,False
1996-06-01,Schweizer Meisterschaft Bülach,SAC-CAS,Regional / local,Senior / Open,FED:SAC-CAS,direct federation-level evidence,True,False
1996-06-07,European Youth Cup - Dortmund (GER) 1996,IFSC,Continental series youth,Youth,IFSC_REG:EUROPE:YOUTH,direct IFSC regional/continental evidence,True,False
1996-06-24,"UIAA Masters - ESPN X-Games - Newport, USA 1996",IFSC,International other,Senior / Open,SHARED_BRIDGE_ONLY,valid shared-skill evidence without a governed direct target-head label,True,False
1996-06-28,European Youth Cup - Ravenna (ITA) 1996,IFSC,Continental series youth,Youth,IFSC_REG:EUROPE:YOUTH,direct IFSC regional/continental evidence,True,False
1996-07-24,UIAA Masters - Serre Chevalier 1996,IFSC,International other,Senior / Open,SHARED_BRIDGE_ONLY,valid shared-skill evidence without a governed direct target-head label,True,False
1996-08-24,Bündnermeisterschaften 96,SAC-CAS,Regional / local,Senior / Open,FED:SAC-CAS,direct federation-level evidence,True,False
1996-08-31,Swiss-Cup Mendrisio 96,SAC-CAS,Regional / local,Senior / Open,FED:SAC-CAS,direct federation-level evidence,True,False
1996-09-06,UIAA Masters - Rock Masters Arco 1996,IFSC,International other,Senior / Open,SHARED_BRIDGE_ONLY,valid shared-skill evidence without a governed direct target-head label,True,False
1996-09-13,European Youth Cup - Skofja Loka (SLO) 1996,IFSC,Continental series youth,Youth,IFSC_REG:EUROPE:YOUTH,direct IFSC regional/continental evidence,True,False
1996-09-18,UIAA Worldcup - Ekaterinburg 1996,IFSC,World series,Senior / Open,WC,direct adult World series/World championship evidence,True,False
1996-09-27,European Youth Cup - Bern (SUI) 1996,IFSC,Continental series youth,Youth,IFSC_REG:EUROPE:YOUTH,direct IFSC regional/continental evidence,True,False
1996-10-25,European Youth Cup - Prag (CZE) 1996,IFSC,Continental series youth,Youth,IFSC_REG:EUROPE:YOUTH,direct IFSC regional/continental evidence,True,False
1996-11-08,Regionalwettkampf St. Légier,SAC-CAS,Regional / local,Senior / Open,FED:SAC-CAS,direct federation-level evidence,True,False
1996-11-09,Regionalwettkampf Herisau,SAC-CAS,Regional / local,Senior / Open,FED:SAC-CAS,direct federation-level evidence,True,False
1996-11-16,Swiss-Cup Fribourg,SAC-CAS,Regional / local,Senior / Open,FED:SAC-CAS,direct federation-level evidence,True,False
1996-11-23,UIAA Worldcup - Kranj 1996,IFSC,World series,Senior / Open,WC,direct adult World series/World championship evidence,True,False
1996-11-30,Swiss Cup Bern 96,SAC-CAS,Regional / local,Senior / Open,FED:SAC-CAS,direct federation-level evidence,True,False
1996-12-14,UIAA Worldcup - Graz 1996,IFSC,World series,Senior / Open,WC,direct adult World series/World championship evidence,True,False
1997-01-31,UIAA World Championchip - Paris 1997,IFSC,International other,Senior / Open,SHARED_BRIDGE_ONLY,valid shared-skill evidence without a governed direct target-head label,True,False
1997-04-26,Championnat Suisse Delémont,SAC-CAS,Regional / local,Senior / Open,FED:SAC-CAS,direct federation-level evidence,True,False
1997-04-26,Championnat Suisse Delémont,SAC-CAS,Regional / local youth,Youth,FED:SAC-CAS:YOUTH,direct federation-level evidence,True,False
1997-05-03,European Youth Cup - Bolzano (ITA) 1997,IFSC,Continental series youth,Youth,IFSC_REG:EUROPE:YOUTH,direct IFSC regional/continental evidence,True,False
1997-05-31,European Youth Cup - Dortmund (GER) 1997,IFSC,Continental series youth,Youth,IFSC_REG:EUROPE:YOUTH,direct IFSC regional/continental evidence,True,False
1997-06-14,Regionalwettkampf MAGNET-Niederwangen,SAC-CAS,Regional / local,Senior / Open,FED:SAC-CAS,direct federation-level evidence,True,False
1997-06-22,"UIAA Masters - San Diego X-Games, USA 1997",IFSC,International other,Senior / Open,SHARED_BRIDGE_ONLY,valid shared-skill evidence without a governed direct target-head label,True,False
1997-06-28,European Youth Cup - Chocen (CZE) 1997,IFSC,Continental series youth,Youth,IFSC_REG:EUROPE:YOUTH,direct IFSC regional/continental evidence,True,False
1997-07-26,UIAA Masters - Serre Chevalier 1997,IFSC,International other,Senior / Open,SHARED_BRIDGE_ONLY,valid shared-skill evidence without a governed direct target-head label,True,False
1997-08-06,6. Zürcher Unterländer Kletterwettkampf 97,SAC-CAS,Regional / local,Senior / Open,FED:SAC-CAS,direct federation-level evidence,True,False
1997-08-06,6. Zürcher Unterländer Kletterwettkampf 97,SAC-CAS,Regional / local youth,Youth,FED:SAC-CAS:YOUTH,direct federation-level evidence,True,False
1997-08-23,European Youth Cup - Bern (SUI) 1997,IFSC,Continental series youth,Youth,IFSC_REG:EUROPE:YOUTH,direct IFSC regional/continental evidence,True,False
1997-08-30,Swiss Cup Giubiasco 97,SAC-CAS,Regional / local,Senior / Open,FED:SAC-CAS,direct federation-level evidence,True,False
1997-09-04,UIAA Worldcup - Courmayeur 1997,IFSC,World series,Senior / Open,WC,direct adult World series/World championship evidence,True,False
1997-09-12,UIAA Masters - Rock Masters Arco 1997,IFSC,International other,Senior / Open,SHARED_BRIDGE_ONLY,valid shared-skill evidence without a governed direct target-head label,True,False
1997-09-20,European Youth Cup - Parma (ITA) 1997,IFSC,Continental series youth,Youth,IFSC_REG:EUROPE:YOUTH,direct IFSC regional/continental evidence,True,False
1997-10-18,Swiss-Cup MAGNET Bern-Niederwangen 97,SAC-CAS,Regional / local,Senior / Open,FED:SAC-CAS,direct federation-level evidence,True,False
1997-10-23,UIAA Worldcup - Prag 1997,IFSC,World series,Senior / Open,WC,direct adult World series/World championship evidence,True,False
1997-11-08,UIAA Worldcup - Kranj 1997,IFSC,World series,Senior / Open,WC,direct adult World series/World championship evidence,True,False
1997-11-13,UIAA Youth Worldchampionship - Imst (AUT) 1997,IFSC,World major youth,Youth,IFSC_WORLD_YOUTH,"direct Youth World evidence; transition context, not adult WC evidence",True,False
1997-11-21,UIAA Worldcup - Imst 1997,IFSC,World series,Senior / Open,WC,direct adult World series/World championship evidence,True,False
1997-11-28,UIAA Worldcup - Birmingham 1997,IFSC,World series,Senior / Open,WC,direct adult World series/World championship evidence,True,False
1998-02-13,Swiss Cup Genf,SAC-CAS,Regional / local,Senior / Open,FED:SAC-CAS,direct federation-level evidence,True,False
1998-02-13,Swiss Cup Genf,SAC-CAS,Regional / local youth,Youth,FED:SAC-CAS:YOUTH,direct federation-level evidence,True,False
1998-02-14,Coupe Genevoise,SAC-CAS,Regional / local,Senior / Open,FED:SAC-CAS,direct federation-level evidence,True,False
1998-02-14,Coupe Genevoise,SAC-CAS,Regional / local youth,Youth,FED:SAC-CAS:YOUTH,direct federation-level evidence,True,False
1998-04-02,UIAA European Championship - Nürnberg (GER) 1998,IFSC,Continental championship,Senior / Open,IFSC_REG:EUROPE,direct IFSC regional/continental evidence,True,False
1998-05-15,Regionalwettkampf Schlieren,SAC-CAS,Regional / local,Senior / Open,FED:SAC-CAS,direct federation-level evidence,True,False
1998-05-16,Open d'escalade jurassien des jeunes,SAC-CAS,Regional / local,Senior / Open,FED:SAC-CAS,direct federation-level evidence,True,False
1998-05-16,Open d'escalade jurassien des jeunes,SAC-CAS,Regional / local youth,Youth,FED:SAC-CAS:YOUTH,direct federation-level evidence,True,False
1998-06-11,European Youth Cup - Dortmund (GER) 1998,IFSC,Continental series youth,Youth,IFSC_REG:EUROPE:YOUTH,direct IFSC regional/continental evidence,True,False
1998-07-03,European Youth Cup - Triest (ITA) 1998,IFSC,Continental series youth,Youth,IFSC_REG:EUROPE:YOUTH,direct IFSC regional/continental evidence,True,False
1998-07-10,European Youth Cup - Imst (AUT) 1998,IFSC,Continental series youth,Youth,IFSC_REG:EUROPE:YOUTH,direct IFSC regional/continental evidence,True,False
1998-07-11,Top Rock Challenge - Val d'Isere (FRA) 1998,IFSC,International other,Senior / Open,SHARED_BRIDGE_ONLY,valid shared-skill evidence without a governed direct target-head label,True,False
1998-07-15,UIAA Youth Worldchampionship - Moscow (RUS) 1998,IFSC,World major youth,Youth,IFSC_WORLD_YOUTH,"direct Youth World evidence; transition context, not adult WC evidence",True,False
1998-07-16,Top Rock Challenge - Chamonix (FRA) 1998,IFSC,International other,Senior / Open,SHARED_BRIDGE_ONLY,valid shared-skill evidence without a governed direct target-head label,True,False
1998-07-22,UIAA Masters - Serre Chevalier (FRA) 1998,IFSC,International other,Senior / Open,SHARED_BRIDGE_ONLY,valid shared-skill evidence without a governed direct target-head label,True,False
1998-07-31,UIAA Worldcup - Beauregard (ITA) 1998,IFSC,World series,Senior / Open,WC,direct adult World series/World championship evidence,True,False
1998-08-06,Top Rock Challenge - Valloire (FRA) 1998,IFSC,International other,Senior / Open,SHARED_BRIDGE_ONLY,valid shared-skill evidence without a governed direct target-head label,True,False
1998-08-13,Top Rock Challenge - Cortina d'Ampezzo (ITA) 1998,IFSC,International other,Senior / Open,SHARED_BRIDGE_ONLY,valid shared-skill evidence without a governed direct target-head label,True,False
1998-08-21,Top Rock Challenge - Crans Montana (SUI) 1998,IFSC,International other,Senior / Open,SHARED_BRIDGE_ONLY,valid shared-skill evidence without a governed direct target-head label,True,False
1998-08-27,Top Rock Challenge - Grenoble (FRA) 1998,IFSC,International other,Senior / Open,SHARED_BRIDGE_ONLY,valid shared-skill evidence without a governed direct target-head label,True,False
1998-08-29,7. Zürcher Unterländer Kletterwettkampf 98,SAC-CAS,Regional / local,Senior / Open,FED:SAC-CAS,direct federation-level evidence,True,False
1998-09-03,UIAA Worldcup - Courmayeur (ITA) 1998,IFSC,World series,Senior / Open,WC,direct adult World series/World championship evidence,True,False
1998-09-11,UIAA Masters - Rock Masters Arco (ITA) 1998,IFSC,International other,Senior / Open,SHARED_BRIDGE_ONLY,valid shared-skill evidence without a governed direct target-head label,True,False
1998-09-12,Swiss Cup Giubiasco 98,SAC-CAS,Regional / local,Senior / Open,FED:SAC-CAS,direct federation-level evidence,True,False
1998-09-12,Swiss Cup Giubiasco 98,SAC-CAS,Regional / local youth,Youth,FED:SAC-CAS:YOUTH,direct federation-level evidence,True,False
1998-09-25,Swiss Cup Schlieren 98,SAC-CAS,Regional / local,Senior / Open,FED:SAC-CAS,direct federation-level evidence,True,False
1998-09-25,Swiss Cup Schlieren 98,SAC-CAS,Regional / local youth,Youth,FED:SAC-CAS:YOUTH,direct federation-level evidence,True,False
1998-10-03,Schweizer-Meisterschaft MAGNET Niederwangen 98,SAC-CAS,Regional / local,Senior / Open,FED:SAC-CAS,direct federation-level evidence,True,False
1998-10-03,Schweizer-Meisterschaft MAGNET Niederwangen 98,SAC-CAS,Regional / local youth,Youth,FED:SAC-CAS:YOUTH,direct federation-level evidence,True,False
1998-10-08,UIAA Worldcup - Milan (ITA) 1998,IFSC,World series,Senior / Open,WC,direct adult World series/World championship evidence,True,False
1998-10-16,Swiss Cup Meiringen 98,SAC-CAS,Regional / local,Senior / Open,FED:SAC-CAS,direct federation-level evidence,True,False
1998-10-16,Swiss Cup Meiringen 98,SAC-CAS,Regional / local youth,Youth,FED:SAC-CAS:YOUTH,direct federation-level evidence,True,False
1998-10-30,European Youth Cup - Aix en Provence (FRA) 1998,IFSC,Continental series youth,Youth,IFSC_REG:EUROPE:YOUTH,direct IFSC regional/continental evidence,True,False
1998-11-13,UIAA Worldcup - Kranj (SLO) 1998,IFSC,World series,Senior / Open,WC,direct adult World series/World championship evidence,True,False
1998-11-13,"Boulderwettkampf, Adliswil 98",SAC-CAS,Regional / local,Senior / Open,FED:SAC-CAS,direct federation-level evidence,True,False
1999-02-13,Klettercup Diemtigtal,SAC-CAS,Regional / local,Senior / Open,FED:SAC-CAS,direct federation-level evidence,True,False
1999-02-13,Klettercup Diemtigtal,SAC-CAS,Regional / local youth,Youth,FED:SAC-CAS:YOUTH,direct federation-level evidence,True,False
1999-04-15,UIAA Worldcup - Wiener Neustadt (AUT) 1999,IFSC,World series,Senior / Open,WC,direct adult World series/World championship evidence,True,False
1999-04-23,Swiss Cup Chur 1999,SAC-CAS,Regional / local,Senior / Open,FED:SAC-CAS,direct federation-level evidence,True,False
1999-04-23,Swiss Cup Chur 1999,SAC-CAS,Regional / local youth,Youth,FED:SAC-CAS:YOUTH,direct federation-level evidence,True,False
1999-05-08,AGRS-Boulder Contest,SAC-CAS,Regional / local,Senior / Open,FED:SAC-CAS,direct federation-level evidence,True,False
1999-05-27,UIAA Worldcup - Leipzig (GER) 1999,IFSC,World series,Senior / Open,WC,direct adult World series/World championship evidence,True,False
1999-06-09,UIAA Worldcup - Besancon (FRA) 1999,IFSC,World series,Senior / Open,WC,direct adult World series/World championship evidence,True,False
1999-06-11,Gaswerk-Cup Schlieren,SAC-CAS,Regional / local,Senior / Open,FED:SAC-CAS,direct federation-level evidence,True,False
1999-06-11,Gaswerk-Cup Schlieren,SAC-CAS,Regional / local youth,Youth,FED:SAC-CAS:YOUTH,direct federation-level evidence,True,False
1999-07-02,UIAA Worldcup - Benasque (ESP) 1999,IFSC,World series,Senior / Open,WC,direct adult World series/World championship evidence,True,False
1999-07-09,European Youth Cup - Imst (AUT) 1999,IFSC,Continental series youth,Youth,IFSC_REG:EUROPE:YOUTH,direct IFSC regional/continental evidence,True,False
1999-07-10,UIAA Worldcup - Val d'Isere (FRA) 1999,IFSC,World series,Senior / Open,WC,direct adult World series/World championship evidence,True,False
1999-07-16,UIAA Worldcup - Chamonix (FRA) 1999,IFSC,World series,Senior / Open,WC,direct adult World series/World championship evidence,True,False
1999-07-21,UIAA Masters - Serre-Chevalier (FRA) 1999,IFSC,International other,Senior / Open,SHARED_BRIDGE_ONLY,valid shared-skill evidence without a governed direct target-head label,True,False
1999-07-23,UIAA Worldcup - Beauregard (ITA) 1999,IFSC,World series,Senior / Open,WC,direct adult World series/World championship evidence,True,False
1999-07-30,UIAA Worldcup - Bardonecchia (ITA) 1999,IFSC,World series,Senior / Open,WC,direct adult World series/World championship evidence,True,False
1999-08-12,UIAA Worldcup - Cortina (ITA) 1999,IFSC,World series,Senior / Open,WC,direct adult World series/World championship evidence,True,False
1999-08-13,European Youth Cup - Bern (SUI) 1999,IFSC,Continental series youth,Youth,IFSC_REG:EUROPE:YOUTH,direct IFSC regional/continental evidence,True,False
1999-08-27,UIAA Worldcup - Grenoble (FRA) 1999,IFSC,World series,Senior / Open,WC,direct adult World series/World championship evidence,True,False
1999-08-28,Schweizer Meisterschaft Chiasso 99,SAC-CAS,Regional / local,Senior / Open,FED:SAC-CAS,direct federation-level evidence,True,False
1999-08-28,Schweizer Meisterschaft Chiasso 99,SAC-CAS,Regional / local youth,Youth,FED:SAC-CAS:YOUTH,direct federation-level evidence,True,False
1999-09-02,UIAA Youth Worldchampionship - Courmayeur (ITA) 1999,IFSC,World major youth,Youth,IFSC_WORLD_YOUTH,"direct Youth World evidence; transition context, not adult WC evidence",True,False
1999-09-04,Zürcher Unterländer Regionalwettkampf,SAC-CAS,Regional / local,Senior / Open,FED:SAC-CAS,direct federation-level evidence,True,False
1999-09-09,Int. Event - Arco Rock Master (ITA) 1999,IFSC,International other,Senior / Open,SHARED_BRIDGE_ONLY,valid shared-skill evidence without a governed direct target-head label,True,False
1999-09-10,Aranea-Open Regionalwettkampf,SAC-CAS,Regional / local,Senior / Open,FED:SAC-CAS,direct federation-level evidence,True,False
1999-10-01,Swiss Cup Schlieren 99,SAC-CAS,Regional / local,Senior / Open,FED:SAC-CAS,direct federation-level evidence,True,False
1999-10-01,Swiss Cup Schlieren 99,SAC-CAS,Regional / local youth,Youth,FED:SAC-CAS:YOUTH,direct federation-level evidence,True,False
1999-10-15,European Youth Cup - Albertville (FRA) 1999,IFSC,Continental series youth,Youth,IFSC_REG:EUROPE:YOUTH,direct IFSC regional/continental evidence,True,False
1999-10-22,Swiss Cup Meiringen 99,SAC-CAS,Regional / local,Senior / Open,FED:SAC-CAS,direct federation-level evidence,True,False
1999-10-22,Swiss Cup Meiringen 99,SAC-CAS,Regional / local youth,Youth,FED:SAC-CAS:YOUTH,direct federation-level evidence,True,False
1999-10-29,Jugend- und Junioren-Cup Langnau 99,SAC-CAS,Regional / local,Youth,FED:SAC-CAS:YOUTH,direct federation-level evidence,True,False
1999-11-11,UIAA Worldcup - Kranj (SLO) 1999,IFSC,World series,Senior / Open,WC,direct adult World series/World championship evidence,True,False
1999-11-14,Bouldercup Adliswil 15.11.99,SAC-CAS,Regional / local,Senior / Open,FED:SAC-CAS,direct federation-level evidence,True,False
1999-11-20,Swisscup-Finale Bern 99,SAC-CAS,Regional / local,Senior / Open,FED:SAC-CAS,direct federation-level evidence,True,False
1999-11-20,Swisscup-Finale Bern 99,SAC-CAS,Regional / local youth,Youth,FED:SAC-CAS:YOUTH,direct federation-level evidence,True,False
1999-11-26,EuropeanYouth Cup - Amsterdam (NED) 1999,IFSC,Continental series youth,Youth,IFSC_REG:EUROPE:YOUTH,direct IFSC regional/continental evidence,True,False
1999-12-02,UIAA World Championship - Birmingham (GBR) 1999,IFSC,World major,Senior / Open,WC,direct adult World series/World championship evidence,True,False
1999-12-06,Int. Event - Sheffield (GBR) 1999,IFSC,International other,Senior / Open,SHARED_BRIDGE_ONLY,valid shared-skill evidence without a governed direct target-head label,True,False
2000-04-07,Swiss Cup - Genf 2000,SAC-CAS,Regional / local,Senior / Open,FED:SAC-CAS,direct federation-level evidence,True,False
2000-04-07,Swiss Cup - Genf 2000,SAC-CAS,Regional / local youth,Youth,FED:SAC-CAS:YOUTH,direct federation-level evidence,True,False
2000-05-26,UIAA Worldcup - Konitsa (GRE) 2000,IFSC,World series,Senior / Open,WC,direct adult World series/World championship evidence,True,False
2000-05-31,UIAA Worldcup - Millau (FRA) 2000,IFSC,World series,Senior / Open,WC,direct adult World series/World championship evidence,True,False
2000-06-02,European Youth Cup - Imst (AUT) 2000,IFSC,Continental series youth,Youth,IFSC_REG:EUROPE:YOUTH,direct IFSC regional/continental evidence,True,False
2000-07-11,UIAA Worldcup - Chamonix (FRA) 2000,IFSC,World series,Senior / Open,WC,direct adult World series/World championship evidence,True,False
2000-07-16,Masters - Serre Chevalier (FRA) 2000,IFSC,International other youth,Youth,SHARED_BRIDGE_ONLY,valid shared-skill evidence without a governed direct target-head label,True,False
2000-07-19,Int. Event - Serre Chevalier (FRA) 2000,IFSC,International other,Senior / Open,SHARED_BRIDGE_ONLY,valid shared-skill evidence without a governed direct target-head label,True,False
2000-07-21,UIAA Worldcup - Beauregard (ITA) 2000,IFSC,World series,Senior / Open,WC,direct adult World series/World championship evidence,True,False
2000-07-24,Int. Event - L'Argentiere (FRA) 2000,IFSC,International other,Senior / Open,SHARED_BRIDGE_ONLY,valid shared-skill evidence without a governed direct target-head label,True,False
2000-08-03,UIAA Worldcup - München (GER) 2000,IFSC,World series,Senior / Open,WC,direct adult World series/World championship evidence,True,False
2000-08-31,UIAA World Youth Championship - Amsterdam (NED) 2000,IFSC,International other youth,Youth,SHARED_BRIDGE_ONLY,valid shared-skill evidence without a governed direct target-head label,True,False
2000-08-31,UIAA Worldcup - Grenoble (FRA) 2000,IFSC,World series,Senior / Open,WC,direct adult World series/World championship evidence,True,False
2000-09-08,Int. Event - Rock Master Arco (ITA) 2000,IFSC,International other,Senior / Open,SHARED_BRIDGE_ONLY,valid shared-skill evidence without a governed direct target-head label,True,False
2000-09-08,Swiss Cup - Meiringen 2000,SAC-CAS,Regional / local,Senior / Open,FED:SAC-CAS,direct federation-level evidence,True,False
2000-09-08,Swiss Cup - Meiringen 2000,SAC-CAS,Regional / local youth,Youth,FED:SAC-CAS:YOUTH,direct federation-level evidence,True,False
2000-09-15,UIAA Worldcup - Rovereto (ITA) 2000,IFSC,World series,Senior / Open,WC,direct adult World series/World championship evidence,True,False
2000-09-15,Schweizer Meisterschaft - Schlieren 2000,SAC-CAS,Regional / local,Senior / Open,FED:SAC-CAS,direct federation-level evidence,True,False
2000-09-15,Schweizer Meisterschaft - Schlieren 2000,SAC-CAS,Regional / local youth,Youth,FED:SAC-CAS:YOUTH,direct federation-level evidence,True,False
2000-09-22,UIAA Worldcup - Lecco (ITA) 2000,IFSC,World series,Senior / Open,WC,direct adult World series/World championship evidence,True,False
2000-09-28,UIAA Worldcup - Courmayeur (ITA) 2000,IFSC,World series,Senior / Open,WC,direct adult World series/World championship evidence,True,False
2000-10-06,UIAA European Championship - München (GER) 2000,IFSC,Continental championship,Senior / Open,IFSC_REG:EUROPE,direct IFSC regional/continental evidence,True,False
2000-10-07,Swiss Cup Jugend - Freiburg 2000,SAC-CAS,Regional / local,Senior / Open,FED:SAC-CAS,direct federation-level evidence,True,False
2000-10-07,Swiss Cup Jugend - Freiburg 2000,SAC-CAS,Regional / local youth,Youth,FED:SAC-CAS:YOUTH,direct federation-level evidence,True,False
2000-10-13,1. Int. SALEWA Masters - Scheidegg 2000,IFSC,International other,Senior / Open,SHARED_BRIDGE_ONLY,valid shared-skill evidence without a governed direct target-head label,True,False
2000-10-27,European Youth Cup - L'Aprica (ITA) 2000,IFSC,Continental series youth,Youth,IFSC_REG:EUROPE:YOUTH,direct IFSC regional/continental evidence,True,False
2000-11-01,UIAA Worldcup - Nantes (FRA) 2000,IFSC,World series,Senior / Open,WC,direct adult World series/World championship evidence,True,False
2000-11-10,Swiss Cup Boulder - Adliswil 2000,SAC-CAS,Regional / local,Senior / Open,FED:SAC-CAS,direct federation-level evidence,True,False
2000-11-10,Swiss Cup Boulder - Adliswil 2000,SAC-CAS,Regional / local youth,Youth,FED:SAC-CAS:YOUTH,direct federation-level evidence,True,False
2000-11-16,UIAA Worldcup - Kranj (SLO) 2000,IFSC,World series,Senior / Open,WC,direct adult World series/World championship evidence,True,False
2000-11-23,UIAA Asian Championship - Kuala Lumpur (MAS) 2000,IFSC,Continental championship,Senior / Open,IFSC_REG:ASIA,direct IFSC regional/continental evidence,True,False
2000-12-01,European Youth Cup - Kranj (SLO) 2000,IFSC,Continental series youth,Youth,IFSC_REG:EUROPE:YOUTH,direct IFSC regional/continental evidence,True,False
2001-02-02,North American Youth Championship - Berkeley (USA) 2001,IFSC,International other youth,Youth,SHARED_BRIDGE_ONLY,valid shared-skill evidence without a governed direct target-head label,True,False
2001-03-16,Reg. Event - Nordic Championship - Malmö (SWE) 2001,IFSC,International other,Senior / Open,SHARED_BRIDGE_ONLY,valid shared-skill evidence without a governed direct target-head label,True,False
2001-03-28,European Youth Cup Speed - Apatity (RUS) 2001,IFSC,Continental series youth,Youth,IFSC_REG:EUROPE:YOUTH,direct IFSC regional/continental evidence,True,False
2001-03-30,European Youth Cup - Apatity (RUS) 2001,IFSC,Continental series youth,Youth,IFSC_REG:EUROPE:YOUTH,direct IFSC regional/continental evidence,True,False
2001-04-06,European Youth Cup - Trieste (ITA) 2001,IFSC,Continental series youth,Youth,IFSC_REG:EUROPE:YOUTH,direct IFSC regional/continental evidence,True,False
2001-05-12,SWISS CUP - Genf/GE 2001,SAC-CAS,Regional / local,Senior / Open,FED:SAC-CAS,direct federation-level evidence,True,False
2001-05-12,SWISS CUP - Genf/GE 2001,SAC-CAS,Regional / local youth,Youth,FED:SAC-CAS:YOUTH,direct federation-level evidence,True,False
2001-05-20,Swiss Cup Jugend - Chur/GR 2001,SAC-CAS,Regional / local,Senior / Open,FED:SAC-CAS,direct federation-level evidence,True,False
2001-05-20,Swiss Cup Jugend - Chur/GR 2001,SAC-CAS,Regional / local youth,Youth,FED:SAC-CAS:YOUTH,direct federation-level evidence,True,False
2001-06-15,European Youth Cup - Imst (AUT) 2001,IFSC,Continental series youth,Youth,IFSC_REG:EUROPE:YOUTH,direct IFSC regional/continental evidence,True,False
2001-06-21,UIAA Youth World Championship - Imst(AUT) 2001,IFSC,World major youth,Youth,IFSC_WORLD_YOUTH,"direct Youth World evidence; transition context, not adult WC evidence",True,False
2001-06-21,UIAA Youth World Championship SPEED - Imst (AUT) 2001,IFSC,World major youth,Youth,IFSC_WORLD_YOUTH,"direct Youth World evidence; transition context, not adult WC evidence",True,False
2001-06-29,European Youth Cup - Arco (ITA) 2001,IFSC,Continental series youth,Youth,IFSC_REG:EUROPE:YOUTH,direct IFSC regional/continental evidence,True,False
2001-06-29,UIAA Worldcup - GAP (FRA) 2001,IFSC,World series,Senior / Open,WC,direct adult World series/World championship evidence,True,False
2001-07-11,UIAA Worldcup - Chamonix (FRA) 2001,IFSC,World series,Senior / Open,WC,direct adult World series/World championship evidence,True,False
2001-07-19,Int. Event - Serre Chevalier (FRA) 2001,IFSC,International other,Senior / Open,SHARED_BRIDGE_ONLY,valid shared-skill evidence without a governed direct target-head label,True,False
2001-07-21,UIAA Worldcup - Munich (GER ) 2001,IFSC,World series,Senior / Open,WC,direct adult World series/World championship evidence,True,False
2001-07-26,Int. Event - L'Argentiere (FRA) 2001,IFSC,International other,Senior / Open,SHARED_BRIDGE_ONLY,valid shared-skill evidence without a governed direct target-head label,True,False
2001-08-25,Schweizer Meisterschaft Difficulty - Meiringen/BE 2001,SAC-CAS,Regional / local,Senior / Open,FED:SAC-CAS,direct federation-level evidence,True,False
2001-08-25,Schweizer Meisterschaft Difficulty - Meiringen/BE 2001,SAC-CAS,Regional / local youth,Youth,FED:SAC-CAS:YOUTH,direct federation-level evidence,True,False
2001-08-31,UIAA Worldcup - Rovereto (ITA) 2001,IFSC,World series,Senior / Open,WC,direct adult World series/World championship evidence,True,False
2001-09-05,UIAA World Championship - Winterthur (SUI) 2001,IFSC,World major,Senior / Open,WC,direct adult World series/World championship evidence,True,False
2001-09-13,1st UIAA ASIAN CUP - Kunming (CHN),IFSC,Continental series,Senior / Open,IFSC_REG:ASIA,direct IFSC regional/continental evidence,True,False
2001-09-14,Int. Event - Rock Master Arco (ITA) 2001,IFSC,International other,Senior / Open,SHARED_BRIDGE_ONLY,valid shared-skill evidence without a governed direct target-head label,True,False
2001-09-15,SWISS CUP Finale - Schlieren/ZH 2001,SAC-CAS,Regional / local,Senior / Open,FED:SAC-CAS,direct federation-level evidence,True,False
2001-09-15,SWISS CUP Finale - Schlieren/ZH 2001,SAC-CAS,Regional / local youth,Youth,FED:SAC-CAS:YOUTH,direct federation-level evidence,True,False
2001-09-21,UIAA Worldcup - Lecco (ITA) 2001,IFSC,World series,Senior / Open,WC,direct adult World series/World championship evidence,True,False
2001-10-05,Int. Event - Blocmaster Grenoble (FRA) 2001,IFSC,International other,Senior / Open,SHARED_BRIDGE_ONLY,valid shared-skill evidence without a governed direct target-head label,True,False
2001-10-12,European Youth Cup - Aprica (ITA) 2001,IFSC,Continental series youth,Youth,IFSC_REG:EUROPE:YOUTH,direct IFSC regional/continental evidence,True,False
2001-10-13,2. Int. SALEWA Masters - Scheidegg (GER) 2001,IFSC,International other,Senior / Open,SHARED_BRIDGE_ONLY,valid shared-skill evidence without a governed direct target-head label,True,False
2001-10-18,UIAA Worldcup - Aprica (ITA) 2001,IFSC,World series,Senior / Open,WC,direct adult World series/World championship evidence,True,False
2001-11-02,UIAA Worldcup - Kuala Lumpur (MAS) 2001,IFSC,World series,Senior / Open,WC,direct adult World series/World championship evidence,True,False
2001-11-16,UIAA Worldcup - Kranj (SLO) 2001,IFSC,World series,Senior / Open,WC,direct adult World series/World championship evidence,True,False
2001-11-23,Asian Bouldering Championship - Taipei (TPE) 2001,IFSC,Continental championship,Senior / Open,IFSC_REG:ASIA,direct IFSC regional/continental evidence,True,False
2001-12-06,UIAA Worldcup - Birmingham (GBR) 2001,IFSC,World series,Senior / Open,WC,direct adult World series/World championship evidence,True,False
2001-12-07,European Youth Cup - Birmingham (GBR) 2001,IFSC,Continental series youth,Youth,IFSC_REG:EUROPE:YOUTH,direct IFSC regional/continental evidence,True,False
2002-04-06,Maverick Climbing Cup Bouldern - Schaffhausen / SH,SAC-CAS,Regional / local,Senior / Open,FED:SAC-CAS,direct federation-level evidence,True,False
2002-04-06,Maverick Climbing Cup Bouldern - Schaffhausen / SH,SAC-CAS,Regional / local youth,Youth,FED:SAC-CAS:YOUTH,direct federation-level evidence,True,False
2002-04-12,Maverick Climbing Cup Bouldern - Winterthur / ZH,SAC-CAS,Regional / local,Senior / Open,FED:SAC-CAS,direct federation-level evidence,True,False
2002-04-12,Maverick Climbing Cup Bouldern - Winterthur / ZH,SAC-CAS,Regional / local youth,Youth,FED:SAC-CAS:YOUTH,direct federation-level evidence,True,False
2002-04-20,Int. Event - Klimax Goldfinger - Puurs (BEL) 2002,IFSC,International other,Senior / Open,SHARED_BRIDGE_ONLY,valid shared-skill evidence without a governed direct target-head label,True,False
2002-04-20,Schweizermeisterschaft Bouldern - Genf / GE 2002,SAC-CAS,National championship,Senior / Open,FED:SAC-CAS,direct federation-level evidence,True,False
2002-04-20,Schweizermeisterschaft Bouldern - Genf / GE 2002,SAC-CAS,National championship youth,Youth,FED:SAC-CAS:YOUTH,direct federation-level evidence,True,False
2002-04-26,UIAA Worldcup - Bolzano (ITA) 2002,IFSC,World series,Senior / Open,WC,direct adult World series/World championship evidence,True,False
2002-05-05,Schweizer Meisterschaft Speed - Luzern / LU 2002,SAC-CAS,Regional / local,Youth,FED:SAC-CAS:YOUTH,direct federation-level evidence,True,False
2002-05-05,Schweizer Meisterschaft Speed - Luzern / LU 2002,SAC-CAS,Regional / local youth,Youth,FED:SAC-CAS:YOUTH,direct federation-level evidence,True,False
2002-05-17,UIAA Worldcup - Yekaterinburg (RUS) 2002 - Red Cards withdrawn,IFSC,World series,Senior / Open,WC,direct adult World series/World championship evidence,True,False
2002-05-22,2. UIAA Worldcup - Yekaterinburg (RUS) 2002,IFSC,World series,Senior / Open,WC,direct adult World series/World championship evidence,True,False
2002-05-25,3. UIAA Worldcup - Yekaterinburg (RUS) 2002,IFSC,World series,Senior / Open,WC,direct adult World series/World championship evidence,True,False
2002-06-06,UIAA Worldcup - Imst (AUT) 2002,IFSC,World series,Senior / Open,WC,direct adult World series/World championship evidence,True,False
2002-06-13,UIAA Worldcup - Fiera di Primiero (ITA) 2002,IFSC,World series,Senior / Open,WC,direct adult World series/World championship evidence,True,False
2002-06-14,European Youth Cup - Imst (AUT) 2002,IFSC,Continental series youth,Youth,IFSC_REG:EUROPE:YOUTH,direct IFSC regional/continental evidence,True,False
2002-06-21,European Youth Cup - Arco (ITA) 2002,IFSC,Continental series youth,Youth,IFSC_REG:EUROPE:YOUTH,direct IFSC regional/continental evidence,True,False
2002-06-24,UIAA Worldcup - Lecco (ITA) 2002 - speed,IFSC,World series,Senior / Open,WC,direct adult World series/World championship evidence,True,False
2002-06-25,UIAA Worldcup - Lecco (ITA) 2002 - boulder,IFSC,World series,Senior / Open,WC,direct adult World series/World championship evidence,True,False
2002-06-28,UIAA Worldcup - Lecco (ITA) 2002 - difficulty,IFSC,World series,Senior / Open,WC,direct adult World series/World championship evidence,True,False
2002-07-11,UIAA European Championship - Chamonix (FRA) 2002,IFSC,Continental championship,Senior / Open,IFSC_REG:EUROPE,direct IFSC regional/continental evidence,True,False
2002-07-18,Int. Event - Serre Chevalier (FRA) 2002,IFSC,International other,Senior / Open,SHARED_BRIDGE_ONLY,valid shared-skill evidence without a governed direct target-head label,True,False
2002-07-25,Int. Event - L'Argentière (FRA) 2002,IFSC,International other,Senior / Open,SHARED_BRIDGE_ONLY,valid shared-skill evidence without a governed direct target-head label,True,False
2002-07-28,Int. Event - Speed Rock - Daone (ITA),IFSC,International other,Senior / Open,SHARED_BRIDGE_ONLY,valid shared-skill evidence without a governed direct target-head label,True,False
2002-08-23,UIAA Worldcup - Singapore (SIN) 2002,IFSC,World series,Senior / Open,WC,direct adult World series/World championship evidence,True,False
2002-09-06,Int. Event - Arco Rockmaster (ITA) 2002,IFSC,International other,Senior / Open,SHARED_BRIDGE_ONLY,valid shared-skill evidence without a governed direct target-head label,True,False
2002-09-13,UIAA Worldcup - Rovereto (ITA) 2002,IFSC,World series,Senior / Open,WC,direct adult World series/World championship evidence,True,False
2002-09-14,Maverick Climbing Cup Difficulty - Schlieren / ZH,SAC-CAS,Regional / local,Senior / Open,FED:SAC-CAS,direct federation-level evidence,True,False
2002-09-14,Maverick Climbing Cup Difficulty - Schlieren / ZH,SAC-CAS,Regional / local youth,Youth,FED:SAC-CAS:YOUTH,direct federation-level evidence,True,False
2002-09-26,UIAA Youth World Championship Speed - Canteleu (FRA) 2002,IFSC,World major youth,Youth,IFSC_WORLD_YOUTH,"direct Youth World evidence; transition context, not adult WC evidence",True,False
2002-09-27,UIAA World Youth Championship - Canteleu (FRA) 2002,IFSC,International other youth,Youth,SHARED_BRIDGE_ONLY,valid shared-skill evidence without a governed direct target-head label,True,False
2002-10-11,UIAA Asian Championship - Toyama (JPN) 2002,IFSC,Continental championship,Senior / Open,IFSC_REG:ASIA,direct IFSC regional/continental evidence,True,False
2002-10-17,UIAA Worldcup - Aprica (ITA) 2002,IFSC,World series,Senior / Open,WC,direct adult World series/World championship evidence,True,False
2002-11-08,European Youth Cup - Veliko Tarnovo (BUL) 2002,IFSC,Continental series youth,Youth,IFSC_REG:EUROPE:YOUTH,direct IFSC regional/continental evidence,True,False
2002-11-15,UIAA Worldcup - Kranj (SLO) 2002,IFSC,World series,Senior / Open,WC,direct adult World series/World championship evidence,True,False
2002-11-22,European Youth Cup - Kranj (SLO) 2002,IFSC,Continental series youth,Youth,IFSC_REG:EUROPE:YOUTH,direct IFSC regional/continental evidence,True,False
2002-11-30,Schweizermeisterschaft Difficulty - Niederwangen / BE 2002,SAC-CAS,National championship,Senior / Open,FED:SAC-CAS,direct federation-level evidence,True,False
2002-11-30,Schweizermeisterschaft Difficulty - Niederwangen / BE 2002,SAC-CAS,National championship youth,Youth,FED:SAC-CAS:YOUTH,direct federation-level evidence,True,False
2002-12-06,Int. Event - Schengzheng (CHN) 2002,IFSC,International other,Senior / Open,SHARED_BRIDGE_ONLY,valid shared-skill evidence without a governed direct target-head label,True,False
2002-12-20,Asian Youth Championship - Malaysia 2002,IFSC,Continental championship youth,Youth,IFSC_REG:ASIA:YOUTH,direct IFSC regional/continental evidence,True,False
2003-03-14,Int. Event - Birmingham (GBR) 2003,IFSC,International other,Senior / Open,SHARED_BRIDGE_ONLY,valid shared-skill evidence without a governed direct target-head label,True,False
2003-03-29,Schweizermeisterschaft Bouldern - Genf (GE),SAC-CAS,National championship,Senior / Open,FED:SAC-CAS,direct federation-level evidence,True,False
2003-05-02,Nordic Championships - Oslo (NOR) 2003,IFSC,International other,Senior / Open,SHARED_BRIDGE_ONLY,valid shared-skill evidence without a governed direct target-head label,True,False
2003-05-10,Youth Climbing Cup Difficulty - Winterthur (ZH),SAC-CAS,Regional / local,Youth,FED:SAC-CAS:YOUTH,direct federation-level evidence,True,False
2003-05-16,European Youth Cup - Imst (AUT) 2003,IFSC,Continental series youth,Youth,IFSC_REG:EUROPE:YOUTH,direct IFSC regional/continental evidence,True,False
2003-05-22,UIAA Worldcup - Imst (AUT) 2003,IFSC,World series,Senior / Open,WC,direct adult World series/World championship evidence,True,False
2003-05-30,European Youth Cup - Arco (ITA) 2003,IFSC,Continental series youth,Youth,IFSC_REG:EUROPE:YOUTH,direct IFSC regional/continental evidence,True,False
2003-05-30,UIAA Worldcup - Yekaterinburg (RUS) 2003 (B+S),IFSC,World series,Senior / Open,WC,direct adult World series/World championship evidence,True,False
2003-06-04,UIAA Worldcup - Yekaterinburg (RUS) 2003 (S),IFSC,World series,Senior / Open,WC,direct adult World series/World championship evidence,True,False
2003-06-06,UIAA Worldcup - Yekaterinburg (RUS) 2003 (D+S),IFSC,World series,Senior / Open,WC,direct adult World series/World championship evidence,True,False
2003-06-13,UIAA Worldcup - Fiera di Primiero (ITA) 2003,IFSC,World series,Senior / Open,WC,direct adult World series/World championship evidence,True,False
2003-06-23,UIAA Worldcup - Lecco (ITA) 2003 (speed),IFSC,World series,Senior / Open,WC,direct adult World series/World championship evidence,True,False
2003-06-24,UIAA Worldcup - Lecco (ITA) 2003 (boulder),IFSC,World series,Senior / Open,WC,direct adult World series/World championship evidence,True,False
2003-06-27,UIAA Worldcup - Lecco (ITA) 2003 (difficulty),IFSC,World series,Senior / Open,WC,direct adult World series/World championship evidence,True,False
2003-07-04,"Int. Event - Master/Event of Daroca, Zaragosa (ESP) 2003",IFSC,International other,Senior / Open,SHARED_BRIDGE_ONLY,valid shared-skill evidence without a governed direct target-head label,True,False
2003-07-09,UIAA Worldchampionship - Chamonix (FRA) 2003,IFSC,World major,Senior / Open,WC,direct adult World series/World championship evidence,True,False
2003-07-17,Int. Event - Serre Chevalier (FRA) 2003,IFSC,International other,Senior / Open,SHARED_BRIDGE_ONLY,valid shared-skill evidence without a governed direct target-head label,True,False
2003-07-24,UIAA Worldcup - L'Argentière (FRA) 2003,IFSC,World series,Senior / Open,WC,direct adult World series/World championship evidence,True,False
2003-07-25,UIAA Worldcup - Val Daone (ITA) 2003,IFSC,World series,Senior / Open,WC,direct adult World series/World championship evidence,True,False
2003-08-21,UIAA Worldcup - Aviles (ESP) 2003,IFSC,World series,Senior / Open,WC,direct adult World series/World championship evidence,True,False
2003-08-28,Int. Event - Boulder Masters Grenoble (FRA) 2003,IFSC,International other,Senior / Open,SHARED_BRIDGE_ONLY,valid shared-skill evidence without a governed direct target-head label,True,False
2003-08-30,Maverick Climbing Cup Difficulty - Thun (BE),SAC-CAS,Regional / local,Senior / Open,FED:SAC-CAS,direct federation-level evidence,True,False
2003-09-06,Youth Climbing Cup Difficulty - Bülach (ZH),SAC-CAS,Regional / local,Youth,FED:SAC-CAS:YOUTH,direct federation-level evidence,True,False
2003-09-11,UIAA Worldcup - Rovereto (ITA) 2003,IFSC,World series,Senior / Open,WC,direct adult World series/World championship evidence,True,False
2003-09-12,European Youth Cup - Niederwangen (SUI) 2003,IFSC,Continental series youth,Youth,IFSC_REG:EUROPE:YOUTH,direct IFSC regional/continental evidence,True,False
2003-09-18,Int. Event - La Colmiane (FRA) 2003,IFSC,International other,Senior / Open,SHARED_BRIDGE_ONLY,valid shared-skill evidence without a governed direct target-head label,True,False
2003-09-19,Youth Worldchampionship - Veliko Tarnovo (BUL) 2003,IFSC,World major youth,Youth,IFSC_WORLD_YOUTH,"direct Youth World evidence; transition context, not adult WC evidence",True,False
2003-09-26,Int. Event - Arco Rockmaster (ITA) 2003,IFSC,International other,Senior / Open,SHARED_BRIDGE_ONLY,valid shared-skill evidence without a governed direct target-head label,True,False
2003-09-27,Schweizer Meisterschaft / Maverick Climbing Cup Speed - Lausanne 2003,SAC-CAS,Regional / local,Senior / Open,FED:SAC-CAS,direct federation-level evidence,True,False
2003-09-27,Schweizer Meisterschaft / Youth Climbing Cup Speed - Lausanne 2003,SAC-CAS,Regional / local,Youth,FED:SAC-CAS:YOUTH,direct federation-level evidence,True,False
2003-10-02,UIAA Worldcup - Aprica (ITA) 2003,IFSC,World series,Senior / Open,WC,direct adult World series/World championship evidence,True,False
2003-10-10,UIAA Worldcup - Prague (CZE) 2003,IFSC,World series,Senior / Open,WC,direct adult World series/World championship evidence,True,False
2003-10-25,Schweizermeisterschaft / Maverick Climbing Cup Difficulty - Schlieren (ZH),SAC-CAS,National championship,Senior / Open,FED:SAC-CAS,direct federation-level evidence,True,False
2003-10-25,Schweizermeisterschaft / Youth Climbing Cup Diffculty - Schlieren (ZH),SAC-CAS,National championship,Youth,FED:SAC-CAS:YOUTH,direct federation-level evidence,True,False
2003-10-30,UIAA Worldcup - Valence (FRA) 2003,IFSC,World series,Senior / Open,WC,direct adult World series/World championship evidence,True,False
2003-11-14,UIAA Worldcup - Kranj (SLO) 2003,IFSC,World series,Senior / Open,WC,direct adult World series/World championship evidence,True,False
2003-11-21,UIAA Worldcup - Shenzen (CHN) 2003,IFSC,World series,Senior / Open,WC,direct adult World series/World championship evidence,True,False
2003-11-22,European Youth Cup - Kranj (SLO) 2003,IFSC,Continental series youth,Youth,IFSC_REG:EUROPE:YOUTH,direct IFSC regional/continental evidence,True,False
2003-11-29,Maverick Climbing Cup Difficulty - Niederwangen (BE),SAC-CAS,Regional / local,Senior / Open,FED:SAC-CAS,direct federation-level evidence,True,False
2003-12-04,UIAA Worldcup - Edinburgh (GBR) 2003,IFSC,World series,Senior / Open,WC,direct adult World series/World championship evidence,True,False
2003-12-13,Schweizermeisterschaft (nur Elite) / Maverick Climbing Cup Bouldern - Schaffhausen (SH),SAC-CAS,National championship,Senior / Open,FED:SAC-CAS,direct federation-level evidence,True,False
2004-02-27,UIAA Nordic Championship Bouldering (NOR) 2004,IFSC,International other,Senior / Open,SHARED_BRIDGE_ONLY,valid shared-skill evidence without a governed direct target-head label,True,False
2004-03-06,Youth Climbing Cup Difficulty - Schlieren 2004,SAC-CAS,Regional / local,Youth,FED:SAC-CAS:YOUTH,direct federation-level evidence,True,False
2004-03-20,Youth Climbing Cup Difficulty - Winterthur 2004,SAC-CAS,Regional / local,Youth,FED:SAC-CAS:YOUTH,direct federation-level evidence,True,False
2004-04-02,European Youth Cup - Geneva (SUI) 2004,IFSC,Continental series youth,Youth,IFSC_REG:EUROPE:YOUTH,direct IFSC regional/continental evidence,True,False
2004-04-02,UIAA Worldcup - Birmingham (GBR) 2004,IFSC,World series,Senior / Open,WC,direct adult World series/World championship evidence,True,False
2004-04-15,UIAA Worldcup - Erlangen (GER) 2004,IFSC,World series,Senior / Open,WC,direct adult World series/World championship evidence,True,False
2004-04-23,UIAA Worldcup - Puurs (BEL) 2004,IFSC,World series,Senior / Open,WC,direct adult World series/World championship evidence,True,False
2004-05-14,European Youth Cup - Imst (AUT) 2004,IFSC,Continental series youth,Youth,IFSC_REG:EUROPE:YOUTH,direct IFSC regional/continental evidence,True,False
2004-05-28,UIAA Worldcup - Imst (AUT) 2004,IFSC,World series,Senior / Open,WC,direct adult World series/World championship evidence,True,False
2004-06-05,C-MAX Climbing Cup & Schweizer Meisterschaft Bouldern - Leysin 2004,SAC-CAS,Regional / local,Senior / Open,FED:SAC-CAS,direct federation-level evidence,True,False
2004-06-05,Youth Climbing Cup & Schweizer Meisterschaft Bouldern - Leysin 2004,SAC-CAS,Regional / local,Youth,FED:SAC-CAS:YOUTH,direct federation-level evidence,True,False
2004-06-18,UIAA Worldcup - Fiera di Primiero (ITA) 2004,IFSC,World series,Senior / Open,WC,direct adult World series/World championship evidence,True,False
2004-06-21,UIAA European Championship - Lecco (ITA) 2004,IFSC,Continental championship,Senior / Open,IFSC_REG:EUROPE,direct IFSC regional/continental evidence,True,False
2004-07-11,UIAA Worldcup - Chamonix (FRA) 2004,IFSC,World series,Senior / Open,WC,direct adult World series/World championship evidence,True,False
2004-07-16,UIAA Worldcup - Val Daone (ITA) 2004,IFSC,World series,Senior / Open,WC,direct adult World series/World championship evidence,True,False
2004-07-22,Int. Event - OutDoor Climbing Events 2004 - Friedrichshafen (GER) 2004,IFSC,International other,Senior / Open,SHARED_BRIDGE_ONLY,valid shared-skill evidence without a governed direct target-head label,True,False
2004-07-28,UIAA Worldcup - L'Argentière La Bessée (FRA) 2004,IFSC,World series,Senior / Open,WC,direct adult World series/World championship evidence,True,False
2004-08-19,European Youth Cup + Festival - Veliko Tarnovo (BUL) 2004,IFSC,Continental series youth,Youth,IFSC_REG:EUROPE:YOUTH,direct IFSC regional/continental evidence,True,False
2004-08-19,UIAA Worldcup - Bardonecchia (ITA) 2004,IFSC,World series,Senior / Open,WC,direct adult World series/World championship evidence,True,False
2004-08-28,Youth Climbing Cup & Schweizer Meisterschaft Speed - Sumiswald 2004,SAC-CAS,Regional / local,Youth,FED:SAC-CAS:YOUTH,direct federation-level evidence,True,False
2004-08-29,C-MAX Climbing Cup Difficulty - Meiringen 2004,SAC-CAS,Regional / local,Senior / Open,FED:SAC-CAS,direct federation-level evidence,True,False
2004-09-03,Int. Event - Rockmaster Arco (ITA) 2004,IFSC,International other,Senior / Open,SHARED_BRIDGE_ONLY,valid shared-skill evidence without a governed direct target-head label,True,False
2004-09-05,C-MAX Climbing Cup Bouldern - Bellinzona 2004,SAC-CAS,Regional / local,Senior / Open,FED:SAC-CAS,direct federation-level evidence,True,False
2004-09-10,UIAA World Youth Championship - Edinburgh (GBR) 2004,IFSC,International other youth,Youth,SHARED_BRIDGE_ONLY,valid shared-skill evidence without a governed direct target-head label,True,False
2004-09-17,UIAA Worldcup - Marbella (ESP) 2004,IFSC,World series,Senior / Open,WC,direct adult World series/World championship evidence,True,False
2004-09-24,UIAA Worldcup - Huzou (CHN) 2004,IFSC,World series,Senior / Open,WC,direct adult World series/World championship evidence,True,False
2004-09-25,C-MAX Climbing Cup Difficulty - Niederwangen 2004,SAC-CAS,Regional / local,Senior / Open,FED:SAC-CAS,direct federation-level evidence,True,False
2004-10-01,UIAA Worldcup - Shanghai (CHN) 2004,IFSC,World series,Senior / Open,WC,direct adult World series/World championship evidence,True,False
2004-10-21,UIAA Worldcup - Aprica (ITA) 2004,IFSC,World series,Senior / Open,WC,direct adult World series/World championship evidence,True,False
2004-10-28,UIAA Worldcup - Valence (FRA) 2004,IFSC,World series,Senior / Open,WC,direct adult World series/World championship evidence,True,False
2004-10-29,UIAA Asian Championship - Jeolla Nam Do (KOR) 2004,IFSC,Continental championship,Senior / Open,IFSC_REG:ASIA,direct IFSC regional/continental evidence,True,False
2004-11-06,C-MAX Climbing Cup & Schweizer Meisterschaft Difficulty - Schlieren 2004,SAC-CAS,Regional / local,Senior / Open,FED:SAC-CAS,direct federation-level evidence,True,False
2004-11-06,Youth Climbing Cup & Schweizer Meisterschaft Difficulty - Schlieren 2004,SAC-CAS,Regional / local,Youth,FED:SAC-CAS:YOUTH,direct federation-level evidence,True,False
2004-11-11,UIAA Worldcup - Brno (CZE) 2004,IFSC,World series,Senior / Open,WC,direct adult World series/World championship evidence,True,False
2004-11-19,UIAA Worldcup - Kranj (SLO) 2004,IFSC,World series,Senior / Open,WC,direct adult World series/World championship evidence,True,False
2004-11-24,North American Championship - Mexico City (MEX) 2004 (Youth Bouldering),IFSC,International other youth,Youth,SHARED_BRIDGE_ONLY,valid shared-skill evidence without a governed direct target-head label,True,False
2004-11-24,North American Championship - Mexico City (MEX) 2004 (incl. SpiderKids),IFSC,International other,Senior / Open,SHARED_BRIDGE_ONLY,valid shared-skill evidence without a governed direct target-head label,True,False
2004-11-24,North American Championship - Mexico City (MEX) 2004 (incl. SpiderKids),IFSC,International other youth,Youth,SHARED_BRIDGE_ONLY,valid shared-skill evidence without a governed direct target-head label,True,False
2004-11-26,European Youth Cup - Kranj (SLO) 2004,IFSC,Continental series youth,Youth,IFSC_REG:EUROPE:YOUTH,direct IFSC regional/continental evidence,True,False
2004-12-11,C-MAX Climbing Cup Bouldern - Schaffhausen 2004,SAC-CAS,Regional / local,Senior / Open,FED:SAC-CAS,direct federation-level evidence,True,False
2005-03-18,UIAA Worldcup (B) - Birmingham (GBR) 2005,IFSC,World series,Senior / Open,WC,direct adult World series/World championship evidence,True,False
2005-04-08,UIAA Worldcup (B+S) - Moscow (RUS) 2005,IFSC,World series,Senior / Open,WC,direct adult World series/World championship evidence,True,False
2005-04-09,Youth Climbing Cup Difficulty - Schlieren 2005,SAC-CAS,Regional / local,Youth,FED:SAC-CAS:YOUTH,direct federation-level evidence,True,False
2005-04-15,European Youth Cup - Brno (CZE) 2005,IFSC,Continental series youth,Youth,IFSC_REG:EUROPE:YOUTH,direct IFSC regional/continental evidence,True,False
2005-04-23,UIAA Worldcup (L+S) - Veliko Tarnovo (BUL) 2005,IFSC,World series,Senior / Open,WC,direct adult World series/World championship evidence,True,False
2005-04-28,UIAA Worldcup (L) - Puurs (BEL) 2005,IFSC,World series,Senior / Open,WC,direct adult World series/World championship evidence,True,False
2005-05-07,C-MAX Climbing Cup Difficulty - Winterthur 2005,SAC-CAS,Regional / local,Senior / Open,FED:SAC-CAS,direct federation-level evidence,True,False
2005-05-20,European Youth Cup - Imst (AUT) 2005,IFSC,Continental series youth,Youth,IFSC_REG:EUROPE:YOUTH,direct IFSC regional/continental evidence,True,False
2005-05-26,UIAA Worldcup (L) - Imst (AUT) 2005,IFSC,World series,Senior / Open,WC,direct adult World series/World championship evidence,True,False
2005-06-04,C-MAX Climbing Cup Bouldern - Leysin 2005,SAC-CAS,Regional / local,Senior / Open,FED:SAC-CAS,direct federation-level evidence,True,False
2005-06-04,Youth Climbing Cup Bouldern - Leysin 2005,SAC-CAS,Regional / local,Youth,FED:SAC-CAS:YOUTH,direct federation-level evidence,True,False
2005-06-10,C-MAX Climbing Cup & Boulder-Schweizermeisterschaft - Engelberg 2005,SAC-CAS,National championship,Senior / Open,FED:SAC-CAS,direct federation-level evidence,True,False
2005-06-10,Youth Climbing Cup & Boulder-Schweizermeisterschaft - Engelberg 2005,SAC-CAS,National championship,Youth,FED:SAC-CAS:YOUTH,direct federation-level evidence,True,False
2005-06-16,UIAA Worldcup (B) - Fiera di Primiero (ITA) 2005,IFSC,World series,Senior / Open,WC,direct adult World series/World championship evidence,True,False
2005-06-24,UIAA Worldcup (L) - Zürich (SUI) 2005,IFSC,World series,Senior / Open,WC,direct adult World series/World championship evidence,True,False
2005-07-01,UIAA World Championship - Munich (GER) 2005,IFSC,World major,Senior / Open,WC,direct adult World series/World championship evidence,True,False
2005-07-12,UIAA Worldcup (L+S) - Chamonix (FRA) 2005,IFSC,World series,Senior / Open,WC,direct adult World series/World championship evidence,True,False
2005-07-22,International World Games (L+S) - Duisburg (GER) 2005,IFSC,International other,Senior / Open,SHARED_BRIDGE_ONLY,valid shared-skill evidence without a governed direct target-head label,True,False
2005-07-29,Int. Event (L) - Serre Chevalier (FRA) 2005,IFSC,International other,Senior / Open,SHARED_BRIDGE_ONLY,valid shared-skill evidence without a governed direct target-head label,True,False
2005-07-29,UIAA Worldcup (S) - Daone (ITA) 2005,IFSC,World series,Senior / Open,WC,direct adult World series/World championship evidence,True,False
2005-08-24,UIAA World Youth Championship - Bejing (CHN) 2005,IFSC,International other youth,Youth,SHARED_BRIDGE_ONLY,valid shared-skill evidence without a governed direct target-head label,True,False
2005-09-02,Int. Event (L+B+S) ROCKMASTER - Arco (ITA) 2005,IFSC,International other,Senior / Open,SHARED_BRIDGE_ONLY,valid shared-skill evidence without a governed direct target-head label,True,False
2005-09-10,C-MAX Climbing Cup Difficulty - Thun 2005,SAC-CAS,Regional / local,Senior / Open,FED:SAC-CAS,direct federation-level evidence,True,False
2005-09-16,UIAA Worldcup (L) - Marbella (ESP) 2005,IFSC,World series,Senior / Open,WC,direct adult World series/World championship evidence,True,False
2005-09-17,Youth Climbing Cup & Speed-Schweizermeisterschaft - Sumiswald 2005,SAC-CAS,National championship,Youth,FED:SAC-CAS:YOUTH,direct federation-level evidence,True,False
2005-09-22,UIAA Asian Championship - Iran 2005,IFSC,Continental championship,Senior / Open,IFSC_REG:ASIA,direct IFSC regional/continental evidence,True,False
2005-09-24,Youth Climbing Cup Difficulty - Winterthur 2005,SAC-CAS,Regional / local,Youth,FED:SAC-CAS:YOUTH,direct federation-level evidence,True,False
2005-09-29,UIAA Worldcup (B) - Firminy (FRA) 2005,IFSC,World series,Senior / Open,WC,direct adult World series/World championship evidence,True,False
2005-10-07,European Youth Cup - Geneva (SUI) 2005,IFSC,Continental series youth,Youth,IFSC_REG:EUROPE:YOUTH,direct IFSC regional/continental evidence,True,False
2005-10-15,C-MAX Climbing Cup & Difficulty-Schweizermeisterschaft - Niederwangen 2005,SAC-CAS,National championship,Senior / Open,FED:SAC-CAS,direct federation-level evidence,True,False
2005-10-15,Youth Climbing Cup & Difficulty-Schweizermeisterschaft - Niederwangen 2005,SAC-CAS,National championship,Youth,FED:SAC-CAS:YOUTH,direct federation-level evidence,True,False
2005-10-21,UIAA Worldcup (L+S) - Shanghai (CHN) 2005,IFSC,World series,Senior / Open,WC,direct adult World series/World championship evidence,True,False
2005-10-27,UIAA Worldcup (L) - Valence (FRA) 2005,IFSC,World series,Senior / Open,WC,direct adult World series/World championship evidence,True,False
2005-11-04,European Youth Cup - Penne (ITA) 2005,IFSC,Continental series youth,Youth,IFSC_REG:EUROPE:YOUTH,direct IFSC regional/continental evidence,True,False
2005-11-18,UIAA Worldcup (L) - Kranj (SLO) 2005,IFSC,World series,Senior / Open,WC,direct adult World series/World championship evidence,True,False
2005-11-25,European Youth Cup - Kranj (SLO) 2005,IFSC,Continental series youth,Youth,IFSC_REG:EUROPE:YOUTH,direct IFSC regional/continental evidence,True,False
2005-12-03,Asian Youth Championships,IFSC,Continental championship youth,Youth,IFSC_REG:ASIA:YOUTH,direct IFSC regional/continental evidence,True,False
2006-03-17,UIAA Climbing Worldcup (B) - Birmingham (GBR) 2006,IFSC,World series,Senior / Open,WC,direct adult World series/World championship evidence,True,False
2006-04-21,UIAA Climbing Worldcup (B+S) - Veliko Tarnovo (BUL) 2006,IFSC,World series,Senior / Open,WC,direct adult World series/World championship evidence,True,False
2006-04-28,UIAA Climbing Worldcup (L) - Puurs (BEL) 2006,IFSC,World series,Senior / Open,WC,direct adult World series/World championship evidence,True,False
2006-05-12,UIAA Climbing Worldcup (B) - Rovereto (ITA) 2006,IFSC,World series,Senior / Open,WC,direct adult World series/World championship evidence,True,False
2006-05-19,UIAA Climbing Worldcup (L+S) - Dresden (GER) 2006,IFSC,World series,Senior / Open,WC,direct adult World series/World championship evidence,True,False
2006-05-27,European Youth Cup - Imst (AUT) 2006 after disqualification,IFSC,Continental series youth,Youth,IFSC_REG:EUROPE:YOUTH,direct IFSC regional/continental evidence,True,False
2006-06-03,Schweizer Meisterschaft (SCC) Bouldern - Pratteln 2006,SAC-CAS,Regional / local,Senior / Open,FED:SAC-CAS,direct federation-level evidence,True,False
2006-06-03,Schweizer Meisterschaft (YCC) Bouldern - Pratteln 2006,SAC-CAS,Regional / local,Senior / Open,FED:SAC-CAS,direct federation-level evidence,True,False
2006-06-05,Swiss Climbing Cup Bouldern - Grindelwald 2006,SAC-CAS,National series,Senior / Open,FED:SAC-CAS,direct federation-level evidence,True,False
2006-06-09,UIAA Climbing Worldcup (B) - Grindelwald (SUI) 2006,IFSC,World series,Senior / Open,WC,direct adult World series/World championship evidence,True,False
2006-06-16,UIAA Climbing Worldcup (B) - Fiera di Primiero (ITA) 2006,IFSC,World series,Senior / Open,WC,direct adult World series/World championship evidence,True,False
2006-06-16,Schweizer Meisterschaft (YCC) Lead - Schlieren 2006,SAC-CAS,Regional / local,Senior / Open,FED:SAC-CAS,direct federation-level evidence,True,False
2006-06-17,Schweizer Meisterschaft (SCC) Lead - Schlieren 2006,SAC-CAS,Regional / local,Senior / Open,FED:SAC-CAS,direct federation-level evidence,True,False
2006-06-22,UIAA Climbing Worldcup (B) - Hall (AUT) 2006,IFSC,World series,Senior / Open,WC,direct adult World series/World championship evidence,True,False
2006-06-29,UIAA European Championship - Ekatarinburg (RUS) 2006,IFSC,Continental championship,Senior / Open,IFSC_REG:EUROPE,direct IFSC regional/continental evidence,True,False
2006-07-12,UIAA Climbing Worldcup (L+S) - Chamonix (FRA) 2006,IFSC,World series,Senior / Open,WC,direct adult World series/World championship evidence,True,False
2006-07-21,Int. Event (L) - Serre Chevalier (FRA) 2006,IFSC,International other,Senior / Open,SHARED_BRIDGE_ONLY,valid shared-skill evidence without a governed direct target-head label,True,False
2006-07-22,European Youth Cup - Gdansk (POL) 2006,IFSC,Continental series youth,Youth,IFSC_REG:EUROPE:YOUTH,direct IFSC regional/continental evidence,True,False
2006-07-29,UIAA Climbing Worldcup (L) - Qinghai Province (CHN) 2006,IFSC,World series,Senior / Open,WC,direct adult World series/World championship evidence,True,False
2006-07-29,UIAA Climbing Worldcup (S) - Val Daone (ITA) 2006,IFSC,World series,Senior / Open,WC,direct adult World series/World championship evidence,True,False
2006-08-05,UIAA Climbing Worldcup (L+S) - Singapore (SIN) 2006,IFSC,World series,Senior / Open,WC,direct adult World series/World championship evidence,True,False
2006-08-12,UIAA Climbing Worldcup (L+S) - Kuala Lumpur (MAS) 2006,IFSC,World series,Senior / Open,WC,direct adult World series/World championship evidence,True,False
2006-08-19,Swiss Climbing Cup Lead - Meiringen 2006,SAC-CAS,National series,Senior / Open,FED:SAC-CAS,direct federation-level evidence,True,False
2006-08-24,UIAA World Youth Championship - Imst (AUT) 2006,IFSC,International other youth,Youth,SHARED_BRIDGE_ONLY,valid shared-skill evidence without a governed direct target-head label,True,False
2006-09-02,Int. Event (L+B+S) ROCKMASTER - Arco (ITA) 2006,IFSC,International other,Senior / Open,SHARED_BRIDGE_ONLY,valid shared-skill evidence without a governed direct target-head label,True,False
2006-09-09,Swiss Climbing Cup Bouldern - Thun 2006,SAC-CAS,National series,Senior / Open,FED:SAC-CAS,direct federation-level evidence,True,False
2006-09-16,UIAA Climbing Worldcup (L) - Marbella (ESP) 2006,IFSC,World series,Senior / Open,WC,direct adult World series/World championship evidence,True,False
2006-09-16,Swiss Climbing Cup Speed - Schlieren 2006,SAC-CAS,National series,Senior / Open,FED:SAC-CAS,direct federation-level evidence,True,False
2006-09-16,Youth Climbing Cup Speed - Schlieren 2006,SAC-CAS,Regional / local,Youth,FED:SAC-CAS:YOUTH,direct federation-level evidence,True,False
2006-10-02,UIAA Climbing Worldcup (L+S) - Shanghai (CHN) 2006,IFSC,World series,Senior / Open,WC,direct adult World series/World championship evidence,True,False
2006-10-07,European Youth Cup - Velika Tarnovo (BUL) 2006,IFSC,Continental series youth,Youth,IFSC_REG:EUROPE:YOUTH,direct IFSC regional/continental evidence,True,False
2006-10-07,Schweizer Meisterschaft (SCC) Speed - Zürich 2006,SAC-CAS,Regional / local,Senior / Open,FED:SAC-CAS,direct federation-level evidence,True,False
2006-10-07,Schweizer Meisterschaft (YCC) Speed - Zürich 2006,SAC-CAS,Regional / local,Senior / Open,FED:SAC-CAS,direct federation-level evidence,True,False
2006-10-21,Swiss Climbing Cup Lead - Niederwangen 2006,SAC-CAS,National series,Senior / Open,FED:SAC-CAS,direct federation-level evidence,True,False
2006-10-21,Youth Climbing Cup Lead - Niederwangen 2006,SAC-CAS,Regional / local,Youth,FED:SAC-CAS:YOUTH,direct federation-level evidence,True,False
2006-10-26, UIAA Asian Championships - Kaoshiung (TPE) 2006,IFSC,Continental championship,Senior / Open,IFSC_REG:ASIA,direct IFSC regional/continental evidence,True,False
2006-10-28,European Youth Cup - Annecy (FRA) 2006,IFSC,Continental series youth,Youth,IFSC_REG:EUROPE:YOUTH,direct IFSC regional/continental evidence,True,False
2006-11-02,UIAA Climbing Worldcup (B+S) - Moscow (RUS) 2006,IFSC,World series,Senior / Open,WC,direct adult World series/World championship evidence,True,False
2006-11-11,UIAA Climbing Worldcup (L) - Penne (ITA) 2006,IFSC,World series,Senior / Open,WC,direct adult World series/World championship evidence,True,False
2006-11-18,UIAA Worldcup (L) - Kranj (SLO) 2006,IFSC,World series,Senior / Open,WC,direct adult World series/World championship evidence,True,False
2006-11-24, North American Championships (L+S) - Denver Colorado (USA) 2006,IFSC,International other,Senior / Open,SHARED_BRIDGE_ONLY,valid shared-skill evidence without a governed direct target-head label,True,False
2006-11-24, North American Championships (L+S) - Denver Colorado (USA) 2006,IFSC,International other youth,Youth,SHARED_BRIDGE_ONLY,valid shared-skill evidence without a governed direct target-head label,True,False
2006-11-25,European Youth Cup - Kranj (SLO) 2006,IFSC,Continental series youth,Youth,IFSC_REG:EUROPE:YOUTH,direct IFSC regional/continental evidence,True,False
2007-03-16,IFSC European Boulder Championship  - Birmingham (GBR) 2007,IFSC,Continental championship,Senior / Open,IFSC_REG:EUROPE,direct IFSC regional/continental evidence,True,False
2007-03-30,IFSC Climbing Worldcup (B) - Erlangen (GER) 2007,IFSC,World series,Senior / Open,WC,direct adult World series/World championship evidence,True,False
2007-03-31,Youth Climbing Cup Lead - Winterthur 2007,SAC-CAS,Regional / local,Youth,FED:SAC-CAS:YOUTH,direct federation-level evidence,True,False
2007-04-13,IFSC Climbing Worldcup (S) - Tarnow (POL) 2007,IFSC,World series,Senior / Open,WC,direct adult World series/World championship evidence,True,False
2007-04-14,Swiss Climbing Cup Boulder - Pratteln 2007,SAC-CAS,National series,Senior / Open,FED:SAC-CAS,direct federation-level evidence,True,False
2007-04-20,IFSC Climbing Worldcup (B) - Sofia (BUL) 2007,IFSC,World series,Senior / Open,WC,direct adult World series/World championship evidence,True,False
2007-04-27,IFSC Climbing Worldcup (B) - Hall (AUT) 2007,IFSC,World series,Senior / Open,WC,direct adult World series/World championship evidence,True,False
2007-05-01,IFSC Climbing Worldcup (S) - Trento (ITA) 2007,IFSC,World series,Senior / Open,WC,direct adult World series/World championship evidence,True,False
2007-05-04,IFSC Climbing Worldcup (B) - La Reunion (FRA) 2007,IFSC,World series,Senior / Open,WC,direct adult World series/World championship evidence,True,False
2007-05-11,IFSC Climbing Worldcup (L) - Imst (AUT) 2007,IFSC,World series,Senior / Open,WC,direct adult World series/World championship evidence,True,False
2007-05-19,European Youth Series - Imst (AUT) 2007,IFSC,Continental series youth,Youth,IFSC_REG:EUROPE:YOUTH,direct IFSC regional/continental evidence,True,False
2007-05-26, International Event (B) Ukrainian Verticals - Kiev (UKR),IFSC,International other,Senior / Open,SHARED_BRIDGE_ONLY,valid shared-skill evidence without a governed direct target-head label,True,False
2007-06-02,Swiss Climbing Cup Boulder - Grindelwald 2007,SAC-CAS,National series,Senior / Open,FED:SAC-CAS,direct federation-level evidence,True,False
2007-06-08,IFSC Climbing Worldcup (B) - Grindelwald (SUI) 2007,IFSC,World series,Senior / Open,WC,direct adult World series/World championship evidence,True,False
2007-06-15,IFSC Climbing Worldcup (L) - Zürich (SUI) 2007,IFSC,World series,Senior / Open,WC,direct adult World series/World championship evidence,True,False
2007-06-22,IFSC Climbing Worldcup (B) - Fiera di Primiero (ITA) 2007,IFSC,World series,Senior / Open,WC,direct adult World series/World championship evidence,True,False
2007-06-23,Swiss Climbing Cup Lead - Schlieren 2007,SAC-CAS,National series,Senior / Open,FED:SAC-CAS,direct federation-level evidence,True,False
2007-06-23,Youth Climbing Cup Lead - Schlieren 2007,SAC-CAS,Regional / local,Youth,FED:SAC-CAS:YOUTH,direct federation-level evidence,True,False
2007-06-30,European Youth Series - Veliko Tarnovo (BUL) 2007,IFSC,Continental series youth,Youth,IFSC_REG:EUROPE:YOUTH,direct IFSC regional/continental evidence,True,False
2007-06-30,International Event - Swiss Master Outdoor Games - Interlaken (SUI) 2007,IFSC,International other,Senior / Open,SHARED_BRIDGE_ONLY,valid shared-skill evidence without a governed direct target-head label,True,False
2007-06-30,Schweizer Meisterschaft (SCC) Boulder - Interlaken 2007,SAC-CAS,Regional / local,Senior / Open,FED:SAC-CAS,direct federation-level evidence,True,False
2007-06-30,Schweizer Meisterschaft (YCC) Boulder - Interlaken 2007,SAC-CAS,Regional / local,Senior / Open,FED:SAC-CAS,direct federation-level evidence,True,False
2007-07-07,European Youth Series - Leipzig (GER) 2007,IFSC,Continental series youth,Youth,IFSC_REG:EUROPE:YOUTH,direct IFSC regional/continental evidence,True,False
2007-07-11,IFSC Climbing Worldcup (S+L) - Chamonix (FRA) 2007,IFSC,World series,Senior / Open,WC,direct adult World series/World championship evidence,True,False
2007-07-20,Int. Event (L) - Serre Chevalier (FRA) 2007,IFSC,International other,Senior / Open,SHARED_BRIDGE_ONLY,valid shared-skill evidence without a governed direct target-head label,True,False
2007-07-21,European Youth Series - Warsaw (POL) 2007,IFSC,Continental series youth,Youth,IFSC_REG:EUROPE:YOUTH,direct IFSC regional/continental evidence,True,False
2007-07-21,IFSC Climbing Worldcup (S) - Val Daone (ITA) 2007,IFSC,World series,Senior / Open,WC,direct adult World series/World championship evidence,True,False
2007-08-11,IFSC Climbing Worldcup (L+S) - Qinghai (CHN) 2007,IFSC,World series,Senior / Open,WC,direct adult World series/World championship evidence,True,False
2007-08-23,IFSC Climbing World Youth Championship - Ibarra (ECU) 2007,IFSC,International other youth,Youth,SHARED_BRIDGE_ONLY,valid shared-skill evidence without a governed direct target-head label,True,False
2007-08-25,International Event (B) - La Colmiane (FRA) Masters 2007,IFSC,International other,Senior / Open,SHARED_BRIDGE_ONLY,valid shared-skill evidence without a governed direct target-head label,True,False
2007-09-01,Youth Climbing Cup Lead - Thun 2007,SAC-CAS,Regional / local,Youth,FED:SAC-CAS:YOUTH,direct federation-level evidence,True,False
2007-09-08,Int. Event (L+B+S) ROCKMASTER - Arco (ITA) 2007,IFSC,International other,Senior / Open,SHARED_BRIDGE_ONLY,valid shared-skill evidence without a governed direct target-head label,True,False
2007-09-08,Swiss Climbing Cup Boulder - Leysin 2007,SAC-CAS,National series,Senior / Open,FED:SAC-CAS,direct federation-level evidence,True,False
2007-09-08,Youth Climbing Cup Boulder - Leysin 2007,SAC-CAS,Regional / local,Youth,FED:SAC-CAS:YOUTH,direct federation-level evidence,True,False
2007-09-17,IFSC Climbing World Championship (L + B + S) - Aviles (ESP) 2007,IFSC,World major,Senior / Open,WC,direct adult World series/World championship evidence,True,False
2007-09-28,IFSC Climbing Worldcup (L+S) - Puurs (BEL) 2007,IFSC,World series,Senior / Open,WC,direct adult World series/World championship evidence,True,False
2007-10-13,IFSC Climbing Worldcup (L) - Kazo (JPN) 2007,IFSC,World series,Senior / Open,WC,direct adult World series/World championship evidence,True,False
2007-10-13,Swiss Climbing Cup Lead - Luzern 2007,SAC-CAS,National series,Senior / Open,FED:SAC-CAS,direct federation-level evidence,True,False
2007-10-19,Schweizer Meisterschaft (SCC) Lead - Niederwangen 2007,SAC-CAS,Regional / local,Senior / Open,FED:SAC-CAS,direct federation-level evidence,True,False
2007-10-19,Schweizer Meisterschaft (YCC) Lead - Niederwangen,SAC-CAS,Regional / local,Senior / Open,FED:SAC-CAS,direct federation-level evidence,True,False
2007-10-27,European Youth Series - Linz (AUT) 2007,IFSC,Continental series youth,Youth,IFSC_REG:EUROPE:YOUTH,direct IFSC regional/continental evidence,True,False
2007-10-29,Asian Indoor Games - Macau,IFSC,Continental series,Senior / Open,IFSC_REG:ASIA,direct IFSC regional/continental evidence,True,False
2007-11-02,IFSC Climbing Worldcup (L) - Valence (FRA) 2007,IFSC,World series,Senior / Open,WC,direct adult World series/World championship evidence,True,False
2007-11-05,Promo Event (L+S) Asia Cup - Changsha (CMA),IFSC,Continental series,Senior / Open,IFSC_REG:ASIA,direct IFSC regional/continental evidence,True,False
2007-11-08, IFSC Asian Championships - Guangzhou (CHN) 2007,IFSC,Continental championship,Senior / Open,IFSC_REG:ASIA,direct IFSC regional/continental evidence,True,False
2007-11-09,IFSC Climbing Worldcup (B) - Brno (CZE) 2007,IFSC,World series,Senior / Open,WC,direct adult World series/World championship evidence,True,False
2007-11-11,Deutsche Jugendmeisterschaft - Frankenthal 2007,DIGITALROCK,Regional / local youth,Youth,SHARED_BRIDGE_ONLY,valid shared-skill evidence without a governed direct target-head label,True,False
2007-11-17,IFSC Climbing Worldcup (L) - Kranj (SLO) 2007,IFSC,World series,Senior / Open,WC,direct adult World series/World championship evidence,True,False
2007-11-24,European Youth Series - Kranj (SLO) 2007,IFSC,Continental series youth,Youth,IFSC_REG:EUROPE:YOUTH,direct IFSC regional/continental evidence,True,False
2007-12-07,Schweizermeisterschaft (SCC) Speed - Ittigen 2007,SAC-CAS,National championship,Senior / Open,FED:SAC-CAS,direct federation-level evidence,True,False
2007-12-07,Schweizermeisterschaft (YCC) Speed - Ittigen 2007,SAC-CAS,National championship,Senior / Open,FED:SAC-CAS,direct federation-level evidence,True,False
2008-04-05,Youth Climbing Cup YCC (B) - Küblis 2008,SAC-CAS,Regional / local,Youth,FED:SAC-CAS:YOUTH,direct federation-level evidence,True,False
2008-04-12,Youth Climbing Cup YCC (L) - Schlieren 2008,SAC-CAS,Regional / local,Youth,FED:SAC-CAS:YOUTH,direct federation-level evidence,True,False
2008-04-18,IFSC Climbing Worldcup (B) - Hall (AUT) 2008,IFSC,World series,Senior / Open,WC,direct adult World series/World championship evidence,True,False
2008-04-26,Swiss Climbing Cup SCC (B) - Brig 2008,SAC-CAS,National series,Senior / Open,FED:SAC-CAS,direct federation-level evidence,True,False
2008-04-26,Youth Climbing Cup YCC (B) - Brig 2008,SAC-CAS,Regional / local,Youth,FED:SAC-CAS:YOUTH,direct federation-level evidence,True,False
2008-04-27,IFSC Climbing Worldcup (S) - Trento (ITA) 2008,IFSC,World series,Senior / Open,WC,direct adult World series/World championship evidence,True,False
2008-05-02,IFSC Climbing Worldcup (B) - Reunion (FRA) 2008,IFSC,World series,Senior / Open,WC,direct adult World series/World championship evidence,True,False
2008-05-17,IFSC European Youth Series (L) - Prague (CZE) 2008,IFSC,Continental series youth,Youth,IFSC_REG:EUROPE:YOUTH,direct IFSC regional/continental evidence,True,False
2008-05-17,Swiss Climbing Cup SCC (L) - Greifensee 2008,SAC-CAS,National series,Senior / Open,FED:SAC-CAS,direct federation-level evidence,True,False
2008-05-21, IFSC Asian Championships (B+L+S) - Guangzhou (CHN) 2008,IFSC,Continental championship,Senior / Open,IFSC_REG:ASIA,direct IFSC regional/continental evidence,True,False
2008-05-24,Swiss Climbing Cup SCC (B) - Grindelwald 2008,SAC-CAS,National series,Senior / Open,FED:SAC-CAS,direct federation-level evidence,True,False
2008-05-30,IFSC Climbing Worldcup (B) - Grindelwald (SUI) 2008,IFSC,World series,Senior / Open,WC,direct adult World series/World championship evidence,True,False
2008-06-06,IFSC Climbing Worldcup (B) - Vail (USA) 2008,IFSC,World series,Senior / Open,WC,direct adult World series/World championship evidence,True,False
2008-06-13,IFSC Climbing Worldcup (B) - Fiera di Primiero (ITA) 2008,IFSC,World series,Senior / Open,WC,direct adult World series/World championship evidence,True,False
2008-06-21,IFSC European Youth Series (L+S) - Wuppertal (GER) 2008,IFSC,Continental series youth,Youth,IFSC_REG:EUROPE:YOUTH,direct IFSC regional/continental evidence,True,False
2008-06-27,IFSC Climbing Worldcup (S + L) - Qinghai (CHN) 2008,IFSC,World series,Senior / Open,WC,direct adult World series/World championship evidence,True,False
2008-06-28,Youth Climbing Cup YCC  + SM (L) - Root 2008,SAC-CAS,Regional / local,Youth,FED:SAC-CAS:YOUTH,direct federation-level evidence,True,False
2008-07-04,IFSC Climbing Worldcup (B) - Montauban (FRA) 2008,IFSC,World series,Senior / Open,WC,direct adult World series/World championship evidence,True,False
2008-07-12,IFSC Climbing Worldcup (S+L) - Chamonix (FRA) 2008,IFSC,World series,Senior / Open,WC,direct adult World series/World championship evidence,True,False
2008-07-19,DAV Jugend- und Juniorencup - Forchheim 2008,DIGITALROCK,Regional / local youth,Youth,SHARED_BRIDGE_ONLY,valid shared-skill evidence without a governed direct target-head label,True,False
2008-07-19,IFSC Climbing Worldcup (S) - Val Daone (ITA) 2008,IFSC,World series,Senior / Open,WC,direct adult World series/World championship evidence,True,False
2008-08-02,Deutscher Speedcup - Überlingen 2008,DIGITALROCK,Regional / local,Youth,SHARED_BRIDGE_ONLY,valid shared-skill evidence without a governed direct target-head label,True,False
2008-08-16,Swiss Climbing Cup SCC (L) - Schaffhausen 2008,SAC-CAS,National series,Senior / Open,FED:SAC-CAS,direct federation-level evidence,True,False
2008-08-23,Swiss Climbing Cup SCC (L) - Lenzburg 2008,SAC-CAS,National series,Senior / Open,FED:SAC-CAS,direct federation-level evidence,True,False
2008-08-28,IFSC Climbing World Youth Championship - Sydney (AUS) 2008,IFSC,International other youth,Youth,SHARED_BRIDGE_ONLY,valid shared-skill evidence without a governed direct target-head label,True,False
2008-09-06,Westdeutsche Meisterschaft Speedklettern - Ahlen 2008,DIGITALROCK,National championship youth,Youth,SHARED_BRIDGE_ONLY,valid shared-skill evidence without a governed direct target-head label,True,False
2008-09-06,Westdeutsche Meisterschaft Sportklettern - Ahlen 2008,DIGITALROCK,National championship youth,Youth,SHARED_BRIDGE_ONLY,valid shared-skill evidence without a governed direct target-head label,True,False
2008-09-06,Int. Event (L+B+S) ROCKMASTER - Arco (ITA) 2008,IFSC,International other,Senior / Open,SHARED_BRIDGE_ONLY,valid shared-skill evidence without a governed direct target-head label,True,False
2008-09-06,Swiss Climbing Cup SCC + SM (B) - Leysin 2008,SAC-CAS,National series,Senior / Open,FED:SAC-CAS,direct federation-level evidence,True,False
2008-09-06,Youth Climbing Cup YCC + SM (B) - Leysin 2008,SAC-CAS,Regional / local,Youth,FED:SAC-CAS:YOUTH,direct federation-level evidence,True,False
2008-09-12,IFSC Climbing Worldcup (L) - Bern (SUI) 2008,IFSC,World series,Senior / Open,WC,direct adult World series/World championship evidence,True,False
2008-09-19,IFSC Climbing Worldcup (L) - Imst (AUT) 2008,IFSC,World series,Senior / Open,WC,direct adult World series/World championship evidence,True,False
2008-09-26,IFSC Climbing Worldcup (L+S) - Puurs (BEL) 2008,IFSC,World series,Senior / Open,WC,direct adult World series/World championship evidence,True,False
2008-09-27,IFSC European Youth Series (L) - Imst (AUT) 2008,IFSC,Continental series youth,Youth,IFSC_REG:EUROPE:YOUTH,direct IFSC regional/continental evidence,True,False
2008-10-04,Swiss Climbing Cup SCC + SM (L) - Root 2008,SAC-CAS,National series,Senior / Open,FED:SAC-CAS,direct federation-level evidence,True,False
2008-10-15,IFSC European Championship - Paris (FRA) 2008,IFSC,Continental championship,Senior / Open,IFSC_REG:EUROPE,direct IFSC regional/continental evidence,True,False
2008-10-25,DAV Jugend- und Juniorencup - Leipzig 2008,DIGITALROCK,Regional / local youth,Youth,SHARED_BRIDGE_ONLY,valid shared-skill evidence without a governed direct target-head label,True,False
2008-10-31,IFSC Climbing Worldcup (S+B) - Moscow (RUS) 2008  ,IFSC,World series,Senior / Open,WC,direct adult World series/World championship evidence,True,False
2008-11-01,IFSC European Youth Series (L) - Annecy (FRA) 2008,IFSC,Continental series youth,Youth,IFSC_REG:EUROPE:YOUTH,direct IFSC regional/continental evidence,True,False
2008-11-08,Swiss Climbing Cup SCC + SM (S) - Ittigen 2008,SAC-CAS,National series,Senior / Open,FED:SAC-CAS,direct federation-level evidence,True,False
2008-11-08,Youth Climbing Cup YCC + SM (S) - Ittigen 2008,SAC-CAS,Regional / local,Youth,FED:SAC-CAS:YOUTH,direct federation-level evidence,True,False
2008-11-15,IFSC Climbing Worldcup (L) - Kranj (SLO) 2008,IFSC,World series,Senior / Open,WC,direct adult World series/World championship evidence,True,False
2008-11-22,IFSC European Youth Series (L) - Kranj (SLO) 2008,IFSC,Continental series youth,Youth,IFSC_REG:EUROPE:YOUTH,direct IFSC regional/continental evidence,True,False
2008-11-29,Deutsche Meisterschaft  & Jugendmeisterschaft - Heilbronn 2008,DIGITALROCK,National championship youth,Youth,SHARED_BRIDGE_ONLY,valid shared-skill evidence without a governed direct target-head label,True,False
2008-12-04,North American Championships -  Montreal (CAN) 2008,IFSC,International other,Senior / Open,SHARED_BRIDGE_ONLY,valid shared-skill evidence without a governed direct target-head label,True,False
2008-12-04,North American Championships -  Montreal (CAN) 2008,IFSC,International other youth,Youth,SHARED_BRIDGE_ONLY,valid shared-skill evidence without a governed direct target-head label,True,False
2008-12-06,NRW Landesmeisterschaft Lead - Chorweiler 2008 ,DIGITALROCK,Regional / local youth,Youth,SHARED_BRIDGE_ONLY,valid shared-skill evidence without a governed direct target-head label,True,False
2009-03-07,Swiss Climbing Cup SCC (B) - Pratteln 2009,SAC-CAS,National series,Senior / Open,FED:SAC-CAS,direct federation-level evidence,True,False
2009-03-28,Swiss Climbing Cup SCC + SM (B) - Greifensee 2009,SAC-CAS,National series,Senior / Open,FED:SAC-CAS,direct federation-level evidence,True,False
2009-04-04,Youth Climbing Cup YCC (B) - Küblis 2009,SAC-CAS,Regional / local,Youth,FED:SAC-CAS:YOUTH,direct federation-level evidence,True,False
2009-04-11,IFSC Climbing Worldcup (B) - Kazo (JPN) 2009,IFSC,World series,Senior / Open,WC,direct adult World series/World championship evidence,True,False
2009-04-18,IFSC Climbing Worldcup (S) - Tarnow (POL) 2009,IFSC,World series,Senior / Open,WC,direct adult World series/World championship evidence,True,False
2009-04-25,IFSC Climbing Worldcup (S) - Trento (ITA) 2009,IFSC,World series,Senior / Open,WC,direct adult World series/World championship evidence,True,False
2009-04-25,Youth Climbing Cup YCC (L) - Winterthur 2009,SAC-CAS,Regional / local,Youth,FED:SAC-CAS:YOUTH,direct federation-level evidence,True,False
2009-05-01,IFSC Climbing Worldcup (B) - Hall (AUT) 2009,IFSC,World series,Senior / Open,WC,direct adult World series/World championship evidence,True,False
2009-05-09,Swiss Climbing Cup SCC (L) - Greifensee 2009,SAC-CAS,National series,Senior / Open,FED:SAC-CAS,direct federation-level evidence,True,False
2009-05-17,Deutsche Jugendmeisterschaft Bouldern - Pforzheim 2009,DIGITALROCK,Regional / local youth,Youth,SHARED_BRIDGE_ONLY,valid shared-skill evidence without a governed direct target-head label,True,False
2009-05-23,European Youth Series - Imst (AUT) 2009,IFSC,Continental series youth,Youth,IFSC_REG:EUROPE:YOUTH,direct IFSC regional/continental evidence,True,False
2009-05-29,IFSC Climbing Worldcup (B) - Wien (AUT) 2009,IFSC,World series,Senior / Open,WC,direct adult World series/World championship evidence,True,False
2009-06-05,IFSC Climbing Worldcup (B) - Vail (USA) 2009,IFSC,World series,Senior / Open,WC,direct adult World series/World championship evidence,True,False
2009-06-07,"DAV Jugend- und Juniorencup 2009 - Bochum, Neoliet",DIGITALROCK,Regional / local youth,Youth,SHARED_BRIDGE_ONLY,valid shared-skill evidence without a governed direct target-head label,True,False
2009-06-12,IFSC Climbing Worldcup (B) - Eindhoven (NED) 2009,IFSC,World series,Senior / Open,WC,direct adult World series/World championship evidence,True,False
2009-06-13,Swiss Climbing Cup SCC (L) - Lenzburg 2009,SAC-CAS,National series,Senior / Open,FED:SAC-CAS,direct federation-level evidence,True,False
2009-06-21,DAV Jugend- und Juniorencup 2009 - Kempten,DIGITALROCK,Regional / local youth,Youth,SHARED_BRIDGE_ONLY,valid shared-skill evidence without a governed direct target-head label,True,False
2009-06-27,Youth Climbing Cup YCC + SM (B) - Bülach 2009,SAC-CAS,Regional / local,Youth,FED:SAC-CAS:YOUTH,direct federation-level evidence,True,False
2009-06-30,IFSC Climbing World Championships  - Qinghai (CHN) 2009,IFSC,World major,Senior / Open,WC,direct adult World series/World championship evidence,True,False
2009-06-30,IFSC Climbing World Championships  - Qinghai (CHN) 2009 - 15m Speed,IFSC,World major,Senior / Open,WC,direct adult World series/World championship evidence,True,False
2009-07-12,"IFSC Climbing Worldcup (S, L) - Chamonix (FRA) 2009",IFSC,World series,Senior / Open,WC,direct adult World series/World championship evidence,True,False
2009-08-01,IFSC Climbing Worldcup (S)  - Daone (ITA) 2009,IFSC,World series,Senior / Open,WC,direct adult World series/World championship evidence,True,False
2009-08-08,IFSC Climbing Worldcup (L) - Barcelona (ESP) 2009,IFSC,World series,Senior / Open,WC,direct adult World series/World championship evidence,True,False
2009-08-21,IFSC Climbing Worldcup (L) - Imst (AUT) 2009,IFSC,World series,Senior / Open,WC,direct adult World series/World championship evidence,True,False
2009-08-27,IFSC World Youth Championships - Valence (FRA) 2009,IFSC,International other youth,Youth,SHARED_BRIDGE_ONLY,valid shared-skill evidence without a governed direct target-head label,True,False
2009-08-28,Asia Championship - Chuncheon (KOR) - 2009,IFSC,Continental championship,Senior / Open,IFSC_REG:ASIA,direct IFSC regional/continental evidence,True,False
2009-09-05, Int. Event (L+B+S) ROCKMASTER - Arco (ITA) 2009,IFSC,International other,Senior / Open,SHARED_BRIDGE_ONLY,valid shared-skill evidence without a governed direct target-head label,True,False
2009-09-05,Int. Event (L+B+S) ROCKMASTER - Arco (ITA) 2009,IFSC,International other,Senior / Open,SHARED_BRIDGE_ONLY,valid shared-skill evidence without a governed direct target-head label,True,False
2009-09-05,Youth Climbing Cup YCC + SM (L) - Schlieren 2009 ,SAC-CAS,Regional / local,Youth,FED:SAC-CAS:YOUTH,direct federation-level evidence,True,False
2009-09-12,IFSC European Youth Series (L+S) - Munich (GER),IFSC,Continental series youth,Youth,IFSC_REG:EUROPE:YOUTH,direct IFSC regional/continental evidence,True,False
2009-09-19,IFSC European Youth Series - Edinburgh (GBR),IFSC,Continental series youth,Youth,IFSC_REG:EUROPE:YOUTH,direct IFSC regional/continental evidence,True,False
2009-09-25,IFSC Climbing Worldcup (L) - Puurs (BEL) 2009,IFSC,World series,Senior / Open,WC,direct adult World series/World championship evidence,True,False
2009-10-11,DAV Jugend- und Juniorencup 2009 - Leipzig (No Limit),DIGITALROCK,Regional / local youth,Youth,SHARED_BRIDGE_ONLY,valid shared-skill evidence without a governed direct target-head label,True,False
2009-10-16,IFSC European Youth Series (L+S) - Kaliningrad (RUS),IFSC,Continental series youth,Youth,IFSC_REG:EUROPE:YOUTH,direct IFSC regional/continental evidence,True,False
2009-10-17,Swiss Climbing Cup SCC + SM (L) - Niederwangen 2009,SAC-CAS,National series,Senior / Open,FED:SAC-CAS,direct federation-level evidence,True,False
2009-10-18,Youth Climbing Cup YCC (L) - Niederwangen 2009,SAC-CAS,Regional / local,Youth,FED:SAC-CAS:YOUTH,direct federation-level evidence,True,False
2009-10-24,Swiss Climbing Cup SCC + SM (S) - Greifensee 2009,SAC-CAS,National series,Senior / Open,FED:SAC-CAS,direct federation-level evidence,True,False
2009-10-24,Youth Climbing Cup YCC + SM (S) - Greifensee 2009,SAC-CAS,Regional / local,Youth,FED:SAC-CAS:YOUTH,direct federation-level evidence,True,False
2009-11-06,IFSC Climbing Worldcup (L) - Brno (CZE) 2009,IFSC,World series,Senior / Open,WC,direct adult World series/World championship evidence,True,False
2009-11-14,IFSC Climbing Worldcup (L) - Kranj (SLO) 2009,IFSC,World series,Senior / Open,WC,direct adult World series/World championship evidence,True,False
2009-11-15,Westdeutsche Meisterschaften Lead + Speed - Frankenthal 2009,DIGITALROCK,National championship youth,Youth,SHARED_BRIDGE_ONLY,valid shared-skill evidence without a governed direct target-head label,True,False
2009-11-21,NRW Landesmeisterschaft Lead - Wuppertal 2009,DIGITALROCK,Regional / local youth,Youth,SHARED_BRIDGE_ONLY,valid shared-skill evidence without a governed direct target-head label,True,False
2009-11-21,IFSC European Youth Series - Kranj (SLO) 2009,IFSC,Continental series youth,Youth,IFSC_REG:EUROPE:YOUTH,direct IFSC regional/continental evidence,True,False
2009-11-29,Deutsche Jugendmeisterschaft - Darmstadt 2009,DIGITALROCK,Regional / local youth,Youth,SHARED_BRIDGE_ONLY,valid shared-skill evidence without a governed direct target-head label,True,False
2010-03-21,CISM Winter Military World Games - Courmayeur (ITA) 2010,IFSC,International other,Senior / Open,SHARED_BRIDGE_ONLY,valid shared-skill evidence without a governed direct target-head label,True,False
2010-04-30,IFSC Climbing Worldcup (S) - Trento (ITA) 2010,IFSC,World series,Senior / Open,WC,direct adult World series/World championship evidence,True,False
2010-05-08,Mammut Youth Climbing Cup MYCC (L) - Küblis 2010,SAC-CAS,Regional / local,Youth,FED:SAC-CAS:YOUTH,direct federation-level evidence,True,False
2010-05-14,IFSC Climbing Worldcup (B) - Greifensee (SUI) 2010,IFSC,World series,Senior / Open,WC,direct adult World series/World championship evidence,True,False
2010-05-28,IFSC Climbing Worldcup (B) - Wien (AUT) 2010,IFSC,World series,Senior / Open,WC,direct adult World series/World championship evidence,True,False
2010-06-04,IFSC Climbing Worldcup (B) - Vail (USA) 2010,IFSC,World series,Senior / Open,WC,direct adult World series/World championship evidence,True,False
2010-06-05,European Youth Series - Imst (AUT) 2010,IFSC,Continental series youth,Youth,IFSC_REG:EUROPE:YOUTH,direct IFSC regional/continental evidence,True,False
2010-06-12,Mammut Youth Climbing Cup MYCC + SM (B) - Genève 2010,SAC-CAS,Regional / local,Youth,FED:SAC-CAS:YOUTH,direct federation-level evidence,True,False
2010-06-13,Swiss Climbing Cup SCC (B) - Genève 2010,SAC-CAS,National series,Senior / Open,FED:SAC-CAS,direct federation-level evidence,True,False
2010-06-17,"IFSC Climbing Worldcup (B,S) - Moscow (RUS) 2010",IFSC,World series,Senior / Open,WC,direct adult World series/World championship evidence,True,False
2010-06-19,Mammut Youth Climbing Cup MYCC (S) - St. Gallen 2010,SAC-CAS,Regional / local,Youth,FED:SAC-CAS:YOUTH,direct federation-level evidence,True,False
2010-06-25,IFSC Climbing Worldcup (B) - Eindhoven (NED) 2010,IFSC,World series,Senior / Open,WC,direct adult World series/World championship evidence,True,False
2010-06-26,Mammut Youth Climbing Cup MYCC (L) - Schlieren 2010,SAC-CAS,Regional / local,Youth,FED:SAC-CAS:YOUTH,direct federation-level evidence,True,False
2010-07-03,IFSC Climbing Worldcup (B) - Sheffield (GBR) 2010,IFSC,World series,Senior / Open,WC,direct adult World series/World championship evidence,True,False
2010-07-12,"IFSC Climbing Worldcup (L,S) - Chamonix (FRA) 2010",IFSC,World series,Senior / Open,WC,direct adult World series/World championship evidence,True,False
2010-07-16,Rock Master - World Championship Pre-event - Arco (ITA),IFSC,World major,Senior / Open,WC,direct adult World series/World championship evidence,True,False
2010-07-17,Bayerische Meisterschaften Jugend/Junioren (Bouldern) - Regensburg 2010,DIGITALROCK,Regional / local youth,Youth,SHARED_BRIDGE_ONLY,valid shared-skill evidence without a governed direct target-head label,True,False
2010-07-18,Rockmaster ARCO  2010 - Duel Lead,IFSC,International other,Senior / Open,SHARED_BRIDGE_ONLY,valid shared-skill evidence without a governed direct target-head label,True,False
2010-07-24,Bayerische Meisterschaften Jugend/Junioren (Schwierigkeit) - Coburg 2010,DIGITALROCK,Regional / local youth,Youth,SHARED_BRIDGE_ONLY,valid shared-skill evidence without a governed direct target-head label,True,False
2010-07-24,IFSC Climbing Worldcup (S) - Daone (ITA) 2010,IFSC,World series,Senior / Open,WC,direct adult World series/World championship evidence,True,False
2010-07-29,"Lead International Event, Open International - Briancon (FRA) 2010",IFSC,International other,Senior / Open,SHARED_BRIDGE_ONLY,valid shared-skill evidence without a governed direct target-head label,True,False
2010-07-30,IFSC Climbing Worldcup (B) - Munich (GER) 2010,IFSC,World series,Senior / Open,WC,direct adult World series/World championship evidence,True,False
2010-08-06,Deutsche Jugendmeisterschaft Bouldern - Überlingen 2010,DIGITALROCK,Regional / local youth,Youth,SHARED_BRIDGE_ONLY,valid shared-skill evidence without a governed direct target-head label,True,False
2010-08-14,European Youth Series - Wien (AUT) 2010,IFSC,Continental series youth,Youth,IFSC_REG:EUROPE:YOUTH,direct IFSC regional/continental evidence,True,False
2010-08-20,"IFSC Climbing Worldcup (L, S) - Xining (CHN) 2010",IFSC,World series,Senior / Open,WC,direct adult World series/World championship evidence,True,False
2010-08-21,Swiss Climbing Cup SCC (L) - St. Gallen 2010,SAC-CAS,National series,Senior / Open,FED:SAC-CAS,direct federation-level evidence,True,False
2010-08-28,"IFSC Climbing Worldcup (L,S) - Chuncheon (KOR) 2010",IFSC,World series,Senior / Open,WC,direct adult World series/World championship evidence,True,False
2010-09-04,Swiss Climbing Cup SCC + SM (L) - Niederwangen 2010,SAC-CAS,National series,Senior / Open,FED:SAC-CAS,direct federation-level evidence,True,False
2010-09-05,Mammut Youth Climbing Cup MYCC + SM (L) - Niederwangen 2010,SAC-CAS,Regional / local,Youth,FED:SAC-CAS:YOUTH,direct federation-level evidence,True,False
2010-09-09,IFSC World Youth Championship - Edinburgh (GBR) - 2010,IFSC,International other youth,Youth,SHARED_BRIDGE_ONLY,valid shared-skill evidence without a governed direct target-head label,True,False
2010-09-14,European Championship - Imst/Innsbruck (AUT) 2010,IFSC,Continental championship,Senior / Open,IFSC_REG:EUROPE,direct IFSC regional/continental evidence,True,False
2010-09-16,Asian Continental Championship,IFSC,Continental championship,Senior / Open,IFSC_REG:ASIA,direct IFSC regional/continental evidence,True,False
2010-09-18,Bayerische Meisterschaften Jugend/Junioren (Schwierigkeit) - Ingolstadt 2010,DIGITALROCK,Regional / local youth,Youth,SHARED_BRIDGE_ONLY,valid shared-skill evidence without a governed direct target-head label,True,False
2010-09-24,IFSC Climbing Worldcup (L) - Puurs (BEL) 2010,IFSC,World series,Senior / Open,WC,direct adult World series/World championship evidence,True,False
2010-09-26,DAV Jugend- und Juniorencup Heilbronn 2010,DIGITALROCK,Regional / local youth,Youth,SHARED_BRIDGE_ONLY,valid shared-skill evidence without a governed direct target-head label,True,False
2010-10-02,NRW Landesmeisterschaft Lead - Köln-Chorweiler 2010,DIGITALROCK,Regional / local youth,Youth,SHARED_BRIDGE_ONLY,valid shared-skill evidence without a governed direct target-head label,True,False
2010-10-02,European Youth Series - Veliko Tarnovo (BUL) 2010,IFSC,Continental series youth,Youth,IFSC_REG:EUROPE:YOUTH,direct IFSC regional/continental evidence,True,False
2010-10-02,Mammut Youth Climbing Cup MYCC + SM (S) - Züspa Zürich 2010,SAC-CAS,Regional / local,Youth,FED:SAC-CAS:YOUTH,direct federation-level evidence,True,False
2010-10-02,Swiss Climbing Cup SCC + SM (S) - Züspa Zürich 2010,SAC-CAS,National series,Senior / Open,FED:SAC-CAS,direct federation-level evidence,True,False
2010-10-16,Swiss Climbing Cup SCC + SM (B) - Pratteln 2010,SAC-CAS,National series,Senior / Open,FED:SAC-CAS,direct federation-level evidence,True,False
2010-10-17,DAV Jugend- und Juniorencup Würzburg 2010,DIGITALROCK,Regional / local youth,Youth,SHARED_BRIDGE_ONLY,valid shared-skill evidence without a governed direct target-head label,True,False
2010-10-23,European Youth Series - Annecy (France) 2010,IFSC,Continental series youth,Youth,IFSC_REG:EUROPE:YOUTH,direct IFSC regional/continental evidence,True,False
2010-10-29,"IFSC Climbing Worldcup (L, S) - Huaiji (CHN) 2010",IFSC,World series,Senior / Open,WC,direct adult World series/World championship evidence,True,False
2010-10-30,DAV Jugend- und Juniorencup Balingen 2010,DIGITALROCK,Regional / local youth,Youth,SHARED_BRIDGE_ONLY,valid shared-skill evidence without a governed direct target-head label,True,False
2010-11-06,Westdeutsche Meisterschaft - Wuppertal 2010,DIGITALROCK,National championship youth,Youth,SHARED_BRIDGE_ONLY,valid shared-skill evidence without a governed direct target-head label,True,False
2010-11-13,IFSC Climbing Worldcup (L) - Kranj (SLO) 2010,IFSC,World series,Senior / Open,WC,direct adult World series/World championship evidence,True,False
2010-11-20,European Youth Series - Kranj (SLO) 2010,IFSC,Continental series youth,Youth,IFSC_REG:EUROPE:YOUTH,direct IFSC regional/continental evidence,True,False
2010-11-23,"PanAmerican Youth Championship (L,S, B) - Ibarra (ECU)",IFSC,International other youth,Youth,SHARED_BRIDGE_ONLY,valid shared-skill evidence without a governed direct target-head label,True,False
2010-11-27,Deutsche Jugendmeisterschaft - Leipzig 2010,DIGITALROCK,Regional / local youth,Youth,SHARED_BRIDGE_ONLY,valid shared-skill evidence without a governed direct target-head label,True,False
2010-12-04,European Speed Cup - Nicosia (CYP) 2010,IFSC,Continental series,Senior / Open,IFSC_REG:EUROPE,direct IFSC regional/continental evidence,True,False
2010-12-11,Bayerische Meisterschaften Jugend/Junioren (Schwierigkeit) - Rosenheim 2010,DIGITALROCK,Regional / local youth,Youth,SHARED_BRIDGE_ONLY,valid shared-skill evidence without a governed direct target-head label,True,False
2011-03-06,Rheintal Cup - Kinder-Bouldertag Küblis (B),IFSC,International other youth,Youth,SHARED_BRIDGE_ONLY,valid shared-skill evidence without a governed direct target-head label,True,False
2011-03-26,Bächli Swiss Climbing Cup BSCC (B) - Genève,SAC-CAS,National series,Senior / Open,FED:SAC-CAS,direct federation-level evidence,True,False
2011-04-09,Rheintal Cup - Junior Cup Dornbirn (L),IFSC,International other youth,Youth,SHARED_BRIDGE_ONLY,valid shared-skill evidence without a governed direct target-head label,True,False
2011-04-10,DAV Jugendcup - Scheidegg 2011,DIGITALROCK,National series youth,Youth,SHARED_BRIDGE_ONLY,valid shared-skill evidence without a governed direct target-head label,True,False
2011-04-14,"IFSC Climbing Worldcup (B,S) - Milano (ITA) 2011",IFSC,World series,Senior / Open,WC,direct adult World series/World championship evidence,True,False
2011-04-16,Bayerische Meisterschaften Jugend/Junioren (Bouldern) - Thalkirchen 2011,DIGITALROCK,Regional / local youth,Youth,SHARED_BRIDGE_ONLY,valid shared-skill evidence without a governed direct target-head label,True,False
2011-05-07,IFSC Climbing Worldcup (B) - Log-Dragomer (SLO) 2011,IFSC,World series,Senior / Open,WC,direct adult World series/World championship evidence,True,False
2011-05-07,Bächli Swiss Climbing Cup BSCC (B) - Pratteln,SAC-CAS,National series,Senior / Open,FED:SAC-CAS,direct federation-level evidence,True,False
2011-05-13,IFSC Climbing Worldcup (B) - Vienna (AUT) 2011 ,IFSC,World series,Senior / Open,WC,direct adult World series/World championship evidence,True,False
2011-05-14,European Youth Cup (S) - Tarnow (POL) 2011,IFSC,Continental series youth,Youth,IFSC_REG:EUROPE:YOUTH,direct IFSC regional/continental evidence,True,False
2011-05-15, Mammut Youth Climbing Cup MYCC + SM (B) - Lugano,SAC-CAS,Regional / local,Youth,FED:SAC-CAS:YOUTH,direct federation-level evidence,True,False
2011-05-20,"European Youth Cup (L,S) - Edinburgh (GBR) 2011",IFSC,Continental series youth,Youth,IFSC_REG:EUROPE:YOUTH,direct IFSC regional/continental evidence,True,False
2011-05-27,IFSC Climbing Worldcup (B) - Canmore (CAN) 2011,IFSC,World series,Senior / Open,WC,direct adult World series/World championship evidence,True,False
2011-06-03,IFSC Climbing Worldcup (B) - Vail (USA) 2011 ,IFSC,World series,Senior / Open,WC,direct adult World series/World championship evidence,True,False
2011-06-04,DAV Jugendcup - Regensburg 2011,DIGITALROCK,National series youth,Youth,SHARED_BRIDGE_ONLY,valid shared-skill evidence without a governed direct target-head label,True,False
2011-06-05,Mammut Youth Climbing Cup MYCC (B) - Grindelwald,SAC-CAS,Regional / local,Youth,FED:SAC-CAS:YOUTH,direct federation-level evidence,True,False
2011-06-12,Deutsche Jugendmeisterschaft Bouldern - Frankfurt 2011,DIGITALROCK,Regional / local youth,Youth,SHARED_BRIDGE_ONLY,valid shared-skill evidence without a governed direct target-head label,True,False
2011-06-17,IFSC Climbing Worldcup (B) - Eindhoven (NED) 2011,IFSC,World series,Senior / Open,WC,direct adult World series/World championship evidence,True,False
2011-06-25,IFSC Climbing Worldcup (B) - Barcelona (ESP) 2011,IFSC,World series,Senior / Open,WC,direct adult World series/World championship evidence,True,False
2011-06-25,Mammut Youth Climbing Cup MYCC (L) - Sottens,SAC-CAS,Regional / local,Youth,FED:SAC-CAS:YOUTH,direct federation-level evidence,True,False
2011-07-02,IFSC Climbing Worldcup (B) - Sheffield (GBR) 2011,IFSC,World series,Senior / Open,WC,direct adult World series/World championship evidence,True,False
2011-07-09,European Youth Cup (S) - Chamonix (FRA) 2011,IFSC,Continental series youth,Youth,IFSC_REG:EUROPE:YOUTH,direct IFSC regional/continental evidence,True,False
2011-07-12,"IFSC Climbing Worldcup (L,S) - Chamonix (FRA) 2011",IFSC,World series,Senior / Open,WC,direct adult World series/World championship evidence,True,False
2011-07-14,European Youth Cup (S) - Friedrichshafen (GER) 2011,IFSC,Continental series youth,Youth,IFSC_REG:EUROPE:YOUTH,direct IFSC regional/continental evidence,True,False
2011-07-15,IFSC Climbing World Championships  - Arco (ITA) 2011,IFSC,World major,Senior / Open,WC,direct adult World series/World championship evidence,True,False
2011-07-20,IFSC World Championship Lead Group A - Arco 2011,IFSC,World major,Senior / Open,WC,direct adult World series/World championship evidence,True,False
2011-07-20,IFSC World Championship Lead Group B - Arco 2011,IFSC,World major,Senior / Open,WC,direct adult World series/World championship evidence,True,False
2011-07-23,Bayerische Meisterschaften Jugend/Junioren (Schwierigkeit) - Coburg 2011,DIGITALROCK,Regional / local youth,Youth,SHARED_BRIDGE_ONLY,valid shared-skill evidence without a governed direct target-head label,True,False
2011-07-23,Rockmaster Gala Duel - Arco (ITA) 2011,IFSC,International other,Senior / Open,SHARED_BRIDGE_ONLY,valid shared-skill evidence without a governed direct target-head label,True,False
2011-07-28,Asian Youth Championship - Singapore (SGP) 2011,IFSC,Continental championship youth,Youth,IFSC_REG:ASIA:YOUTH,direct IFSC regional/continental evidence,True,False
2011-07-29,IFSC Climbing Worldcup (L) - Briançon (FRA) 2011,IFSC,World series,Senior / Open,WC,direct adult World series/World championship evidence,True,False
2011-08-01,"European Youth Cup (L,S) - Veliko Tarnovo (BUL) 2011",IFSC,Continental series youth,Youth,IFSC_REG:EUROPE:YOUTH,direct IFSC regional/continental evidence,True,False
2011-08-06,IFSC Climbing Worldcup (S) - Daone (ITA) 2011,IFSC,World series,Senior / Open,WC,direct adult World series/World championship evidence,True,False
2011-08-12,European Youth Cup (L) - Imst (AUT) 2011,IFSC,Continental series youth,Youth,IFSC_REG:EUROPE:YOUTH,direct IFSC regional/continental evidence,True,False
2011-08-19,IFSC Climbing Worldcup (B) - Munich (GER) 2011 ,IFSC,World series,Senior / Open,WC,direct adult World series/World championship evidence,True,False
2011-08-21,Mammut Youth Climbing Cup MYCC + SM (L) - Niederwangen,SAC-CAS,Regional / local,Youth,FED:SAC-CAS:YOUTH,direct federation-level evidence,True,False
2011-08-25,IFSC World Youth Championship - Imst (AUT) - 2011,IFSC,International other youth,Youth,SHARED_BRIDGE_ONLY,valid shared-skill evidence without a governed direct target-head label,True,False
2011-09-02,"IFSC Climbing Worldcup (L,S) - Xining (CHN) 2011",IFSC,World series,Senior / Open,WC,direct adult World series/World championship evidence,True,False
2011-09-07,"IFSC Climbing Worldcup (L,S) - Changzhi (CHN) 2011",IFSC,World series,Senior / Open,WC,direct adult World series/World championship evidence,True,False
2011-09-10,European Youth Cup (B) - Meran (ITA) 2011,IFSC,Continental series youth,Youth,IFSC_REG:EUROPE:YOUTH,direct IFSC regional/continental evidence,True,False
2011-09-10,Bächli Swiss Climbing Cup BSCC + SM (S) - St. Gallen,SAC-CAS,National series,Senior / Open,FED:SAC-CAS,direct federation-level evidence,True,False
2011-09-10,Mammut Youth Climbing Cup MYCC (S) - St.Gallen,SAC-CAS,Regional / local,Youth,FED:SAC-CAS:YOUTH,direct federation-level evidence,True,False
2011-09-16,European Youth Cup (B)- Munich (GER) 2011,IFSC,Continental series youth,Youth,IFSC_REG:EUROPE:YOUTH,direct IFSC regional/continental evidence,True,False
2011-09-24,Rheintal Cup - Megusta-Kids-Cup (L),IFSC,International other youth,Youth,SHARED_BRIDGE_ONLY,valid shared-skill evidence without a governed direct target-head label,True,False
2011-09-24,Rheintal Cup - Megusta-Kids-Cup (S),IFSC,International other,Senior / Open,SHARED_BRIDGE_ONLY,valid shared-skill evidence without a governed direct target-head label,True,False
2011-09-25,DAV Jugendcup - Darmstadt 2011,DIGITALROCK,National series youth,Youth,SHARED_BRIDGE_ONLY,valid shared-skill evidence without a governed direct target-head label,True,False
2011-09-30,IFSC Climbing Worldcup (L) - Puurs (BEL) 2011,IFSC,World series,Senior / Open,WC,direct adult World series/World championship evidence,True,False
2011-10-01,Bächli Swiss Climbing Cup BSCC (S) - Züspa,SAC-CAS,National series,Senior / Open,FED:SAC-CAS,direct federation-level evidence,True,False
2011-10-01,Mammut Youth Climbing Cup MYCC + SM (S) - Züspa,SAC-CAS,Regional / local,Youth,FED:SAC-CAS:YOUTH,direct federation-level evidence,True,False
2011-10-08,Bayerische Meisterschaften Jugend/Junioren (Schwierigkeit) - Würzburg 2011,DIGITALROCK,Regional / local youth,Youth,SHARED_BRIDGE_ONLY,valid shared-skill evidence without a governed direct target-head label,True,False
2011-10-08,NRW-LM-Cup (2) Lead - Ahlen 2011,DIGITALROCK,Regional / local youth,Youth,SHARED_BRIDGE_ONLY,valid shared-skill evidence without a governed direct target-head label,True,False
2011-10-08,IFSC Climbing Worldcup (L) - Boulder (USA) 2011,IFSC,World series,Senior / Open,WC,direct adult World series/World championship evidence,True,False
2011-10-20,IFSC Climbing Worldcup (L) - Amman (JOR) 2011 ,IFSC,World series,Senior / Open,WC,direct adult World series/World championship evidence,True,False
2011-10-28,IFSC Climbing Worldcup (L) - Valence (FRA) 2011,IFSC,World series,Senior / Open,WC,direct adult World series/World championship evidence,True,False
2011-11-11,European Youth Cup (L) - Pau (FRA) 2011,IFSC,Continental series youth,Youth,IFSC_REG:EUROPE:YOUTH,direct IFSC regional/continental evidence,True,False
2011-11-13, Westdeutsche und  Hessische Meisterschaft Sportklettern - Kassel 2011,DIGITALROCK,Regional / local youth,Youth,SHARED_BRIDGE_ONLY,valid shared-skill evidence without a governed direct target-head label,True,False
2011-11-19,NRW Landesmeisterschaft - Troisdorf-Spich 2011,DIGITALROCK,Regional / local youth,Youth,SHARED_BRIDGE_ONLY,valid shared-skill evidence without a governed direct target-head label,True,False
2011-11-19,IFSC Climbing Worldcup (L) - Kranj (SLO) 2011,IFSC,World series,Senior / Open,WC,direct adult World series/World championship evidence,True,False
2011-11-26,European Youth Cup (L)- Kranj (SLO) 2011,IFSC,Continental series youth,Youth,IFSC_REG:EUROPE:YOUTH,direct IFSC regional/continental evidence,True,False
2011-11-26,IFSC Climbing Worldcup (L) - Barcelona (ESP) 2011,IFSC,World series,Senior / Open,WC,direct adult World series/World championship evidence,True,False
2011-12-03,Deutsche Jugendmeisterschaft - Wuppertal 2011,DIGITALROCK,Regional / local youth,Youth,SHARED_BRIDGE_ONLY,valid shared-skill evidence without a governed direct target-head label,True,False
2011-12-03,Rheintal Cup Finale - Nikoloklettern Dornbirn (L),IFSC,International other youth,Youth,SHARED_BRIDGE_ONLY,valid shared-skill evidence without a governed direct target-head label,True,False
2011-12-10,Bayerische Meisterschaften Jugend/Junioren (Schwierigkeit) - Berchtesgaden 2011,DIGITALROCK,Regional / local youth,Youth,SHARED_BRIDGE_ONLY,valid shared-skill evidence without a governed direct target-head label,True,False
2011-12-11,Bayerische Meisterschaft Damen/Herren (Schwierigkeit & Speed) – Berchtesgaden 2011,DIGITALROCK,Regional / local,Senior / Open,SHARED_BRIDGE_ONLY,valid shared-skill evidence without a governed direct target-head label,True,False
2012-02-25,Bayerische Meisterschaften Jugend (Bouldern) - Climb Free München 2012,DIGITALROCK,Regional / local youth,Youth,SHARED_BRIDGE_ONLY,valid shared-skill evidence without a governed direct target-head label,True,False
2012-03-24,Rheintal Cup - Junior Cup Dornbirn (L) 2012,IFSC,International other youth,Youth,SHARED_BRIDGE_ONLY,valid shared-skill evidence without a governed direct target-head label,True,False
2012-03-31,Bächli Swiss Climbing Cup BSCC (L) - St. Gallen / Bodensee Climbing Trophy,SAC-CAS,National series,Senior / Open,FED:SAC-CAS,direct federation-level evidence,True,False
2012-04-13,"IFSC Climbing Worldcup (B,S) - Chongqing (CHN) 2012",IFSC,World series,Senior / Open,WC,direct adult World series/World championship evidence,True,False
2012-04-15,Rheintal Cup - Bouldertag Küblis (B) 2012,IFSC,International other youth,Youth,SHARED_BRIDGE_ONLY,valid shared-skill evidence without a governed direct target-head label,True,False
2012-04-21,IFSC Climbing Worldcup (B) - Log-Dragomer (SLO) 2012,IFSC,World series,Senior / Open,WC,direct adult World series/World championship evidence,True,False
2012-04-25,"Asian Continental Championship - Leye, Guangxi (CHN) 2012",IFSC,Continental championship,Senior / Open,IFSC_REG:ASIA,direct IFSC regional/continental evidence,True,False
2012-04-27,IFSC Climbing Worldcup (B) - Vienna (AUT) 2012,IFSC,World series,Senior / Open,WC,direct adult World series/World championship evidence,True,False
2012-04-28,Offene Hessische Meisterschaft - Wetzlar 2012,DIGITALROCK,Regional / local youth,Youth,SHARED_BRIDGE_ONLY,valid shared-skill evidence without a governed direct target-head label,True,False
2012-05-05,Deutscher Jugendcup Lead - Balingen 2012,DIGITALROCK,Regional / local youth,Youth,SHARED_BRIDGE_ONLY,valid shared-skill evidence without a governed direct target-head label,True,False
2012-05-05,Bächli Swiss Climbing Cup BSCC (B) - Vernier / Genève,SAC-CAS,National series,Senior / Open,FED:SAC-CAS,direct federation-level evidence,True,False
2012-05-18,"European Youth Cup (L,S) - Edinburgh (GBR) 2012",IFSC,Continental series youth,Youth,IFSC_REG:EUROPE:YOUTH,direct IFSC regional/continental evidence,True,False
2012-05-18,IFSC Climbing Worldcup (B) - Innsbruck (AUT) 2012,IFSC,World series,Senior / Open,WC,direct adult World series/World championship evidence,True,False
2012-05-25,"European Youth Cup (L,S) - Moscow (RUS) 2012",IFSC,Continental series youth,Youth,IFSC_REG:EUROPE:YOUTH,direct IFSC regional/continental evidence,True,False
2012-05-26,Deutsche Jugendmeisterschaft Bouldern - Auerbach 2012,DIGITALROCK,Regional / local youth,Youth,SHARED_BRIDGE_ONLY,valid shared-skill evidence without a governed direct target-head label,True,False
2012-06-01,IFSC Climbing Worldcup (B) - Vail (USA) 2012 ,IFSC,World series,Senior / Open,WC,direct adult World series/World championship evidence,True,False
2012-06-02,Rheinland-Pfalz-Cup Bouldern - Rocktown Kaiserslautern 2012,DIGITALROCK,Regional / local youth,Youth,SHARED_BRIDGE_ONLY,valid shared-skill evidence without a governed direct target-head label,True,False
2012-06-02,European Youth Cup (B) - Grindelwald (SUI) 2012,IFSC,Continental series youth,Youth,IFSC_REG:EUROPE:YOUTH,direct IFSC regional/continental evidence,True,False
2012-06-09,European Youth Cup (L) - Voiron (FRA) 2012,IFSC,Continental series youth,Youth,IFSC_REG:EUROPE:YOUTH,direct IFSC regional/continental evidence,True,False
2012-06-09,Bächli Swiss Climbing Cup BSCC + SM (B) - Grindelwald,SAC-CAS,National series,Senior / Open,FED:SAC-CAS,direct federation-level evidence,True,False
2012-06-10,Mammut Youth Climbing Cup MYCC + SM (B) - Grindelwald,SAC-CAS,Regional / local,Youth,FED:SAC-CAS:YOUTH,direct federation-level evidence,True,False
2012-06-23,Rheinland-Pfalz-Cup Lead - Pfalzrock Frankenthal 2012,DIGITALROCK,Regional / local youth,Youth,SHARED_BRIDGE_ONLY,valid shared-skill evidence without a governed direct target-head label,True,False
2012-06-23,Mammut Youth Climbing Cup MYCC + SM (L) - Sottens,SAC-CAS,Regional / local,Youth,FED:SAC-CAS:YOUTH,direct federation-level evidence,True,False
2012-06-30,European Youth Cup (L) - Linz (AUT) 2012,IFSC,Continental series youth,Youth,IFSC_REG:EUROPE:YOUTH,direct IFSC regional/continental evidence,True,False
2012-06-30,Bächli Swiss Climbing Cup BSCC (B) - Fribourg,SAC-CAS,National series,Senior / Open,FED:SAC-CAS,direct federation-level evidence,True,False
2012-07-07,Bayerische Jugend- und Junioren Meisterschaften (Lead) - Rosenheim 2012,DIGITALROCK,Regional / local youth,Youth,SHARED_BRIDGE_ONLY,valid shared-skill evidence without a governed direct target-head label,True,False
2012-07-08,European Youth Cup (S) - Chamonix (FRA) 2012,IFSC,Continental series youth,Youth,IFSC_REG:EUROPE:YOUTH,direct IFSC regional/continental evidence,True,False
2012-07-11,Asian Youth Championship - Hamedan (IRI) 2012,IFSC,Continental championship youth,Youth,IFSC_REG:ASIA:YOUTH,direct IFSC regional/continental evidence,True,False
2012-07-12,"IFSC Climbing Worldcup (L,S) - Chamonix (FRA) 2012",IFSC,World series,Senior / Open,WC,direct adult World series/World championship evidence,True,False
2012-07-20,IFSC Climbing Worldcup (L) - Briançon (FRA) 2012,IFSC,World series,Senior / Open,WC,direct adult World series/World championship evidence,True,False
2012-07-25,European Youth Cup (B) - L'Argentière (FRA) 2012,IFSC,Continental series youth,Youth,IFSC_REG:EUROPE:YOUTH,direct IFSC regional/continental evidence,True,False
2012-07-28,Bayerische Jugend- und Junioren Meisterschaften (Lead) - Coburg 2012,DIGITALROCK,Regional / local youth,Youth,SHARED_BRIDGE_ONLY,valid shared-skill evidence without a governed direct target-head label,True,False
2012-07-28,IFSC Climbing Worldcup (S) - Val Daone (ITA) 2012,IFSC,World series,Senior / Open,WC,direct adult World series/World championship evidence,True,False
2012-08-04,European Youth Cup (L) - Imst (AUT) 2012,IFSC,Continental series youth,Youth,IFSC_REG:EUROPE:YOUTH,direct IFSC regional/continental evidence,True,False
2012-08-10,IFSC Climbing Worldcup (L) - Imst (AUT) 2012,IFSC,World series,Senior / Open,WC,direct adult World series/World championship evidence,True,False
2012-08-11,European Youth Cup (S) - Pieve (ITA) 2012,IFSC,Continental series youth,Youth,IFSC_REG:EUROPE:YOUTH,direct IFSC regional/continental evidence,True,False
2012-08-25,IFSC Climbing Worldcup (B) - Munich (GER) 2012,IFSC,World series,Senior / Open,WC,direct adult World series/World championship evidence,True,False
2012-08-25,Mammut Youth Climbing Cup MYCC (L) - St. Gallen 2012,SAC-CAS,Regional / local,Youth,FED:SAC-CAS:YOUTH,direct federation-level evidence,True,False
2012-08-29,IFSC World Youth Championship - Singapore (SIN) - 2012,IFSC,International other youth,Youth,SHARED_BRIDGE_ONLY,valid shared-skill evidence without a governed direct target-head label,True,False
2012-08-30,"Intl. Event Open for Rockmaster (L, B) - Arco (ITA) 2012",IFSC,International other,Senior / Open,SHARED_BRIDGE_ONLY,valid shared-skill evidence without a governed direct target-head label,True,False
2012-09-01,Westdeutsche Meisterschaft - St. Wendel 2012,DIGITALROCK,National championship youth,Youth,SHARED_BRIDGE_ONLY,valid shared-skill evidence without a governed direct target-head label,True,False
2012-09-01,IFSC Climbing Worldcup (S) - Arco (ITA) 2012,IFSC,World series,Senior / Open,WC,direct adult World series/World championship evidence,True,False
2012-09-01,"Intl. Event (L, B) - ROCKMASTER - Arco (ITA) 2012",IFSC,International other,Senior / Open,SHARED_BRIDGE_ONLY,valid shared-skill evidence without a governed direct target-head label,True,False
2012-09-11,IFSC World Championship Lead Group A - Paris 2012,IFSC,World major,Senior / Open,WC,direct adult World series/World championship evidence,True,False
2012-09-11,IFSC World Championship Lead Group B - Paris 2012,IFSC,World major,Senior / Open,WC,direct adult World series/World championship evidence,True,False
2012-09-12,IFSC Climbing World Championship - Paris (FRA) 2012,IFSC,World major,Senior / Open,WC,direct adult World series/World championship evidence,True,False
2012-09-21,IFSC Climbing Worldcup (L) - Puurs (BEL) 2012,IFSC,World series,Senior / Open,WC,direct adult World series/World championship evidence,True,False
2012-09-22,Rheintal Cup - Megusta Cup Chur (S) 2012,IFSC,International other youth,Youth,SHARED_BRIDGE_ONLY,valid shared-skill evidence without a governed direct target-head label,True,False
2012-09-22,Rheintal Cup - Megusta Cup Chur 2012,IFSC,International other youth,Youth,SHARED_BRIDGE_ONLY,valid shared-skill evidence without a governed direct target-head label,True,False
2012-09-29,IFSC Climbing Worldcup (L) - Atlanta (USA) 2012 ,IFSC,World series,Senior / Open,WC,direct adult World series/World championship evidence,True,False
2012-09-29,Mammut Youth Climbing Cup MYCC + SM (S) - Züspa Zürich,SAC-CAS,Regional / local,Youth,FED:SAC-CAS:YOUTH,direct federation-level evidence,True,False
2012-10-06,2. Ranglistenwettkampf zum Sächsischen Kinder- und Schülercup 2012,DIGITALROCK,Regional / local youth,Youth,SHARED_BRIDGE_ONLY,valid shared-skill evidence without a governed direct target-head label,True,False
2012-10-07,Deutscher Jugendcup Lead - Ingolstadt 2012,DIGITALROCK,Regional / local youth,Youth,SHARED_BRIDGE_ONLY,valid shared-skill evidence without a governed direct target-head label,True,False
2012-10-12,"IFSC Climbing Worldcup (L,S) - Xining (CHN) 2012",IFSC,World series,Senior / Open,WC,direct adult World series/World championship evidence,True,False
2012-10-20,"IFSC Climbing Worldcup (L,S) - Mokpo (KOR) 2012 ",IFSC,World series,Senior / Open,WC,direct adult World series/World championship evidence,True,False
2012-10-21,Deutscher Jugendcup Lead - Frankenthal 2012,DIGITALROCK,Regional / local youth,Youth,SHARED_BRIDGE_ONLY,valid shared-skill evidence without a governed direct target-head label,True,False
2012-10-27,NRW-Landesmeisterschaft Lead - Essen 2012,DIGITALROCK,Regional / local youth,Youth,SHARED_BRIDGE_ONLY,valid shared-skill evidence without a governed direct target-head label,True,False
2012-10-27,IFSC Climbing Worldcup (L) - Inzai (JPN) 2012,IFSC,World series,Senior / Open,WC,direct adult World series/World championship evidence,True,False
2012-11-02,"European Youth Championship (L,S) - Gémozac (FRA) 2012",IFSC,Continental championship youth,Youth,IFSC_REG:EUROPE:YOUTH,direct IFSC regional/continental evidence,True,False
2012-11-07,"IFSC Panamerican Championship (L, S, B) - San Juan de los Morros (VEN) 2012",IFSC,International other,Senior / Open,SHARED_BRIDGE_ONLY,valid shared-skill evidence without a governed direct target-head label,True,False
2012-11-17,IFSC Climbing Worldcup (L) - Kranj (SLO) 2012,IFSC,World series,Senior / Open,WC,direct adult World series/World championship evidence,True,False
2012-11-21,"PanAmerican Youth Championship (L,S, B) - Santiago (CHI) 2012",IFSC,International other youth,Youth,SHARED_BRIDGE_ONLY,valid shared-skill evidence without a governed direct target-head label,True,False
2012-11-24,Offene Sächsische Meisterschaften Damen/Herren und Sächsische Jugendmeisterschaft im XXL Dresden,DIGITALROCK,Regional / local,Senior / Open,SHARED_BRIDGE_ONLY,valid shared-skill evidence without a governed direct target-head label,True,False
2012-11-24,Offene Sächsische Meisterschaften Damen/Herren und Sächsische Jugendmeisterschaft im XXL Dresden,DIGITALROCK,Regional / local youth,Youth,SHARED_BRIDGE_ONLY,valid shared-skill evidence without a governed direct target-head label,True,False
2012-11-24,European Youth Cup (L) - Kranj (SLO) 2012,IFSC,Continental series youth,Youth,IFSC_REG:EUROPE:YOUTH,direct IFSC regional/continental evidence,True,False
2012-11-24,Regiocup Bündner Klettermeisterschaft 2012 (L) - S-chanf,SAC-CAS,Regional / local,Senior / Open,FED:SAC-CAS,direct federation-level evidence,True,False
2012-11-24,Regiocup Bündner Klettermeisterschaft 2012 (L) - S-chanf,SAC-CAS,Regional / local youth,Youth,FED:SAC-CAS:YOUTH,direct federation-level evidence,True,False
2012-11-25,3. Ranglistenwettkampf zum Sächsischen Kinder- und Schülercup 2012,DIGITALROCK,Regional / local youth,Youth,SHARED_BRIDGE_ONLY,valid shared-skill evidence without a governed direct target-head label,True,False
2012-12-08,Bayerische Jugend  Meisterschaften (Lead) - Regensburg 2012,DIGITALROCK,Regional / local youth,Youth,SHARED_BRIDGE_ONLY,valid shared-skill evidence without a governed direct target-head label,True,False
2012-12-08,Rheintal Cup - Nikoloklettern Dornbirn (L) 2012,IFSC,International other youth,Youth,SHARED_BRIDGE_ONLY,valid shared-skill evidence without a governed direct target-head label,True,False
2012-12-09,RockGames und Offene Bayerische Meisterschaften (Lead) - Regensburg 2012,DIGITALROCK,Regional / local youth,Youth,SHARED_BRIDGE_ONLY,valid shared-skill evidence without a governed direct target-head label,True,False
2013-02-24,Rockgames Jugend/Junioren (Bouldern) - Climb Free München 2013,DIGITALROCK,Regional / local youth,Youth,SHARED_BRIDGE_ONLY,valid shared-skill evidence without a governed direct target-head label,True,False
2013-03-02,Promo Event - The Climbing Works International Festival (B) - Sheffield (GBR) 2013,IFSC,International other,Senior / Open,SHARED_BRIDGE_ONLY,valid shared-skill evidence without a governed direct target-head label,True,False
2013-03-09,Deutscher Jugendcup Boulder - Frankfurt 2013,DIGITALROCK,Regional / local youth,Youth,SHARED_BRIDGE_ONLY,valid shared-skill evidence without a governed direct target-head label,True,False
2013-03-09,Rheintal Cup - Junior Cup Dornbirn (L)  2013,SAC-CAS,Regional / local,Youth,FED:SAC-CAS:YOUTH,direct federation-level evidence,True,False
2013-03-16,2. Offene Rheinland-Pfalz-Meisterschaft Bouldern - Rocktown Kaiserslautern 2013,DIGITALROCK,Regional / local youth,Youth,SHARED_BRIDGE_ONLY,valid shared-skill evidence without a governed direct target-head label,True,False
2013-03-22,"IFSC Climbing Worldcup (B,S) - Chongqing (CHN) 2013",IFSC,World series,Senior / Open,WC,direct adult World series/World championship evidence,True,False
2013-03-23,Bodenseetrophy Dornbirn (D-A-CH) 2013 ,SAC-CAS,Regional / local,Senior / Open,FED:SAC-CAS,direct federation-level evidence,True,False
2013-03-23,Bächli Swiss Climbing Cup BSCC / Bodensee Climbing Trophy (L) - Dornbirn (AUT),SAC-CAS,National series,Senior / Open,FED:SAC-CAS,direct federation-level evidence,True,False
2013-04-05,IFSC Climbing Worldcup (B) - Millau (FRA) 2013,IFSC,World series,Senior / Open,WC,direct adult World series/World championship evidence,True,False
2013-04-13,1. Wettkampf zum Sächsischen Kinder- und Schülercup 2013 in Zittau,DIGITALROCK,Regional / local youth,Youth,SHARED_BRIDGE_ONLY,valid shared-skill evidence without a governed direct target-head label,True,False
2013-04-13,Hessische Meisterschaft - Fulda 2013,DIGITALROCK,Regional / local youth,Youth,SHARED_BRIDGE_ONLY,valid shared-skill evidence without a governed direct target-head label,True,False
2013-04-14,Norddeutsche Meisterschaft (Lead) - Hamburg 2013,DIGITALROCK,National championship youth,Youth,SHARED_BRIDGE_ONLY,valid shared-skill evidence without a governed direct target-head label,True,False
2013-04-20,17. offene Rheinland-Pfalz-Meisterschaft - Pfalz Rock Frankenthal 2013 (L),DIGITALROCK,Regional / local youth,Youth,SHARED_BRIDGE_ONLY,valid shared-skill evidence without a governed direct target-head label,True,False
2013-04-20,BaWü Jugendcup Bouldern Heilbronn,DIGITALROCK,Regional / local youth,Youth,SHARED_BRIDGE_ONLY,valid shared-skill evidence without a governed direct target-head label,True,False
2013-04-21,Rockgames Jugend (Bouldern) - Rosenheim 2013,DIGITALROCK,Regional / local youth,Youth,SHARED_BRIDGE_ONLY,valid shared-skill evidence without a governed direct target-head label,True,False
2013-04-26,IFSC Climbing Worldcup (B) - Kitzbühel (AUT) 2013,IFSC,World series,Senior / Open,WC,direct adult World series/World championship evidence,True,False
2013-05-11,IFSC Climbing Worldcup (B) - Log-Dragomer (SLO) 2013,IFSC,World series,Senior / Open,WC,direct adult World series/World championship evidence,True,False
2013-05-16,"European Cup (L, S) - Ekaterinburg (RUS) 2013",IFSC,Continental series,Senior / Open,IFSC_REG:EUROPE,direct IFSC regional/continental evidence,True,False
2013-05-17,IFSC Climbing Worldcup (B) - Innsbruck (AUT) 2013,IFSC,World series,Senior / Open,WC,direct adult World series/World championship evidence,True,False
2013-05-22,"Asian Continental Championship - Tehran, (IRN) 2013",IFSC,Continental championship,Senior / Open,IFSC_REG:ASIA,direct IFSC regional/continental evidence,True,False
2013-05-25,European Youth Championship (B) - Grindelwald (SUI) 2013,IFSC,Continental championship youth,Youth,IFSC_REG:EUROPE:YOUTH,direct IFSC regional/continental evidence,True,False
2013-05-25,Oceania Continental Championship - Nouméa (New Caledonia) 2013,IFSC,Continental championship,Senior / Open,IFSC_REG:OCEANIA,direct IFSC regional/continental evidence,True,False
2013-05-25,Oceania Continental Championship - Nouméa (New Caledonia) 2013,IFSC,Continental championship youth,Youth,IFSC_REG:OCEANIA:YOUTH,direct IFSC regional/continental evidence,True,False
2013-06-01,1. Wettkampf zum Sächsischen Jugendcup 2013 in Leipzig,DIGITALROCK,Regional / local youth,Youth,SHARED_BRIDGE_ONLY,valid shared-skill evidence without a governed direct target-head label,True,False
2013-06-01,2. Wettkampf zum Sächsischen Kinder- und Schülercup 2013 in Leipzig,DIGITALROCK,Regional / local youth,Youth,SHARED_BRIDGE_ONLY,valid shared-skill evidence without a governed direct target-head label,True,False
2013-06-01,IFSC Climbing Worldcup (B) - Toronto (CAN) 2013,IFSC,World series,Senior / Open,WC,direct adult World series/World championship evidence,True,False
2013-06-01,Bächli Swiss Climbing Cup BSCC (B) - Grindelwald,SAC-CAS,National series,Senior / Open,FED:SAC-CAS,direct federation-level evidence,True,False
2013-06-02,Mammut Youth Climbing Cup MYCC + SM (B) - Grindelwald 2013,SAC-CAS,Regional / local,Youth,FED:SAC-CAS:YOUTH,direct federation-level evidence,True,False
2013-06-07,IFSC Climbing Worldcup (B) - Vail (USA) 2013,IFSC,World series,Senior / Open,WC,direct adult World series/World championship evidence,True,False
2013-06-08,BaWü Jugendcup Speed Reutlingen,DIGITALROCK,Regional / local youth,Youth,SHARED_BRIDGE_ONLY,valid shared-skill evidence without a governed direct target-head label,True,False
2013-06-08,"European Youth Cup (L, S) - Edinburgh (GBR) 2013",IFSC,Continental series youth,Youth,IFSC_REG:EUROPE:YOUTH,direct IFSC regional/continental evidence,True,False
2013-06-08,Bächli Swiss Climbing Cup BSCC + SM (B) - Genève,SAC-CAS,National series,Senior / Open,FED:SAC-CAS,direct federation-level evidence,True,False
2013-06-09,Mammut Youth Climbing Cup MYCC (B) - Genève 2013,SAC-CAS,Regional / local,Youth,FED:SAC-CAS:YOUTH,direct federation-level evidence,True,False
2013-06-15,Mammut Youth Climbing Cup MYCC + SM (L) - Sottens 2013,SAC-CAS,Regional / local,Youth,FED:SAC-CAS:YOUTH,direct federation-level evidence,True,False
2013-06-16,Deutscher Jugendcup Boulder - Auerbach2013,DIGITALROCK,Regional / local youth,Youth,SHARED_BRIDGE_ONLY,valid shared-skill evidence without a governed direct target-head label,True,False
2013-06-22,IFSC Climbing Worldcup (S) - Baku (AZE) 2013,IFSC,World series,Senior / Open,WC,direct adult World series/World championship evidence,True,False
2013-06-22,Bächli Swiss Climbing Cup BSCC + SM (L) - Niederwangen,SAC-CAS,National series,Senior / Open,FED:SAC-CAS,direct federation-level evidence,True,False
2013-06-23,Deutscher Jugendcup Lead - Kempten 2013,DIGITALROCK,Regional / local youth,Youth,SHARED_BRIDGE_ONLY,valid shared-skill evidence without a governed direct target-head label,True,False
2013-06-28,European Youth Cup (B) - Sofia (BUL) 2013,IFSC,Continental series youth,Youth,IFSC_REG:EUROPE:YOUTH,direct IFSC regional/continental evidence,True,False
2013-06-29,BaWü Jugendcup Lead Freiburg,DIGITALROCK,Regional / local youth,Youth,SHARED_BRIDGE_ONLY,valid shared-skill evidence without a governed direct target-head label,True,False
2013-06-29,NRW Landesmeisterschaft Speed Classic,DIGITALROCK,Regional / local youth,Youth,SHARED_BRIDGE_ONLY,valid shared-skill evidence without a governed direct target-head label,True,False
2013-06-29,European Youth Cup (S) - Imst (AUT) 2013,IFSC,Continental series youth,Youth,IFSC_REG:EUROPE:YOUTH,direct IFSC regional/continental evidence,True,False
2013-07-06,Landesjugendspiele - Sächsische Bouldermeisterschaft Teil 1,DIGITALROCK,Regional / local youth,Youth,SHARED_BRIDGE_ONLY,valid shared-skill evidence without a governed direct target-head label,True,False
2013-07-07,Deutscher Jugendcup Speed - München 2013,DIGITALROCK,Regional / local youth,Youth,SHARED_BRIDGE_ONLY,valid shared-skill evidence without a governed direct target-head label,True,False
2013-07-09,European Youth Cup (S) - Chamonix (FRA) 2013,IFSC,Continental series youth,Youth,IFSC_REG:EUROPE:YOUTH,direct IFSC regional/continental evidence,True,False
2013-07-10,"European Championship (L,S) - Chamonix (FRA) 2013 ",IFSC,Continental championship,Senior / Open,IFSC_REG:EUROPE,direct IFSC regional/continental evidence,True,False
2013-07-19,IFSC Climbing Worldcup (L) - Briançon (FRA) 2013,IFSC,World series,Senior / Open,WC,direct adult World series/World championship evidence,True,False
2013-07-20,BaWü Jugendcup Lead Offenburg,DIGITALROCK,Regional / local youth,Youth,SHARED_BRIDGE_ONLY,valid shared-skill evidence without a governed direct target-head label,True,False
2013-07-22,European Youth Cup (B) - L'Argentière (FRA) 2013,IFSC,Continental series youth,Youth,IFSC_REG:EUROPE:YOUTH,direct IFSC regional/continental evidence,True,False
2013-07-25,"European Youth Championship (L,S) - Imst (AUT) 2013",IFSC,Continental championship youth,Youth,IFSC_REG:EUROPE:YOUTH,direct IFSC regional/continental evidence,True,False
2013-07-27,Rockgames Jugend/Junioren (Lead) - Coburg 2013,DIGITALROCK,Regional / local youth,Youth,SHARED_BRIDGE_ONLY,valid shared-skill evidence without a governed direct target-head label,True,False
2013-08-03,The World Games 2013 - Cali (COL) 2013,IFSC,International other,Senior / Open,SHARED_BRIDGE_ONLY,valid shared-skill evidence without a governed direct target-head label,True,False
2013-08-09,IFSC Climbing Worldcup (L) - Imst (AUT) 2013,IFSC,World series,Senior / Open,WC,direct adult World series/World championship evidence,True,False
2013-08-15,IFSC World Youth Championship - Central Saanich (CAN) - 2013,IFSC,International other youth,Youth,SHARED_BRIDGE_ONLY,valid shared-skill evidence without a governed direct target-head label,True,False
2013-08-24,IFSC Climbing Worldcup (B) - Munich (GER) 2013,IFSC,World series,Senior / Open,WC,direct adult World series/World championship evidence,True,False
2013-08-24,Mammut Youth Climbing Cup MYCC (L) - Näfels 2013,SAC-CAS,Regional / local,Youth,FED:SAC-CAS:YOUTH,direct federation-level evidence,True,False
2013-08-31,European Championship (B) - Eindhoven (NED) 2013,IFSC,Continental championship,Senior / Open,IFSC_REG:EUROPE,direct IFSC regional/continental evidence,True,False
2013-09-01,Westdeutsche Meisterschaft - Pfalz Rock Frankenthal 2013 (L),DIGITALROCK,National championship youth,Youth,SHARED_BRIDGE_ONLY,valid shared-skill evidence without a governed direct target-head label,True,False
2013-09-05,"Intl. Event Open for Rockmaster (L, B) - Arco (ITA) 2013",IFSC,International other,Senior / Open,SHARED_BRIDGE_ONLY,valid shared-skill evidence without a governed direct target-head label,True,False
2013-09-07,Deutscher Jugendcup Lead - Neu-Ulm 2013,DIGITALROCK,Regional / local youth,Youth,SHARED_BRIDGE_ONLY,valid shared-skill evidence without a governed direct target-head label,True,False
2013-09-07,Deutscher Jugendcup Speed - Neu-Ulm 2013,DIGITALROCK,Regional / local youth,Youth,SHARED_BRIDGE_ONLY,valid shared-skill evidence without a governed direct target-head label,True,False
2013-09-07,European Youth Cup (L) - Stavanger (NOR) 2013,IFSC,Continental series youth,Youth,IFSC_REG:EUROPE:YOUTH,direct IFSC regional/continental evidence,True,False
2013-09-07,IFSC Climbing Worldcup (S) - Arco (ITA) 2013,IFSC,World series,Senior / Open,WC,direct adult World series/World championship evidence,True,False
2013-09-07,"Intl. Event (L, B) - ROCKMASTER - Arco (ITA) 2013",IFSC,International other,Senior / Open,SHARED_BRIDGE_ONLY,valid shared-skill evidence without a governed direct target-head label,True,False
2013-09-20,IFSC Climbing Worldcup (L) - Puurs (BEL) 2013,IFSC,World series,Senior / Open,WC,direct adult World series/World championship evidence,True,False
2013-09-21,BaWü Jugendcup Lead Ravensburg,DIGITALROCK,Regional / local youth,Youth,SHARED_BRIDGE_ONLY,valid shared-skill evidence without a governed direct target-head label,True,False
2013-09-27,"IFSC Climbing Worldcup (L,S) - Perm (RUS) 2013",IFSC,World series,Senior / Open,WC,direct adult World series/World championship evidence,True,False
2013-09-28,3.Wettkampf zum Sächsischen Kinder- und Schülercup 2013,DIGITALROCK,Regional / local youth,Youth,SHARED_BRIDGE_ONLY,valid shared-skill evidence without a governed direct target-head label,True,False
2013-09-28,Bächli Swiss Climbing Cup BSCC +SM (S) - Züspa Zürich,SAC-CAS,National series,Senior / Open,FED:SAC-CAS,direct federation-level evidence,True,False
2013-09-28,Mammut Youth Climbing Cup MYCC + SM (S) - Züspa Zürich 2013,SAC-CAS,Regional / local,Youth,FED:SAC-CAS:YOUTH,direct federation-level evidence,True,False
2013-10-06,Deutscher Jugendcup Lead - Würzburg 2013,DIGITALROCK,Regional / local youth,Youth,SHARED_BRIDGE_ONLY,valid shared-skill evidence without a governed direct target-head label,True,False
2013-10-11,"IFSC Climbing Worldcup (L,S) - Mokpo (KOR) 2013",IFSC,World series,Senior / Open,WC,direct adult World series/World championship evidence,True,False
2013-10-12,European Youth Cup (B) - Laval (FRA) 2013,IFSC,Continental series youth,Youth,IFSC_REG:EUROPE:YOUTH,direct IFSC regional/continental evidence,True,False
2013-10-15,IFSC Climbing Worldcup (S) - Haiyang (CHN) 2013,IFSC,World series,Senior / Open,WC,direct adult World series/World championship evidence,True,False
2013-10-15,Promotional Event -  (L) - Haiyang (CHN) 2013,IFSC,International other,Senior / Open,SHARED_BRIDGE_ONLY,valid shared-skill evidence without a governed direct target-head label,True,False
2013-10-19,"IFSC Climbing Worldcup (L,S) - Wujiang (CHN) 2013",IFSC,World series,Senior / Open,WC,direct adult World series/World championship evidence,True,False
2013-10-20,Regensburger Race Challenge (Speed) - Regensburg 2013,DIGITALROCK,Regional / local youth,Youth,SHARED_BRIDGE_ONLY,valid shared-skill evidence without a governed direct target-head label,True,False
2013-10-20,Rockgames Jugend/Junioren (Lead) - Regensburg 2013,DIGITALROCK,Regional / local youth,Youth,SHARED_BRIDGE_ONLY,valid shared-skill evidence without a governed direct target-head label,True,False
2013-11-01,IFSC Climbing Worldcup (L) - Valence (FRA) 2013,IFSC,World series,Senior / Open,WC,direct adult World series/World championship evidence,True,False
2013-11-09, 2. Wettkampf zum Sächsischen Jugendcup und Landesmeisterschaft 2013 Dresden,DIGITALROCK,Regional / local youth,Youth,SHARED_BRIDGE_ONLY,valid shared-skill evidence without a governed direct target-head label,True,False
2013-11-09,4. Wettkampf zum Sächsischen Kinder- und Schülercup 2013,DIGITALROCK,Regional / local youth,Youth,SHARED_BRIDGE_ONLY,valid shared-skill evidence without a governed direct target-head label,True,False
2013-11-09,Offene Sächsische Meisterschaften der Senioren 2013 Dresden,DIGITALROCK,Regional / local,Senior / Open,SHARED_BRIDGE_ONLY,valid shared-skill evidence without a governed direct target-head label,True,False
2013-11-16,Offene NRW-Landesmeisterschaft (Lead) - Bochum 2013,DIGITALROCK,Regional / local youth,Youth,SHARED_BRIDGE_ONLY,valid shared-skill evidence without a governed direct target-head label,True,False
2013-11-16,IFSC Climbing Worldcup (L) - Kranj (SLO) 2013,IFSC,World series,Senior / Open,WC,direct adult World series/World championship evidence,True,False
2013-11-23,Sächsischen Bouldermeisterschaft Teil 2 Jugend A-F in Leipzig ,DIGITALROCK,Regional / local youth,Youth,SHARED_BRIDGE_ONLY,valid shared-skill evidence without a governed direct target-head label,True,False
2013-11-23,Bündner Klettermeisterschaft - Regiocup Disentis (L),SAC-CAS,Regional / local,Senior / Open,FED:SAC-CAS,direct federation-level evidence,True,False
2013-11-23,Bündner Klettermeisterschaft - Regiocup Disentis (L),SAC-CAS,Regional / local youth,Youth,FED:SAC-CAS:YOUTH,direct federation-level evidence,True,False
2013-12-11,Asian Youth Championship - Surabaya (INA) 2013,IFSC,Continental championship youth,Youth,IFSC_REG:ASIA:YOUTH,direct IFSC regional/continental evidence,True,False
2014-02-22,1. Bayerischer Jugendcup Bouldern - München 2014,DIGITALROCK,Regional / local youth,Youth,SHARED_BRIDGE_ONLY,valid shared-skill evidence without a governed direct target-head label,True,False
2014-02-22,Norddeutsche Meisterschaft (Bouldern) - Braunschweig 2014,DIGITALROCK,National championship youth,Youth,SHARED_BRIDGE_ONLY,valid shared-skill evidence without a governed direct target-head label,True,False
2014-03-01,Hessische Jugend-Bouldermeisterschaft 2014,DIGITALROCK,Regional / local youth,Youth,SHARED_BRIDGE_ONLY,valid shared-skill evidence without a governed direct target-head label,True,False
2014-03-08,Offener Sächsischer Kinder-Jugendcup Bouldern Teil 1 in Dresden,DIGITALROCK,Regional / local youth,Youth,SHARED_BRIDGE_ONLY,valid shared-skill evidence without a governed direct target-head label,True,False
2014-03-08,Rheintal Cup - K1-Cup Dornbirn (L) 2014,SAC-CAS,Regional / local,Senior / Open,FED:SAC-CAS,direct federation-level evidence,True,False
2014-03-15,Promo Event - The Climbing Works International Festival (B) - Sheffield (GBR) 2014,IFSC,International other,Senior / Open,SHARED_BRIDGE_ONLY,valid shared-skill evidence without a governed direct target-head label,True,False
2014-03-22,3. Offene Rheinland-Pfalz-Meisterschaft Bouldern - Rocktown Kaiserslautern 2014,DIGITALROCK,Regional / local youth,Youth,SHARED_BRIDGE_ONLY,valid shared-skill evidence without a governed direct target-head label,True,False
2014-04-05,BaWü Jugendcup Bouldern Reutlingen,DIGITALROCK,Regional / local youth,Youth,SHARED_BRIDGE_ONLY,valid shared-skill evidence without a governed direct target-head label,True,False
2014-04-06,Rheintal Cup - Bouldertag Küblis (B) 2014,SAC-CAS,Regional / local,Senior / Open,FED:SAC-CAS,direct federation-level evidence,True,False
2014-04-12,Mammut Youth Climbing Cup MYCC (B) 2014 - Pratteln,SAC-CAS,Regional / local,Youth,FED:SAC-CAS:YOUTH,direct federation-level evidence,True,False
2014-04-26,"IFSC Climbing Worldcup (B,S) - Chongqing (CHN) 2014 ",IFSC,World series,Senior / Open,WC,direct adult World series/World championship evidence,True,False
2014-04-26,Bächli Swiss Climbing Cup BSCC (B) 2014 - Givisiez,SAC-CAS,National series,Senior / Open,FED:SAC-CAS,direct federation-level evidence,True,False
2014-05-03,"IFSC Climbing Worldcup (B,S) - Baku (AZE) 2014",IFSC,World series,Senior / Open,WC,direct adult World series/World championship evidence,True,False
2014-05-10,BaWü Jugendcup Bouldern Heilbronn,DIGITALROCK,Regional / local youth,Youth,SHARED_BRIDGE_ONLY,valid shared-skill evidence without a governed direct target-head label,True,False
2014-05-10,IFSC Climbing Worldcup (B) - Grindelwald (SUI) 2014 ,IFSC,World series,Senior / Open,WC,direct adult World series/World championship evidence,True,False
2014-05-16,IFSC Climbing Worldcup (B) - Innsbruck (AUT) 2014 ,IFSC,World series,Senior / Open,WC,direct adult World series/World championship evidence,True,False
2014-05-17,Deutscher Jugendcup Boulder - Frankfurt 2014,DIGITALROCK,Regional / local youth,Youth,SHARED_BRIDGE_ONLY,valid shared-skill evidence without a governed direct target-head label,True,False
2014-05-17,Mammut Youth Climbing Cup MYCC (B) 2014 - Grindelwald,SAC-CAS,Regional / local,Youth,FED:SAC-CAS:YOUTH,direct federation-level evidence,True,False
2014-05-18,Bächli Swiss Climbing Cup BSCC und Boulder-Schweizermeisterschaft 2014 - Grindelwald,SAC-CAS,National championship,Senior / Open,FED:SAC-CAS,direct federation-level evidence,True,False
2014-05-24,BaWü Jugendcup Lead Stuttgart,DIGITALROCK,Regional / local youth,Youth,SHARED_BRIDGE_ONLY,valid shared-skill evidence without a governed direct target-head label,True,False
2014-05-24,Offener Sächsischer Kinder-Jugendcup Lead Teil 1 in Leipzig,DIGITALROCK,Regional / local youth,Youth,SHARED_BRIDGE_ONLY,valid shared-skill evidence without a governed direct target-head label,True,False
2014-05-24,Mammut Youth Climbing Cup MYCC und Boulder-Schweizermeisterschaft 2014 - Genf,SAC-CAS,National championship,Youth,FED:SAC-CAS:YOUTH,direct federation-level evidence,True,False
2014-05-31,2. Bayerischer Jugendcup Bouldern - Regensburg 2014,DIGITALROCK,Regional / local youth,Youth,SHARED_BRIDGE_ONLY,valid shared-skill evidence without a governed direct target-head label,True,False
2014-05-31,European Youth Cup (L) - Imst (AUT) 2014 ,IFSC,Continental series youth,Youth,IFSC_REG:EUROPE:YOUTH,direct IFSC regional/continental evidence,True,False
2014-05-31,IFSC Climbing Worldcup (B) - Toronto (CAN) 2014 ,IFSC,World series,Senior / Open,WC,direct adult World series/World championship evidence,True,False
2014-06-06,IFSC Climbing Worldcup (B) - Vail (USA) 2014,IFSC,World series,Senior / Open,WC,direct adult World series/World championship evidence,True,False
2014-06-08,Deutscher Jugendcup Boulder - Auerbach 2014,DIGITALROCK,Regional / local youth,Youth,SHARED_BRIDGE_ONLY,valid shared-skill evidence without a governed direct target-head label,True,False
2014-06-14,Norddeutsche Meisterschaft Lead - Hamburg 2014,DIGITALROCK,National championship youth,Youth,SHARED_BRIDGE_ONLY,valid shared-skill evidence without a governed direct target-head label,True,False
2014-06-14,Offener Sächsischer Kinder-Jugendcup Lead Teil 2 in Zittau,DIGITALROCK,Regional / local youth,Youth,SHARED_BRIDGE_ONLY,valid shared-skill evidence without a governed direct target-head label,True,False
2014-06-14,"European Youth Championship (L,S) - Edinburgh 2014",IFSC,Continental championship youth,Youth,IFSC_REG:EUROPE:YOUTH,direct IFSC regional/continental evidence,True,False
2014-06-20,"IFSC Climbing Worldcup (L, B, S) - Haiyang (CHN) 2014 ",IFSC,World series,Senior / Open,WC,direct adult World series/World championship evidence,True,False
2014-06-21,Mammut Youth Climbing Cup MYCC (S) 2014 - Chur,SAC-CAS,Regional / local,Youth,FED:SAC-CAS:YOUTH,direct federation-level evidence,True,False
2014-06-27,IFSC Climbing Worldcup (B) - Laval (FRA) 2014,IFSC,World series,Senior / Open,WC,direct adult World series/World championship evidence,True,False
2014-06-28,Hessische Landesmeisterschaft (L) 2014 - DAV Kletterzentrum Frankfurt,DIGITALROCK,Regional / local youth,Youth,SHARED_BRIDGE_ONLY,valid shared-skill evidence without a governed direct target-head label,True,False
2014-06-28,Mammut Youth Climbing Cup MYCC (L) 2014 - Sottens,SAC-CAS,Regional / local,Youth,FED:SAC-CAS:YOUTH,direct federation-level evidence,True,False
2014-07-05,Offener Sächsischer Kinder-Jugendcup Bouldern Teil 2 in Chemnitz,DIGITALROCK,Regional / local youth,Youth,SHARED_BRIDGE_ONLY,valid shared-skill evidence without a governed direct target-head label,True,False
2014-07-05,European Youth Cup (S) - Imst (AUT) 2014 ,IFSC,Continental series youth,Youth,IFSC_REG:EUROPE:YOUTH,direct IFSC regional/continental evidence,True,False
2014-07-06,Deutscher Jugendcup Speed - München 2014,DIGITALROCK,Regional / local youth,Youth,SHARED_BRIDGE_ONLY,valid shared-skill evidence without a governed direct target-head label,True,False
2014-07-09,European Youth Cup (S) - Chamonix (FRA) 2014 ,IFSC,Continental series youth,Youth,IFSC_REG:EUROPE:YOUTH,direct IFSC regional/continental evidence,True,False
2014-07-10,"IFSC Climbing Worldcup (L,S) - Chamonix (FRA) 2014",IFSC,World series,Senior / Open,WC,direct adult World series/World championship evidence,True,False
2014-07-19,1. Bayerischer Jugendcup Lead - Ingolstadt 2014,DIGITALROCK,Regional / local youth,Youth,SHARED_BRIDGE_ONLY,valid shared-skill evidence without a governed direct target-head label,True,False
2014-07-19,BaWü Jugendcup Lead Reutlingen,DIGITALROCK,Regional / local youth,Youth,SHARED_BRIDGE_ONLY,valid shared-skill evidence without a governed direct target-head label,True,False
2014-07-19,IFSC Climbing Worldcup (L) - Briançon (FRA) 2014,IFSC,World series,Senior / Open,WC,direct adult World series/World championship evidence,True,False
2014-07-22,European Youth Cup (B) - L'Argentière (FRA) 2014 ,IFSC,Continental series youth,Youth,IFSC_REG:EUROPE:YOUTH,direct IFSC regional/continental evidence,True,False
2014-07-26,BaWü Jugendcup Lead Offenburg,DIGITALROCK,Regional / local youth,Youth,SHARED_BRIDGE_ONLY,valid shared-skill evidence without a governed direct target-head label,True,False
2014-08-01,IFSC Climbing Worldcup (L) - Imst (AUT) 2014 ,IFSC,World series,Senior / Open,WC,direct adult World series/World championship evidence,True,False
2014-08-15,European Youth Cup (B) - Laengenfeld/Oetzal (AUT) 2014 ,IFSC,Continental series youth,Youth,IFSC_REG:EUROPE:YOUTH,direct IFSC regional/continental evidence,True,False
2014-08-21,IFSC Climbing World Championship (B) - Munich (GER) 2014,IFSC,World major,Senior / Open,WC,direct adult World series/World championship evidence,True,False
2014-08-23,Mammut Youth Climbing Cup MYCC und Lead-Schweizermeisterschaft 2014 - Näfels,SAC-CAS,National championship,Youth,FED:SAC-CAS:YOUTH,direct federation-level evidence,True,False
2014-08-28,"Intl. Event Open for Rockmaster (L, B) - Arco (ITA) 2014",IFSC,International other,Senior / Open,SHARED_BRIDGE_ONLY,valid shared-skill evidence without a governed direct target-head label,True,False
2014-08-30,IFSC Climbing Worldcup (S) - Arco (ITA) 2014 ,IFSC,World series,Senior / Open,WC,direct adult World series/World championship evidence,True,False
2014-08-30,"Intl. Event (L, B) - ROCKMASTER - Arco (ITA) 2014",IFSC,International other,Senior / Open,SHARED_BRIDGE_ONLY,valid shared-skill evidence without a governed direct target-head label,True,False
2014-09-06,European Youth Championship (B) - Arco (ITA) 2014 ,IFSC,Continental championship youth,Youth,IFSC_REG:EUROPE:YOUTH,direct IFSC regional/continental evidence,True,False
2014-09-08,"IFSC Climbing World Championship (L, S) - Gijon (ESP) 2014",IFSC,World major,Senior / Open,WC,direct adult World series/World championship evidence,True,False
2014-09-13,18. offene Rheinland-Pfalz-Meisterschaft - Pfalz Rock Frankenthal 2014 (L),DIGITALROCK,Regional / local youth,Youth,SHARED_BRIDGE_ONLY,valid shared-skill evidence without a governed direct target-head label,True,False
2014-09-13,2. Bayerischer Jugencup Speed - Berchtesgaden 2014,DIGITALROCK,Regional / local youth,Youth,SHARED_BRIDGE_ONLY,valid shared-skill evidence without a governed direct target-head label,True,False
2014-09-13,2. Bayerischer Jugendcup Lead - Berchtesgaden 2014,DIGITALROCK,Regional / local youth,Youth,SHARED_BRIDGE_ONLY,valid shared-skill evidence without a governed direct target-head label,True,False
2014-09-19,"IFSC World Youth Championship - Noumea, New Caledonia (FRA) - 2014",IFSC,International other youth,Youth,SHARED_BRIDGE_ONLY,valid shared-skill evidence without a governed direct target-head label,True,False
2014-09-20,Rheintal Cup - St. Gallen (L) 2014,SAC-CAS,Regional / local,Senior / Open,FED:SAC-CAS,direct federation-level evidence,True,False
2014-09-20,Rheintal Cup - St. Gallen (S) 2014,SAC-CAS,Regional / local,Senior / Open,FED:SAC-CAS,direct federation-level evidence,True,False
2014-09-27,Offene Berliner/Sächsische Meisterschaft Lead in Berlin,DIGITALROCK,Regional / local youth,Youth,SHARED_BRIDGE_ONLY,valid shared-skill evidence without a governed direct target-head label,True,False
2014-09-27,Offene NRW-Landesmeisterschaft Lead,DIGITALROCK,Regional / local youth,Youth,SHARED_BRIDGE_ONLY,valid shared-skill evidence without a governed direct target-head label,True,False
2014-10-01,22th Asian Continental Championship - Lombok (INA) 2014,IFSC,Continental championship,Senior / Open,IFSC_REG:ASIA,direct IFSC regional/continental evidence,True,False
2014-10-04,Bächli Swiss Climbing Cup BSCC und Speed-Schweizermeisterschaft 2014 - Züspa Zürich,SAC-CAS,National championship,Senior / Open,FED:SAC-CAS,direct federation-level evidence,True,False
2014-10-04,Mammut Youth Climbing Cup MYCC und Speed-Schweizermeisterschaft 2014 - Züspa Zürich,SAC-CAS,National championship,Youth,FED:SAC-CAS:YOUTH,direct federation-level evidence,True,False
2014-10-11,Deutscher Jugendcup Lead - Darmstadt 2014,DIGITALROCK,Regional / local youth,Youth,SHARED_BRIDGE_ONLY,valid shared-skill evidence without a governed direct target-head label,True,False
2014-10-11,Deutscher Jugendcup Speed - Darmstadt 2014,DIGITALROCK,Regional / local youth,Youth,SHARED_BRIDGE_ONLY,valid shared-skill evidence without a governed direct target-head label,True,False
2014-10-11,"IFSC Climbing Worldcup (L,S) - Mokpo (KOR) 2014 ",IFSC,World series,Senior / Open,WC,direct adult World series/World championship evidence,True,False
2014-10-18,Arge Alp Sportklettercup 2014,DIGITALROCK,Regional / local youth,Youth,SHARED_BRIDGE_ONLY,valid shared-skill evidence without a governed direct target-head label,True,False
2014-10-18,"IFSC Climbing Worldcup (L,S) - Wujiang (CHN) 2014 ",IFSC,World series,Senior / Open,WC,direct adult World series/World championship evidence,True,False
2014-10-25,IFSC Climbing Worldcup (L) - Inzai (JPN) 2014 ,IFSC,World series,Senior / Open,WC,direct adult World series/World championship evidence,True,False
2014-10-26,Deutscher Jugendcup Lead - Neu-Ulm 2014,DIGITALROCK,Regional / local youth,Youth,SHARED_BRIDGE_ONLY,valid shared-skill evidence without a governed direct target-head label,True,False
2014-11-08,Offener Sächischer Kinder- und Jugendcup Lead Teil 3 in Freiberg,DIGITALROCK,Regional / local youth,Youth,SHARED_BRIDGE_ONLY,valid shared-skill evidence without a governed direct target-head label,True,False
2014-11-09,Deutscher Jugendcup Lead - Berlin 2014,DIGITALROCK,Regional / local youth,Youth,SHARED_BRIDGE_ONLY,valid shared-skill evidence without a governed direct target-head label,True,False
2014-11-15,IFSC Climbing Worldcup (L) - Kranj (SLO) 2014 ,IFSC,World series,Senior / Open,WC,direct adult World series/World championship evidence,True,False
2014-11-22,Offene Sächsische/Berliner Meisterschaft Bouldern in Leipzig,DIGITALROCK,Regional / local youth,Youth,SHARED_BRIDGE_ONLY,valid shared-skill evidence without a governed direct target-head label,True,False
2014-11-22,Westdeutsche Meisterschaft Lead 2014,DIGITALROCK,National championship youth,Youth,SHARED_BRIDGE_ONLY,valid shared-skill evidence without a governed direct target-head label,True,False
2014-11-26,"PanAmerican Youth Championship (L,S, B) - Mexico City (MEX) 2014",IFSC,International other youth,Youth,SHARED_BRIDGE_ONLY,valid shared-skill evidence without a governed direct target-head label,True,False
2014-12-06,Rheintal Cup - Nikoloklettern Dornbirn (L) 2014,SAC-CAS,Regional / local,Senior / Open,FED:SAC-CAS,direct federation-level evidence,True,False
2014-12-13,Bächli Swiss Climbing Cup BSCC und Lead-Schweizermeisterschaft 2014 - Echandens/Lausanne,SAC-CAS,National championship,Senior / Open,FED:SAC-CAS,direct federation-level evidence,True,False
2015-02-07,BaWü Jugendcup Bouldern Tübingen,DIGITALROCK,Regional / local youth,Youth,SHARED_BRIDGE_ONLY,valid shared-skill evidence without a governed direct target-head label,True,False
2015-02-14,2. Mammut Blacklight Boulder Challenge - St. Gallen (Rheintal Cup U18),SAC-CAS,Regional / local,Senior / Open,FED:SAC-CAS,direct federation-level evidence,True,False
2015-02-15,"DAV Jugendcup (B) 2015 - Hannover, abf Messe",DIGITALROCK,National series youth,Youth,SHARED_BRIDGE_ONLY,valid shared-skill evidence without a governed direct target-head label,True,False
2015-02-15,1. Kids Mammut Blacklight Boulder Challenge - St. Gallen (Rheintal Cup U12-U16),SAC-CAS,Regional / local,Senior / Open,FED:SAC-CAS,direct federation-level evidence,True,False
2015-02-21,1. Bayerischer Jugendcup Bouldern - München 2015,DIGITALROCK,Regional / local youth,Youth,SHARED_BRIDGE_ONLY,valid shared-skill evidence without a governed direct target-head label,True,False
2015-03-07,1. Sächsischer Kinder- und Jugendcup Bouldern in Dresden 2015,DIGITALROCK,Regional / local youth,Youth,SHARED_BRIDGE_ONLY,valid shared-skill evidence without a governed direct target-head label,True,False
2015-03-07,Promo Event - The Climbing Works International Festival (B) - Sheffield (GBR) 2015,IFSC,International other,Senior / Open,SHARED_BRIDGE_ONLY,valid shared-skill evidence without a governed direct target-head label,True,False
2015-03-07,Rheintal Cup - K1-Cup Dornbirn (L) 2015,SAC-CAS,Regional / local,Senior / Open,FED:SAC-CAS,direct federation-level evidence,True,False
2015-03-15,"DAV Jugendcup (B) 2015 - Köln, Stuntwerk",DIGITALROCK,National series youth,Youth,SHARED_BRIDGE_ONLY,valid shared-skill evidence without a governed direct target-head label,True,False
2015-03-21,2. Bayerischer Jugendcup Bouldern - Bayreuth 2015,DIGITALROCK,Regional / local youth,Youth,SHARED_BRIDGE_ONLY,valid shared-skill evidence without a governed direct target-head label,True,False
2015-03-21,4. Offene Rheinland-Pfalz-Meisterschaft Bouldern - Rocktown Kaiserslautern 2015,DIGITALROCK,Regional / local youth,Youth,SHARED_BRIDGE_ONLY,valid shared-skill evidence without a governed direct target-head label,True,False
2015-04-12,Rheintal Cup - Bouldertag Küblis (B) 2015,SAC-CAS,Regional / local,Senior / Open,FED:SAC-CAS,direct federation-level evidence,True,False
2015-04-18,1.Sächsischer Kinder-Jugendcup Lead in Zittau 2015,DIGITALROCK,Regional / local youth,Youth,SHARED_BRIDGE_ONLY,valid shared-skill evidence without a governed direct target-head label,True,False
2015-04-18,Bächli Swiss Climbing Cup BSCC 2015 (B) - Pratteln,SAC-CAS,National series,Senior / Open,FED:SAC-CAS,direct federation-level evidence,True,False
2015-04-24,BaWü Jugendcup Overall Stuttgart - Bouldern,DIGITALROCK,Regional / local youth,Youth,SHARED_BRIDGE_ONLY,valid shared-skill evidence without a governed direct target-head label,True,False
2015-04-24,BaWü Jugendcup Overall Stuttgart - Lead,DIGITALROCK,Regional / local youth,Youth,SHARED_BRIDGE_ONLY,valid shared-skill evidence without a governed direct target-head label,True,False
2015-04-24,BaWü Jugendcup Overall Stuttgart - Speed,DIGITALROCK,Regional / local youth,Youth,SHARED_BRIDGE_ONLY,valid shared-skill evidence without a governed direct target-head label,True,False
2015-04-25,Norddeutsche Meisterschaft Bouldern - Hamburg 2015,DIGITALROCK,National championship youth,Youth,SHARED_BRIDGE_ONLY,valid shared-skill evidence without a governed direct target-head label,True,False
2015-04-25,Offene NRW-Landesmeisterschaft Bouldern 2015 (1),DIGITALROCK,Regional / local youth,Youth,SHARED_BRIDGE_ONLY,valid shared-skill evidence without a governed direct target-head label,True,False
2015-05-02,Mammut Youth Climbing Cup MYCC 2015 (B) - Echandens/Lausanne,SAC-CAS,Regional / local,Youth,FED:SAC-CAS:YOUTH,direct federation-level evidence,True,False
2015-05-09,"Offene Hessische Landesmeisterschaft (B) 2015 - Studio Block, Darmstadt-Pfungstadt",DIGITALROCK,Regional / local youth,Youth,SHARED_BRIDGE_ONLY,valid shared-skill evidence without a governed direct target-head label,True,False
2015-05-09,European Youth Cup (L) - Dornbirn (AUT) 2015 ,IFSC,Continental series youth,Youth,IFSC_REG:EUROPE:YOUTH,direct IFSC regional/continental evidence,True,False
2015-05-09,Bächli Swiss Climbing Cup BSCC 2015 (B) - SAC Boulder-Schweizermeisterschaft Zürich,SAC-CAS,National championship,Senior / Open,FED:SAC-CAS,direct federation-level evidence,True,False
2015-05-14,European Championship (B) - Innsbruck (AUT) 2015,IFSC,Continental championship,Senior / Open,IFSC_REG:EUROPE,direct IFSC regional/continental evidence,True,False
2015-05-17,IFSC Climbing Worldcup (S) - Central Saanich (CAN) 2015,IFSC,World series,Senior / Open,WC,direct adult World series/World championship evidence,True,False
2015-05-30,European Youth Cup (L) - Imst (AUT) 2015,IFSC,Continental series youth,Youth,IFSC_REG:EUROPE:YOUTH,direct IFSC regional/continental evidence,True,False
2015-05-30,IFSC Climbing Worldcup (B) - Toronto (CAN) 2015,IFSC,World series,Senior / Open,WC,direct adult World series/World championship evidence,True,False
2015-06-05,IFSC Climbing Worldcup (B) - Vail (USA) 2015,IFSC,World series,Senior / Open,WC,direct adult World series/World championship evidence,True,False
2015-06-06,European Youth Cup (S) - Tarnow (POL) 2015 ,IFSC,Continental series youth,Youth,IFSC_REG:EUROPE:YOUTH,direct IFSC regional/continental evidence,True,False
2015-06-12,"European Youth Championship (L, S) - Edinburgh (GBR) 2015",IFSC,Continental championship youth,Youth,IFSC_REG:EUROPE:YOUTH,direct IFSC regional/continental evidence,True,False
2015-06-13,Offene Berliner/Sächsische Meisterschaft Bouldern in Berlin,DIGITALROCK,Regional / local youth,Youth,SHARED_BRIDGE_ONLY,valid shared-skill evidence without a governed direct target-head label,True,False
2015-06-20,BaWü Jugendcup Lead - Freiburg,DIGITALROCK,Regional / local youth,Youth,SHARED_BRIDGE_ONLY,valid shared-skill evidence without a governed direct target-head label,True,False
2015-06-20,Offene NRW-Landesmeisterschaft Bouldern 2015 (2),DIGITALROCK,Regional / local youth,Youth,SHARED_BRIDGE_ONLY,valid shared-skill evidence without a governed direct target-head label,True,False
2015-06-20,"IFSC Climbing Worldcup (B,S) - Chongqing (CHN) 2015",IFSC,World series,Senior / Open,WC,direct adult World series/World championship evidence,True,False
2015-06-20,Bächli Swiss Climbing Cup BSCC 2015 (L) - SAC Lead-Schweizermeisterschaft Niederwangen,SAC-CAS,National championship,Senior / Open,FED:SAC-CAS,direct federation-level evidence,True,False
2015-06-26,"IFSC Climbing Worldcup (B,S) - Haiyang (CHN) 2015",IFSC,World series,Senior / Open,WC,direct adult World series/World championship evidence,True,False
2015-06-27,19. offene Rheinland-Pfalz-Meisterschaft - Pfalz Rock Frankenthal 2015 (L),DIGITALROCK,Regional / local youth,Youth,SHARED_BRIDGE_ONLY,valid shared-skill evidence without a governed direct target-head label,True,False
2015-06-27,3. Bayerischer Jugendcup Lead- Neu-Ulm,DIGITALROCK,Regional / local youth,Youth,SHARED_BRIDGE_ONLY,valid shared-skill evidence without a governed direct target-head label,True,False
2015-06-27,Race Challenge Neu-Ulm,DIGITALROCK,Regional / local youth,Youth,SHARED_BRIDGE_ONLY,valid shared-skill evidence without a governed direct target-head label,True,False
2015-06-27,Mammut Youth Climbing Cup MYCC 2015 (L) - SAC Lead-Schweizermeisterschaft Lenzburg,SAC-CAS,National championship,Youth,FED:SAC-CAS:YOUTH,direct federation-level evidence,True,False
2015-06-28,4. Bayerischer Jugendcup Speed - Neu-Ulm,DIGITALROCK,Regional / local youth,Youth,SHARED_BRIDGE_ONLY,valid shared-skill evidence without a governed direct target-head label,True,False
2015-07-04,Sächsischer Kinder- und Jugendcup Bouldern 2015 Teil 2 - Landesjugendspiele,DIGITALROCK,Regional / local youth,Youth,SHARED_BRIDGE_ONLY,valid shared-skill evidence without a governed direct target-head label,True,False
2015-07-04,European Youth Cup (B) - Laengenfeld (AUT) 2015 ,IFSC,Continental series youth,Youth,IFSC_REG:EUROPE:YOUTH,direct IFSC regional/continental evidence,True,False
2015-07-10,"European Championship (L,S) - Chamonix (FRA) 2015",IFSC,Continental championship,Senior / Open,IFSC_REG:EUROPE,direct IFSC regional/continental evidence,True,False
2015-07-10,"IFSC Climbing Worldcup (L,S) - Chamonix (FRA) 2015",IFSC,World series,Senior / Open,WC,direct adult World series/World championship evidence,True,False
2015-07-17,IFSC Climbing Worldcup (L) - Briançon (FRA) 2015,IFSC,World series,Senior / Open,WC,direct adult World series/World championship evidence,True,False
2015-07-19,"DAV Jugendcup (B) 2015 - Friedrichshafen, OutDoor Messe",DIGITALROCK,National series youth,Youth,SHARED_BRIDGE_ONLY,valid shared-skill evidence without a governed direct target-head label,True,False
2015-07-21,European Youth Championship (B) - L'Argentière la Bessée (FRA) 2015 ,IFSC,Continental championship youth,Youth,IFSC_REG:EUROPE:YOUTH,direct IFSC regional/continental evidence,True,False
2015-07-25,5. Bayerischer Jugendcup Lead - Regensburg,DIGITALROCK,Regional / local youth,Youth,SHARED_BRIDGE_ONLY,valid shared-skill evidence without a governed direct target-head label,True,False
2015-07-25,BaWü Jugendcup Lead - Offenburg,DIGITALROCK,Regional / local youth,Youth,SHARED_BRIDGE_ONLY,valid shared-skill evidence without a governed direct target-head label,True,False
2015-07-31,IFSC Climbing Worldcup (L) - Imst (AUT) 2015 ,IFSC,World series,Senior / Open,WC,direct adult World series/World championship evidence,True,False
2015-08-05,European Universities Sport Climbing Championship - Katowice (POL) 2015,IFSC,Continental championship,Senior / Open,IFSC_REG:EUROPE,direct IFSC regional/continental evidence,True,False
2015-08-08,European Youth Cup (L) - Mitterdorf (AUT) 2015 ,IFSC,Continental series youth,Youth,IFSC_REG:EUROPE:YOUTH,direct IFSC regional/continental evidence,True,False
2015-08-08,Mammut Youth Climbing Cup MYCC 2015 (B) - SAC Boulder-Schweizermeisterschaft Klosters,SAC-CAS,National championship,Youth,FED:SAC-CAS:YOUTH,direct federation-level evidence,True,False
2015-08-14,IFSC Climbing Worldcup (B) - Munich (GER) 2015,IFSC,World series,Senior / Open,WC,direct adult World series/World championship evidence,True,False
2015-08-16,Mammut Youth Climbing Cup MYCC 2015 (B) - Les Diablerets ,SAC-CAS,Regional / local,Youth,FED:SAC-CAS:YOUTH,direct federation-level evidence,True,False
2015-08-21,IFSC Climbing Worldcup (L) - Stavanger (NOR) 2015,IFSC,World series,Senior / Open,WC,direct adult World series/World championship evidence,True,False
2015-08-22,European Youth Cup (S) - Imst (AUT) 2015 ,IFSC,Continental series youth,Youth,IFSC_REG:EUROPE:YOUTH,direct IFSC regional/continental evidence,True,False
2015-08-22,Mammut Youth Climbing Cup MYCC 2015 (L) - Näfels,SAC-CAS,Regional / local,Youth,FED:SAC-CAS:YOUTH,direct federation-level evidence,True,False
2015-08-28,IFSC World Youth Championships - Arco (ITA) - 2015,IFSC,International other youth,Youth,SHARED_BRIDGE_ONLY,valid shared-skill evidence without a governed direct target-head label,True,False
2015-09-12,Rheintal Cup - St. Gallen (L) 2015,SAC-CAS,Regional / local,Senior / Open,FED:SAC-CAS,direct federation-level evidence,True,False
2015-09-19,Bächli Swiss Climbing Cup BSCC 2015 (L) - Saxon,SAC-CAS,National series,Senior / Open,FED:SAC-CAS,direct federation-level evidence,True,False
2015-09-20,DAV Jugendcup (L) 2015 - Freimann,DIGITALROCK,National series youth,Youth,SHARED_BRIDGE_ONLY,valid shared-skill evidence without a governed direct target-head label,True,False
2015-09-26,IFSC Climbing Worldcup (L) - Puurs (BEL) 2015 ,IFSC,World series,Senior / Open,WC,direct adult World series/World championship evidence,True,False
2015-09-27,Westdeutsche Meisterschaft Lead 2015,DIGITALROCK,National championship youth,Youth,SHARED_BRIDGE_ONLY,valid shared-skill evidence without a governed direct target-head label,True,False
2015-10-03,Bächli Swiss Climbing Cup BSCC 2015 (S) - SAC Speed-Schweizermeisterschaft Züspa,SAC-CAS,National championship,Senior / Open,FED:SAC-CAS,direct federation-level evidence,True,False
2015-10-03,Mammut Youth Climbing Cup MYCC 2015 (S) - SAC Speed-Schweizermeisterschaft Züspa,SAC-CAS,National championship,Youth,FED:SAC-CAS:YOUTH,direct federation-level evidence,True,False
2015-10-10,DAV Jugendcup (L) 2015 - Frankenthal,DIGITALROCK,National series youth,Youth,SHARED_BRIDGE_ONLY,valid shared-skill evidence without a governed direct target-head label,True,False
2015-10-10,DAV Jugendcup (S) 2015 - Frankenthal,DIGITALROCK,National series youth,Youth,SHARED_BRIDGE_ONLY,valid shared-skill evidence without a governed direct target-head label,True,False
2015-10-17,"IFSC Climbing Worldcup (L,S) - Wujiang (CHN) 2015",IFSC,World series,Senior / Open,WC,direct adult World series/World championship evidence,True,False
2015-10-24,DAV Jugendcup (L) 2015 - Neu-Ulm,DIGITALROCK,National series youth,Youth,SHARED_BRIDGE_ONLY,valid shared-skill evidence without a governed direct target-head label,True,False
2015-10-24,DAV Jugendcup (S) 2015 - Neu-Ulm,DIGITALROCK,National series youth,Youth,SHARED_BRIDGE_ONLY,valid shared-skill evidence without a governed direct target-head label,True,False
2015-10-31,Offene Norddeutsche Meisterschaft - Lead 2015 in Lübeck,DIGITALROCK,National championship youth,Youth,SHARED_BRIDGE_ONLY,valid shared-skill evidence without a governed direct target-head label,True,False
2015-11-07,Sächsische/Berliner Meisterschaft Lead  in Dresden,DIGITALROCK,Regional / local,Senior / Open,SHARED_BRIDGE_ONLY,valid shared-skill evidence without a governed direct target-head label,True,False
2015-11-07,Sächsische/Berliner Meisterschaft Speed in Dresden,DIGITALROCK,Regional / local youth,Youth,SHARED_BRIDGE_ONLY,valid shared-skill evidence without a governed direct target-head label,True,False
2015-11-07,Sächsischer Kinder- und Jugendcup Lead 2015 Teil 2,DIGITALROCK,Regional / local youth,Youth,SHARED_BRIDGE_ONLY,valid shared-skill evidence without a governed direct target-head label,True,False
2015-11-14,Offene NRW-Landesmeisterschaft Lead,DIGITALROCK,Regional / local youth,Youth,SHARED_BRIDGE_ONLY,valid shared-skill evidence without a governed direct target-head label,True,False
2015-11-14,IFSC Climbing Worldcup (L) - Kranj (SLO) 2015,IFSC,World series,Senior / Open,WC,direct adult World series/World championship evidence,True,False
2015-11-22,Asian Continental Championship - Ningbo (CHN) 2015,IFSC,Continental championship,Senior / Open,IFSC_REG:ASIA,direct IFSC regional/continental evidence,True,False
2015-12-02,Asian Youth Championship - Putrajaya (MAS) 2015,IFSC,Continental championship youth,Youth,IFSC_REG:ASIA:YOUTH,direct IFSC regional/continental evidence,True,False
2015-12-05,Rheintal Cup - Nikoloklettern Dornbirn (L) 2015,SAC-CAS,Regional / local,Senior / Open,FED:SAC-CAS,direct federation-level evidence,True,False
2016-01-09,3. Mammut Blacklight Boulder Challenge - St. Gallen 2016 (Rheintal Cup U18),SAC-CAS,Regional / local,Senior / Open,FED:SAC-CAS,direct federation-level evidence,True,False
2016-01-10,2. Kids Mammut Blacklight Boulder Challenge - St. Gallen 2016 (Rheintal Cup U12-U16),SAC-CAS,Regional / local,Senior / Open,FED:SAC-CAS,direct federation-level evidence,True,False
2016-02-07,"DAV Jugendcup (B) 2016 - Hannover, abf Messe",DIGITALROCK,National series youth,Youth,SHARED_BRIDGE_ONLY,valid shared-skill evidence without a governed direct target-head label,True,False
2016-02-13,1. Bayerischer Jugendcup Bouldern - München 2016,DIGITALROCK,Regional / local youth,Youth,SHARED_BRIDGE_ONLY,valid shared-skill evidence without a governed direct target-head label,True,False
2016-02-27,Offene NRW-Landesmeisterschaft Bouldern (1),DIGITALROCK,Regional / local youth,Youth,SHARED_BRIDGE_ONLY,valid shared-skill evidence without a governed direct target-head label,True,False
2016-03-05,Sächsischer Jugendcup Wk1 Bouldern 2016 Dresden,DIGITALROCK,Regional / local youth,Youth,SHARED_BRIDGE_ONLY,valid shared-skill evidence without a governed direct target-head label,True,False
2016-03-05,Rheintal Cup - K1-Cup Dornbirn (L) 2016,SAC-CAS,Regional / local,Senior / Open,FED:SAC-CAS,direct federation-level evidence,True,False
2016-03-12,5. Offene Rheinland-Pfalz-Meisterschaft Bouldern - Rocktown Kaiserslautern 2016,DIGITALROCK,Regional / local youth,Youth,SHARED_BRIDGE_ONLY,valid shared-skill evidence without a governed direct target-head label,True,False
2016-03-12,BaWü Jugendcup Bouldern - Tübingen 2016,DIGITALROCK,Regional / local youth,Youth,SHARED_BRIDGE_ONLY,valid shared-skill evidence without a governed direct target-head label,True,False
2016-04-02,Bächli Swiss Climbing Cup BSCC 2016 (Boulder) - SAC Boulder-Schweizermeisterschaft Pratteln,SAC-CAS,National championship,Senior / Open,FED:SAC-CAS,direct federation-level evidence,True,False
2016-04-09,"Zürcher Klettermeisterschaft - Griffig, Uster (Lead) 2016",SAC-CAS,Regional / local,Senior / Open,FED:SAC-CAS,direct federation-level evidence,True,False
2016-04-10,"DAV Jugendcup (B) 2016 - Köln, Stuntwerk",DIGITALROCK,National series youth,Youth,SHARED_BRIDGE_ONLY,valid shared-skill evidence without a governed direct target-head label,True,False
2016-04-10,Rheintal Cup - Rätikon Bouldertag (B) 2016,SAC-CAS,Regional / local,Senior / Open,FED:SAC-CAS,direct federation-level evidence,True,False
2016-04-15,IFSC Climbing Worldcup (B) - Meiringen (SUI) 2016,IFSC,World series,Senior / Open,WC,direct adult World series/World championship evidence,True,False
2016-04-16,European Youth Cup (S) - Tarnow (POL) 2016 ,IFSC,Continental series youth,Youth,IFSC_REG:EUROPE:YOUTH,direct IFSC regional/continental evidence,True,False
2016-04-17,Mammut Youth Climbing Cup MYCC 2016 (Boulder) - SAC Boulder-Schweizermeisterschaft Meiringen,SAC-CAS,National championship,Youth,FED:SAC-CAS:YOUTH,direct federation-level evidence,True,False
2016-04-23,2. Bayerischer Jugendcup Bouldern - Regensburg 2016,DIGITALROCK,Regional / local youth,Youth,SHARED_BRIDGE_ONLY,valid shared-skill evidence without a governed direct target-head label,True,False
2016-04-23,Norddeutsche Meisterschaft Bouldern 2016 - Boulderbase Bremen,DIGITALROCK,National championship youth,Youth,SHARED_BRIDGE_ONLY,valid shared-skill evidence without a governed direct target-head label,True,False
2016-04-23,Offene Hessische Landesmeisterschaft (B) 2016 - Dynochrom Frankfurt,DIGITALROCK,Regional / local youth,Youth,SHARED_BRIDGE_ONLY,valid shared-skill evidence without a governed direct target-head label,True,False
2016-04-23,Sächsischer Jugendcup Wk2 Bouldern 2016 Leipzig,DIGITALROCK,Regional / local youth,Youth,SHARED_BRIDGE_ONLY,valid shared-skill evidence without a governed direct target-head label,True,False
2016-04-23,IFSC Climbing Worldcup (B) - Kazo (JPN) 2016,IFSC,World series,Senior / Open,WC,direct adult World series/World championship evidence,True,False
2016-04-30,Offener BaWü Jugendcup/ Meisterschaft Bouldern - Heilbronn 2016,DIGITALROCK,Regional / local youth,Youth,SHARED_BRIDGE_ONLY,valid shared-skill evidence without a governed direct target-head label,True,False
2016-04-30,"IFSC Climbing Worldcup (B, S) - Chongqing (CHN) 2016",IFSC,World series,Senior / Open,WC,direct adult World series/World championship evidence,True,False
2016-05-07,European Youth Cup (B) - Soure (POR) 2016,IFSC,Continental series youth,Youth,IFSC_REG:EUROPE:YOUTH,direct IFSC regional/continental evidence,True,False
2016-05-07,IFSC Climbing Worldcup (S) - Nanjing (CHN) 2016,IFSC,World series,Senior / Open,WC,direct adult World series/World championship evidence,True,False
2016-05-14,IFSC Climbing Worldcup (B) - Navi Mumbai (IND) 2016,IFSC,World series,Senior / Open,WC,direct adult World series/World championship evidence,True,False
2016-05-20,IFSC Climbing Worldcup (B) - Innsbruck (AUT) 2016,IFSC,World series,Senior / Open,WC,direct adult World series/World championship evidence,True,False
2016-05-21,Offene NRW-Landesmeisterschaft Bouldern (2),DIGITALROCK,Regional / local youth,Youth,SHARED_BRIDGE_ONLY,valid shared-skill evidence without a governed direct target-head label,True,False
2016-05-21,Rheintal Cup - Sparta Bouldercup (B) 2016,SAC-CAS,Regional / local,Senior / Open,FED:SAC-CAS,direct federation-level evidence,True,False
2016-05-28,European Youth Cup (L) - Imst (AUT) 2016 ,IFSC,Continental series youth,Youth,IFSC_REG:EUROPE:YOUTH,direct IFSC regional/continental evidence,True,False
2016-05-29,DAV Jugendcup (B) 2016 - Zweibrücken,DIGITALROCK,National series youth,Youth,SHARED_BRIDGE_ONLY,valid shared-skill evidence without a governed direct target-head label,True,False
2016-06-04,Sächsischer Jugendcup Wk3 Lead 2016 Zittau,DIGITALROCK,Regional / local youth,Youth,SHARED_BRIDGE_ONLY,valid shared-skill evidence without a governed direct target-head label,True,False
2016-06-10,IFSC Climbing Worldcup (B) - Vail (USA) 2016,IFSC,World series,Senior / Open,WC,direct adult World series/World championship evidence,True,False
2016-06-11,3. Bayerischer Jugendcup Lead- Berchtesgaden,DIGITALROCK,Regional / local youth,Youth,SHARED_BRIDGE_ONLY,valid shared-skill evidence without a governed direct target-head label,True,False
2016-06-11,Offene Berliner Landesmeisterschaft Bouldern - Berlin 2016,DIGITALROCK,Regional / local youth,Youth,SHARED_BRIDGE_ONLY,valid shared-skill evidence without a governed direct target-head label,True,False
2016-06-11,Race Challenge Berchtesgaden,DIGITALROCK,Regional / local youth,Youth,SHARED_BRIDGE_ONLY,valid shared-skill evidence without a governed direct target-head label,True,False
2016-06-11,Mammut Youth Climbing Cup MYCC 2016 (Boulder) - Ostermundigen,SAC-CAS,Regional / local,Youth,FED:SAC-CAS:YOUTH,direct federation-level evidence,True,False
2016-06-12,4. Bayerischer Jugendcup Speed - Berchtesgaden,DIGITALROCK,Regional / local youth,Youth,SHARED_BRIDGE_ONLY,valid shared-skill evidence without a governed direct target-head label,True,False
2016-06-12,DAV Jugendcup (S) 2016 - Berchtesgaden,DIGITALROCK,National series youth,Youth,SHARED_BRIDGE_ONLY,valid shared-skill evidence without a governed direct target-head label,True,False
2016-06-17,Oceania Continental Championship - Sidney (AUS) 2016,IFSC,Continental championship,Senior / Open,IFSC_REG:OCEANIA,direct IFSC regional/continental evidence,True,False
2016-06-17,Oceania Continental Championship - Sidney (AUS) 2016,IFSC,Continental championship youth,Youth,IFSC_REG:OCEANIA:YOUTH,direct IFSC regional/continental evidence,True,False
2016-06-18,DAV Jugendcup (L) 2016 - Stuttgart,DIGITALROCK,National series youth,Youth,SHARED_BRIDGE_ONLY,valid shared-skill evidence without a governed direct target-head label,True,False
2016-06-18,European Youth Cup (B) - Graz (AUT) 2016 ,IFSC,Continental series youth,Youth,IFSC_REG:EUROPE:YOUTH,direct IFSC regional/continental evidence,True,False
2016-06-18,Mammut Youth Climbing Cup MYCC 2016 (Lead) - Lenzburg,SAC-CAS,Regional / local,Youth,FED:SAC-CAS:YOUTH,direct federation-level evidence,True,False
2016-06-25,Bächli Swiss Climbing Cup BSCC 2016 (Lead) - SAC Lead-Schweizermeisterschaft Niederwangen,SAC-CAS,National championship,Senior / Open,FED:SAC-CAS,direct federation-level evidence,True,False
2016-06-26,DAV Jugendcup (L) 2016 - München,DIGITALROCK,National series youth,Youth,SHARED_BRIDGE_ONLY,valid shared-skill evidence without a governed direct target-head label,True,False
2016-07-02,Offene Hessische Landesmeisterschaft Lead 2016 - Cube Wetzlar,DIGITALROCK,Regional / local youth,Youth,SHARED_BRIDGE_ONLY,valid shared-skill evidence without a governed direct target-head label,True,False
2016-07-02,European Youth Cup (B) - Warsaw (POL) 2016 ,IFSC,Continental series youth,Youth,IFSC_REG:EUROPE:YOUTH,direct IFSC regional/continental evidence,True,False
2016-07-11,"IFSC Climbing Worldcup (L,S) -Chamonix (FRA) 2016",IFSC,World series,Senior / Open,WC,direct adult World series/World championship evidence,True,False
2016-07-15,"IFSC Climbing Worldcup (L, S) - Villars (SUI) 2016",IFSC,World series,Senior / Open,WC,direct adult World series/World championship evidence,True,False
2016-07-16,BaWü Jugendcup Lead - Reutlingen,DIGITALROCK,Regional / local youth,Youth,SHARED_BRIDGE_ONLY,valid shared-skill evidence without a governed direct target-head label,True,False
2016-07-17,Mammut Youth Climbing Cup MYCC 2016 (Lead) - Villars,SAC-CAS,Regional / local,Youth,FED:SAC-CAS:YOUTH,direct federation-level evidence,True,False
2016-07-22,IFSC Climbing Worldcup (L) - Briançon (FRA) 2016,IFSC,World series,Senior / Open,WC,direct adult World series/World championship evidence,True,False
2016-07-23,5. Bayerischer Jugendcup Lead - Coburg,DIGITALROCK,Regional / local youth,Youth,SHARED_BRIDGE_ONLY,valid shared-skill evidence without a governed direct target-head label,True,False
2016-07-26,European Youth Cup (B) - L'Argentière (FRA) 2016 ,IFSC,Continental series youth,Youth,IFSC_REG:EUROPE:YOUTH,direct IFSC regional/continental evidence,True,False
2016-08-03,Asian Continental Championship - Duyun (CHN) 2016,IFSC,Continental championship,Senior / Open,IFSC_REG:ASIA,direct IFSC regional/continental evidence,True,False
2016-08-04,European Youth Championships (B) - Langenfeld (AUT) 2016 ,IFSC,Continental championship youth,Youth,IFSC_REG:EUROPE:YOUTH,direct IFSC regional/continental evidence,True,False
2016-08-12,IFSC Climbing Worldcup (B) - Munich (GER) 2016,IFSC,World series,Senior / Open,WC,direct adult World series/World championship evidence,True,False
2016-08-19,IFSC Climbing Worldcup (L) - Imst (AUT) 2016 ,IFSC,World series,Senior / Open,WC,direct adult World series/World championship evidence,True,False
2016-08-26,"IFSC Climbing Worldcup (L, S) - Arco (ITA) 2016",IFSC,World series,Senior / Open,WC,direct adult World series/World championship evidence,True,False
2016-08-27,Mammut Youth Climbing Cup MYCC 2016 (Lead) - SAC Lead-Schweizermeisterschaft Näfels,SAC-CAS,National championship,Youth,FED:SAC-CAS:YOUTH,direct federation-level evidence,True,False
2016-09-02,"European Youth Championships (L,S) - Mitterdorf (AUT) 2016 ",IFSC,Continental championship youth,Youth,IFSC_REG:EUROPE:YOUTH,direct IFSC regional/continental evidence,True,False
2016-09-03,Norddeutsche Meisterschaft Lead 2016 - DAV Kletterzentrum Hamburg,DIGITALROCK,National championship youth,Youth,SHARED_BRIDGE_ONLY,valid shared-skill evidence without a governed direct target-head label,True,False
2016-09-10,DAV Jugendcup (L) 2016 - Neu-Ulm,DIGITALROCK,National series youth,Youth,SHARED_BRIDGE_ONLY,valid shared-skill evidence without a governed direct target-head label,True,False
2016-09-10,DAV Jugendcup (S) 2016 - Neu-Ulm,DIGITALROCK,National series youth,Youth,SHARED_BRIDGE_ONLY,valid shared-skill evidence without a governed direct target-head label,True,False
2016-09-10,European Youth Cup (S) - Imst (AUT) 2016 ,IFSC,Continental series youth,Youth,IFSC_REG:EUROPE:YOUTH,direct IFSC regional/continental evidence,True,False
2016-09-10,Bächli Swiss Climbing Cup BSCC 2016 (Lead) - Uster,SAC-CAS,National series,Senior / Open,FED:SAC-CAS,direct federation-level evidence,True,False
2016-09-14,IFSC Climbing World Championships - Paris (FRA) 2016,IFSC,World major,Senior / Open,WC,direct adult World series/World championship evidence,True,False
2016-09-17,20. offene Rheinland-Pfalz-Meisterschaft - Pfalz Rock Frankenthal 2016 (L),DIGITALROCK,Regional / local youth,Youth,SHARED_BRIDGE_ONLY,valid shared-skill evidence without a governed direct target-head label,True,False
2016-09-17,BaWü Jugendcup Lead - Karlsruhe,DIGITALROCK,Regional / local youth,Youth,SHARED_BRIDGE_ONLY,valid shared-skill evidence without a governed direct target-head label,True,False
2016-09-26,Asian Youth Championship - Tehran (IRI) 2016,IFSC,Continental championship youth,Youth,IFSC_REG:ASIA:YOUTH,direct IFSC regional/continental evidence,True,False
2016-09-27,"Zürcher Klettermeisterschaft - Züspa, Zürich (Speed) 2016",SAC-CAS,Regional / local,Senior / Open,FED:SAC-CAS,direct federation-level evidence,True,False
2016-10-01,Bächli Swiss Climbing Cup BSCC 2016 (Speed) - SAC Speed-Schweizermeisterschaft Züspa ,SAC-CAS,National championship,Senior / Open,FED:SAC-CAS,direct federation-level evidence,True,False
2016-10-01,Mammut Youth Climbing Cup MYCC 2016 (Speed) - SAC Speed-Schweizermeisterschaft Zürich,SAC-CAS,National championship,Youth,FED:SAC-CAS:YOUTH,direct federation-level evidence,True,False
2016-10-12,World University Championships - Shanghai (CHN) 2016,IFSC,International other,Senior / Open,SHARED_BRIDGE_ONLY,valid shared-skill evidence without a governed direct target-head label,True,False
2016-10-18,IFSC Climbing Worldcup (S) -  Wujiang (CHN) 2016,IFSC,World series,Senior / Open,WC,direct adult World series/World championship evidence,True,False
2016-10-22,"Offene Sächsische Landesmeisterschaft Bouldern in Dresden, Senioren, Jugend A/B/C",DIGITALROCK,Regional / local youth,Youth,SHARED_BRIDGE_ONLY,valid shared-skill evidence without a governed direct target-head label,True,False
2016-10-22,"IFSC Climbing Worldcup (L, S) - Xiamen (CHN) 2016",IFSC,World series,Senior / Open,WC,direct adult World series/World championship evidence,True,False
2016-10-29,Offene NRW-Landesmeisterschaft Lead,DIGITALROCK,Regional / local youth,Youth,SHARED_BRIDGE_ONLY,valid shared-skill evidence without a governed direct target-head label,True,False
2016-10-29,Offene NRW-Landesmeisterschaft Speed,DIGITALROCK,Regional / local youth,Youth,SHARED_BRIDGE_ONLY,valid shared-skill evidence without a governed direct target-head label,True,False
2016-10-29,Bächli Swiss Climbing Cup BSCC 2016 (Lead) - St. Gallen ,SAC-CAS,National series,Senior / Open,FED:SAC-CAS,direct federation-level evidence,True,False
2016-11-05,"Offene Sächsische Landesmeisterschaft Lead in Dresden, Senioren/AK 40+/Jugend A/B/C",DIGITALROCK,Regional / local,Senior / Open,SHARED_BRIDGE_ONLY,valid shared-skill evidence without a governed direct target-head label,True,False
2016-11-05,"Offene Sächsische Landesmeisterschaft Lead in Dresden, Senioren/AK 40+/Jugend A/B/C",DIGITALROCK,Regional / local youth,Youth,SHARED_BRIDGE_ONLY,valid shared-skill evidence without a governed direct target-head label,True,False
2016-11-05,"Offene Sächsische Landesmeisterschaft Speed in Dresden, Senioren/Jugend A/B/C",DIGITALROCK,Regional / local youth,Youth,SHARED_BRIDGE_ONLY,valid shared-skill evidence without a governed direct target-head label,True,False
2016-11-05,Stadtmeisterschaft Darmstadt 2016,DIGITALROCK,Regional / local youth,Youth,SHARED_BRIDGE_ONLY,valid shared-skill evidence without a governed direct target-head label,True,False
2016-11-05,"Sächsischer Jugendcup Wk5 Lead 2016 Dresden, Jugend D/E/F",DIGITALROCK,Regional / local youth,Youth,SHARED_BRIDGE_ONLY,valid shared-skill evidence without a governed direct target-head label,True,False
2016-11-07,IFSC World Youth Championships - Guangzhou (CHN) - 2016,IFSC,International other youth,Youth,SHARED_BRIDGE_ONLY,valid shared-skill evidence without a governed direct target-head label,True,False
2016-11-12,"Zürcher Klettermeisterschaft - Minimum, Zürich (Boulder) 2016",SAC-CAS,Regional / local,Senior / Open,FED:SAC-CAS,direct federation-level evidence,True,False
2016-11-19,Westdeutsche Meisterschaft 2016 (Teil Bouldern),DIGITALROCK,National championship youth,Youth,SHARED_BRIDGE_ONLY,valid shared-skill evidence without a governed direct target-head label,True,False
2016-11-19,Westdeutsche Meisterschaft 2016 (Teil Lead),DIGITALROCK,National championship youth,Youth,SHARED_BRIDGE_ONLY,valid shared-skill evidence without a governed direct target-head label,True,False
2016-11-19,Westdeutsche Meisterschaft 2016 (Teil Speed),DIGITALROCK,National championship youth,Youth,SHARED_BRIDGE_ONLY,valid shared-skill evidence without a governed direct target-head label,True,False
2016-11-26,IFSC Climbing Worldcup (L) - Kranj (SLO) 2016,IFSC,World series,Senior / Open,WC,direct adult World series/World championship evidence,True,False
2016-11-26,"Zürcher Klettermeisterschaft - 6aplus, Winterthur (Lead) 2016",SAC-CAS,Regional / local,Senior / Open,FED:SAC-CAS,direct federation-level evidence,True,False
2016-12-03,Rheintal Cup Finale - Nikoklettern Dornbirn (L) 2016,SAC-CAS,Regional / local,Senior / Open,FED:SAC-CAS,direct federation-level evidence,True,False
2016-12-11,Offene NRW-Landesmeisterschaft Speed (Nachholtermin),DIGITALROCK,Regional / local youth,Youth,SHARED_BRIDGE_ONLY,valid shared-skill evidence without a governed direct target-head label,True,False
2017-01-21,Norddeutsche Meisterschaft – Lead 2017 DAV Kletterzentrum Hamburg,DIGITALROCK,National championship youth,Youth,SHARED_BRIDGE_ONLY,valid shared-skill evidence without a governed direct target-head label,True,False
2017-02-04,Regionale Hessische Bouldermeisterschaft - 1. Quali zur WDM (B) - Frankfurt 2017,DIGITALROCK,Regional / local youth,Youth,SHARED_BRIDGE_ONLY,valid shared-skill evidence without a governed direct target-head label,True,False
2017-02-11,BaWü Jugendcup Bouldern - Tübingen,DIGITALROCK,Regional / local youth,Youth,SHARED_BRIDGE_ONLY,valid shared-skill evidence without a governed direct target-head label,True,False
2017-02-11,Offene NRW-Landesmeisterschaft Bouldern 2017 - 2. Quali zur WDM (B) - Stuntwerk Köln,DIGITALROCK,Regional / local youth,Youth,SHARED_BRIDGE_ONLY,valid shared-skill evidence without a governed direct target-head label,True,False
2017-02-11,Qualifikation Bayerische Meisterschaft im Rahmen des Coburger Bouldercups,DIGITALROCK,Regional / local youth,Youth,SHARED_BRIDGE_ONLY,valid shared-skill evidence without a governed direct target-head label,True,False
2017-02-18,Norddeutsche Meisterschaft – Bouldern 2017 Greifhaus Braunschweig,DIGITALROCK,National championship youth,Youth,SHARED_BRIDGE_ONLY,valid shared-skill evidence without a governed direct target-head label,True,False
2017-03-04,"1. Deutscher Jugendcup 2017 (B) - Dresden, Mandala",DIGITALROCK,Regional / local youth,Youth,SHARED_BRIDGE_ONLY,valid shared-skill evidence without a governed direct target-head label,True,False
2017-03-04,Bächli Swiss Climbing Cup BSCC 2017 (Boulder) - Minimum Zürich,SAC-CAS,National series,Senior / Open,FED:SAC-CAS,direct federation-level evidence,True,False
2017-03-04,Rheintal Cup - K1-Cup Dornbirn (L) 2017,SAC-CAS,Regional / local,Senior / Open,FED:SAC-CAS,direct federation-level evidence,True,False
2017-03-11,BaWü Jugendcup Bouldern - Heilbronn,DIGITALROCK,Regional / local youth,Youth,SHARED_BRIDGE_ONLY,valid shared-skill evidence without a governed direct target-head label,True,False
2017-03-11,Offene Berliner Landesmeisterschaft Bouldern - Berlin 2017,DIGITALROCK,Regional / local youth,Youth,SHARED_BRIDGE_ONLY,valid shared-skill evidence without a governed direct target-head label,True,False
2017-03-11,Sächsischer Jugendcup 2017-Wk1 Bouldern in Dresden Messehalle,DIGITALROCK,Regional / local youth,Youth,SHARED_BRIDGE_ONLY,valid shared-skill evidence without a governed direct target-head label,True,False
2017-03-25,Offene Sächsische Landesmeisterschaft 2017 Bouldern in Leipzig,DIGITALROCK,Regional / local youth,Youth,SHARED_BRIDGE_ONLY,valid shared-skill evidence without a governed direct target-head label,True,False
2017-03-26,Qualifikation Bayerische Meisterschaft Würzburg Lead,DIGITALROCK,Regional / local youth,Youth,SHARED_BRIDGE_ONLY,valid shared-skill evidence without a governed direct target-head label,True,False
2017-03-26,Qualifikation Bayerische Meisterschaft Würzburg Speed,DIGITALROCK,Regional / local youth,Youth,SHARED_BRIDGE_ONLY,valid shared-skill evidence without a governed direct target-head label,True,False
2017-04-01,"2. Deutscher Jugendcup 2017 (B) - Hannover, escaladrome",DIGITALROCK,Regional / local youth,Youth,SHARED_BRIDGE_ONLY,valid shared-skill evidence without a governed direct target-head label,True,False
2017-04-02,Rheintal Cup - Rätikon Bouldertag (B) 2017,SAC-CAS,Regional / local,Senior / Open,FED:SAC-CAS,direct federation-level evidence,True,False
2017-04-07,IFSC Climbing Worldcup (B) - Meiringen (SUI) 2017 ,IFSC,World series,Senior / Open,WC,direct adult World series/World championship evidence,True,False
2017-04-09,Mammut Youth Climbing Cup MYCC 2017 (Boulder) - SAC Boulder-SM Haslital Mountain Festival Meiringen,SAC-CAS,Regional / local,Youth,FED:SAC-CAS:YOUTH,direct federation-level evidence,True,False
2017-04-22,Offene Bouldermeisterschaft Rheinland-Pfalz 2017 - RockTown Kaiserslautern,DIGITALROCK,Regional / local youth,Youth,SHARED_BRIDGE_ONLY,valid shared-skill evidence without a governed direct target-head label,True,False
2017-04-22,"IFSC Climbing Worldcup (B,S) - Chongqing (CHN) 2017",IFSC,World series,Senior / Open,WC,direct adult World series/World championship evidence,True,False
2017-04-29,European Youth Cup (B) - Graz (AUT) 2017 ,IFSC,Continental series youth,Youth,IFSC_REG:EUROPE:YOUTH,direct IFSC regional/continental evidence,True,False
2017-04-29,"IFSC Climbing Worldcup (B,S) - Nanjing (CHN) 2017",IFSC,World series,Senior / Open,WC,direct adult World series/World championship evidence,True,False
2017-05-06,"IFSC Climbing Worldcup (B) - Hachioji, Tokyo (JPN) 2017",IFSC,World series,Senior / Open,WC,direct adult World series/World championship evidence,True,False
2017-05-06,Zürcher Klettermeisterschaft 2017 (Lead) - Griffig Uster,SAC-CAS,Regional / local,Senior / Open,FED:SAC-CAS,direct federation-level evidence,True,False
2017-05-07,Westdeutsche Meisterschaft Bouldern 2017 - Jugend - Studio Bloc Pfungstadt,DIGITALROCK,National championship youth,Youth,SHARED_BRIDGE_ONLY,valid shared-skill evidence without a governed direct target-head label,True,False
2017-05-12,European Youth Cup (S) - Tarnow (POL) 2017,IFSC,Continental series youth,Youth,IFSC_REG:EUROPE:YOUTH,direct IFSC regional/continental evidence,True,False
2017-05-13,Sächsischer Jugendcup 2017- Wk2 Lead in Heidenau YoYo,DIGITALROCK,Regional / local youth,Youth,SHARED_BRIDGE_ONLY,valid shared-skill evidence without a governed direct target-head label,True,False
2017-05-13,Bächli Swiss Climbing Cup BSCC 2017 (Boulder) - SAC Boulder-Schweizermeisterschaft B2 Pratteln ,SAC-CAS,National championship,Senior / Open,FED:SAC-CAS,direct federation-level evidence,True,False
2017-05-20,"3. Deutscher Jugendcup 2017 (B) - Zweibrücken, Camp4 Kletterzentrum",DIGITALROCK,Regional / local youth,Youth,SHARED_BRIDGE_ONLY,valid shared-skill evidence without a governed direct target-head label,True,False
2017-05-20,European Youth Cup (B) - Soure (POR) 2017,IFSC,Continental series youth,Youth,IFSC_REG:EUROPE:YOUTH,direct IFSC regional/continental evidence,True,False
2017-05-20,Rheintal Cup - Sparta Bouldercup (B)  2017,SAC-CAS,Regional / local,Senior / Open,FED:SAC-CAS,direct federation-level evidence,True,False
2017-05-27,European Youth Cup (L) - Imst (AUT) 2017,IFSC,Continental series youth,Youth,IFSC_REG:EUROPE:YOUTH,direct IFSC regional/continental evidence,True,False
2017-06-09,IFSC Climbing Worldcup (B) - Vail (USA) 2017,IFSC,World series,Senior / Open,WC,direct adult World series/World championship evidence,True,False
2017-06-10,21. offene Rheinland-Pfalz-Meisterschaft Lead 2017 - Pfalz Rock Frankenthal (Qualifikation zur WDM),DIGITALROCK,Regional / local youth,Youth,SHARED_BRIDGE_ONLY,valid shared-skill evidence without a governed direct target-head label,True,False
2017-06-10,European Youth Cup (L) - Dornbirn (AUT) 2017,IFSC,Continental series youth,Youth,IFSC_REG:EUROPE:YOUTH,direct IFSC regional/continental evidence,True,False
2017-06-17,Sächsischer Jugendcup 2017- Wk3 Lead in Dresden (LJS) ,DIGITALROCK,Regional / local youth,Youth,SHARED_BRIDGE_ONLY,valid shared-skill evidence without a governed direct target-head label,True,False
2017-06-17,European Youth Cup (S) - Bologna (ITA) 2017,IFSC,Continental series youth,Youth,IFSC_REG:EUROPE:YOUTH,direct IFSC regional/continental evidence,True,False
2017-06-17,Bächli Swiss Climbing Cup BSCC 2017 (Lead) - O'Bloc Ostermundigen,SAC-CAS,National series,Senior / Open,FED:SAC-CAS,direct federation-level evidence,True,False
2017-06-17,Mammut Youth Climbing Cup MYCC 2017 (Boulder) - O'Bloc Ostermundigen ,SAC-CAS,Regional / local,Youth,FED:SAC-CAS:YOUTH,direct federation-level evidence,True,False
2017-06-24,"4. Deutscher Jugendcup 2017 (L) - Hilden, Bergstation",DIGITALROCK,Regional / local youth,Youth,SHARED_BRIDGE_ONLY,valid shared-skill evidence without a governed direct target-head label,True,False
2017-06-24,European Youth Cup (L) - Uster (SUI) 2017,IFSC,Continental series youth,Youth,IFSC_REG:EUROPE:YOUTH,direct IFSC regional/continental evidence,True,False
2017-06-24,IFSC Climbing Worldcup (B) - Navi Mumbai (IND) 2017,IFSC,World series,Senior / Open,WC,direct adult World series/World championship evidence,True,False
2017-06-25,"5. Deutscher Jugendcup 2017 (S) - Hilden, Bergstation",DIGITALROCK,Regional / local youth,Youth,SHARED_BRIDGE_ONLY,valid shared-skill evidence without a governed direct target-head label,True,False
2017-06-30,"European Championship (L,S) - Campitello di Fassa (ITA) 2017 ",IFSC,Continental championship,Senior / Open,IFSC_REG:EUROPE,direct IFSC regional/continental evidence,True,False
2017-07-01,Qualifikation Bayerische Meisterschaft München High East Lead,DIGITALROCK,Regional / local youth,Youth,SHARED_BRIDGE_ONLY,valid shared-skill evidence without a governed direct target-head label,True,False
2017-07-01,"Rheintal Cup - Gallus Cup, St. Gallen (L) 2017",SAC-CAS,Regional / local,Senior / Open,FED:SAC-CAS,direct federation-level evidence,True,False
2017-07-05,Asian Youth Championships - Singapore (SGP) 2017,IFSC,Continental championship youth,Youth,IFSC_REG:ASIA:YOUTH,direct IFSC regional/continental evidence,True,False
2017-07-07,"IFSC Climbing Worldcup (L,S) - Villars (SUI) 2017",IFSC,World series,Senior / Open,WC,direct adult World series/World championship evidence,True,False
2017-07-08,"6. Deutscher Jugendcup 2017 (L) - Reutlingen, DAV Kletterzentrum",DIGITALROCK,Regional / local youth,Youth,SHARED_BRIDGE_ONLY,valid shared-skill evidence without a governed direct target-head label,True,False
2017-07-09,BaWü Jugendcup Speed - Reutlingen,DIGITALROCK,Regional / local youth,Youth,SHARED_BRIDGE_ONLY,valid shared-skill evidence without a governed direct target-head label,True,False
2017-07-09,Mammut Youth Climbing Cup MYCC 2017 (Lead) - SAC Lead-Schweizermeisterschaft Villars,SAC-CAS,National championship,Youth,FED:SAC-CAS:YOUTH,direct federation-level evidence,True,False
2017-07-12,IFSC Climbing Worldcup (L) - Chamonix (FRA) 2017,IFSC,World series,Senior / Open,WC,direct adult World series/World championship evidence,True,False
2017-07-15,BaWü Jugendcup Lead - Freiburg,DIGITALROCK,Regional / local youth,Youth,SHARED_BRIDGE_ONLY,valid shared-skill evidence without a governed direct target-head label,True,False
2017-07-15,Qualifikation Bayerische Meisterschaft München Freimann Bouldern,DIGITALROCK,Regional / local youth,Youth,SHARED_BRIDGE_ONLY,valid shared-skill evidence without a governed direct target-head label,True,False
2017-07-15,Qualifikation Bayerische Meisterschaft München Freimann Speed,DIGITALROCK,Regional / local youth,Youth,SHARED_BRIDGE_ONLY,valid shared-skill evidence without a governed direct target-head label,True,False
2017-07-18,European Youth Cup (B) - L'Argentière (FRA) 2017 ,IFSC,Continental series youth,Youth,IFSC_REG:EUROPE:YOUTH,direct IFSC regional/continental evidence,True,False
2017-07-21,The World Games 2017 - Wroclaw (POL) 2017,IFSC,International other,Senior / Open,SHARED_BRIDGE_ONLY,valid shared-skill evidence without a governed direct target-head label,True,False
2017-07-22,"7. Deutscher Jugendcup 2017 (S) - Saarlouis, Rocklands Kletterzentrum",DIGITALROCK,Regional / local youth,Youth,SHARED_BRIDGE_ONLY,valid shared-skill evidence without a governed direct target-head label,True,False
2017-07-28,IFSC Climbing Worldcup (L) - Briançon (FRA) 2017,IFSC,World series,Senior / Open,WC,direct adult World series/World championship evidence,True,False
2017-07-29,Bayerische Jugendmeisterschaft Bouldern Jugend C und B 2017- E4 Nürnberg,DIGITALROCK,Regional / local youth,Youth,SHARED_BRIDGE_ONLY,valid shared-skill evidence without a governed direct target-head label,True,False
2017-08-05,European Youth Cup (B) - Sofia (BUL) 2017,IFSC,Continental series youth,Youth,IFSC_REG:EUROPE:YOUTH,direct IFSC regional/continental evidence,True,False
2017-08-12,European Youth Cup (L) - Mitterdorf (AUT) 2017,IFSC,Continental series youth,Youth,IFSC_REG:EUROPE:YOUTH,direct IFSC regional/continental evidence,True,False
2017-08-18,European Championship (B) - Munich (GER) 2017 ,IFSC,Continental championship,Senior / Open,IFSC_REG:EUROPE,direct IFSC regional/continental evidence,True,False
2017-08-18,IFSC Climbing Worldcup (B) - Munich (GER) 2017 ,IFSC,World series,Senior / Open,WC,direct adult World series/World championship evidence,True,False
2017-08-25,"IFSC Climbing Worldcup (L,S) - Arco (ITA) 2017 ",IFSC,World series,Senior / Open,WC,direct adult World series/World championship evidence,True,False
2017-08-26,Mammut Youth Climbing Cup MYCC 2017 (Lead) - Näfels ,SAC-CAS,Regional / local,Youth,FED:SAC-CAS:YOUTH,direct federation-level evidence,True,False
2017-08-27,European Youth Cup (S) - Imst (AUT) 2017,IFSC,Continental series youth,Youth,IFSC_REG:EUROPE:YOUTH,direct IFSC regional/continental evidence,True,False
2017-08-30,IFSC Youth World Championships - Innsbruck (AUT) - 2017,IFSC,World major youth,Youth,IFSC_WORLD_YOUTH,"direct Youth World evidence; transition context, not adult WC evidence",True,False
2017-09-02,Regionale Hessische Meisterschaft Lead 2017 - Gießen,DIGITALROCK,Regional / local youth,Youth,SHARED_BRIDGE_ONLY,valid shared-skill evidence without a governed direct target-head label,True,False
2017-09-02,Sächsischer Jugendcup 2017 - Wk4 Bouldern in Dresden Mandala,DIGITALROCK,Regional / local youth,Youth,SHARED_BRIDGE_ONLY,valid shared-skill evidence without a governed direct target-head label,True,False
2017-09-09,Offene NRW Landesmeisterschaft Lead 2017 - Lindlar,DIGITALROCK,Regional / local youth,Youth,SHARED_BRIDGE_ONLY,valid shared-skill evidence without a governed direct target-head label,True,False
2017-09-09,Offene Sächsische/Berliner Landesmeisterschaft Lead in Dresden,DIGITALROCK,Regional / local,Senior / Open,SHARED_BRIDGE_ONLY,valid shared-skill evidence without a governed direct target-head label,True,False
2017-09-09,Offene Sächsische/Berliner Landesmeisterschaft Lead in Dresden,DIGITALROCK,Regional / local youth,Youth,SHARED_BRIDGE_ONLY,valid shared-skill evidence without a governed direct target-head label,True,False
2017-09-09,Offene Sächsische/Berliner Landesmeisterschaft Speed in Dresden,DIGITALROCK,Regional / local youth,Youth,SHARED_BRIDGE_ONLY,valid shared-skill evidence without a governed direct target-head label,True,False
2017-09-15,European Youth Championships (B) - Slany (CZE) 2017,IFSC,Continental championship youth,Youth,IFSC_REG:EUROPE:YOUTH,direct IFSC regional/continental evidence,True,False
2017-09-18,Asian Continental Championships - Tehran (IRI) 2017,IFSC,Continental championship,Senior / Open,IFSC_REG:ASIA,direct IFSC regional/continental evidence,True,False
2017-09-23,Bayerische Jugendmeisterschaft Jugend B und C Lead - Neu-Ulm,DIGITALROCK,Regional / local youth,Youth,SHARED_BRIDGE_ONLY,valid shared-skill evidence without a governed direct target-head label,True,False
2017-09-23,Bayerische Jugendmeisterschaft Jugend B und C Speed- Neu-Ulm,DIGITALROCK,Regional / local youth,Youth,SHARED_BRIDGE_ONLY,valid shared-skill evidence without a governed direct target-head label,True,False
2017-09-23,"IFSC Climbing Worldcup (L,S) - Edinburgh (GBR) 2017",IFSC,World series,Senior / Open,WC,direct adult World series/World championship evidence,True,False
2017-09-28,"European Youth Championships (L,S) - Perm (RUS) 2017",IFSC,Continental championship youth,Youth,IFSC_REG:EUROPE:YOUTH,direct IFSC regional/continental evidence,True,False
2017-10-03,Zürcher Klettermeisterschaft 2017 (Speed) - Züspa Zürich,SAC-CAS,Regional / local,Senior / Open,FED:SAC-CAS,direct federation-level evidence,True,False
2017-10-07,"8. Deutscher Jugendcup  2017 (L) - Brakel, DAV Kletterzentrum OWL",DIGITALROCK,Regional / local youth,Youth,SHARED_BRIDGE_ONLY,valid shared-skill evidence without a governed direct target-head label,True,False
2017-10-07,"IFSC Climbing Worldcup (L,S) - Wujiang (CHN) 2017",IFSC,World series,Senior / Open,WC,direct adult World series/World championship evidence,True,False
2017-10-07,Bächli Swiss Climbing Cup BSCC 2017 (Speed) - SAC Speed-Schweizermeisterschaft Züspa Zürich,SAC-CAS,National championship,Senior / Open,FED:SAC-CAS,direct federation-level evidence,True,False
2017-10-07,Mammut Youth Climbing Cup MYCC 2017 (Speed) - SAC Speed-Schweizermeisterschaft Züspa Zürich,SAC-CAS,National championship,Youth,FED:SAC-CAS:YOUTH,direct federation-level evidence,True,False
2017-10-12,"Oceania Continental Championships & Oceania Youth Championships (L,S,B) - Noumea (FRA) 2017",IFSC,Continental championship youth,Youth,IFSC_REG:OCEANIA:YOUTH,direct IFSC regional/continental evidence,True,False
2017-10-14,BaWü Jugendcup Lead - Heilbronn,DIGITALROCK,Regional / local youth,Youth,SHARED_BRIDGE_ONLY,valid shared-skill evidence without a governed direct target-head label,True,False
2017-10-14,"IFSC Climbing Worldcup (L,S) - Xiamen (CHN) 2017",IFSC,World series,Senior / Open,WC,direct adult World series/World championship evidence,True,False
2017-10-14,Mammut Youth Climbing Cup MYCC 2017 (Lead) - Genève,SAC-CAS,Regional / local,Youth,FED:SAC-CAS:YOUTH,direct federation-level evidence,True,False
2017-10-21,Westdeutsche Meisterschaft Lead 2017,DIGITALROCK,National championship youth,Youth,SHARED_BRIDGE_ONLY,valid shared-skill evidence without a governed direct target-head label,True,False
2017-10-27,Asia Cup - Wanxianshan (CHN) 2017,IFSC,Continental series,Senior / Open,IFSC_REG:ASIA,direct IFSC regional/continental evidence,True,False
2017-10-28,Bächli Swiss Climbing Cup BSCC 2017 (Lead) - SAC Lead-Schweizermeisterschaft Griffig Uster ,SAC-CAS,National championship,Senior / Open,FED:SAC-CAS,direct federation-level evidence,True,False
2017-10-30,"PanAmerican Youth Championship (L, S, B) - Montreal (CAN) 2017 ",IFSC,International other youth,Youth,SHARED_BRIDGE_ONLY,valid shared-skill evidence without a governed direct target-head label,True,False
2017-11-04,Stadtmeisterschaft Darmstadt 2017,DIGITALROCK,Regional / local,Senior / Open,SHARED_BRIDGE_ONLY,valid shared-skill evidence without a governed direct target-head label,True,False
2017-11-04,Sächsischer Jugendcup 2017 - Wk6 Lead in Dresden XXL,DIGITALROCK,Regional / local youth,Youth,SHARED_BRIDGE_ONLY,valid shared-skill evidence without a governed direct target-head label,True,False
2017-11-04,Zürcher Klettermeisterschaft 2017 (Boulder) - Minimum Zürich,SAC-CAS,Regional / local,Senior / Open,FED:SAC-CAS,direct federation-level evidence,True,False
2017-11-11,Westdeutsche Meisterschaft Speed 2017,DIGITALROCK,National championship youth,Youth,SHARED_BRIDGE_ONLY,valid shared-skill evidence without a governed direct target-head label,True,False
2017-11-11,IFSC Climbing Worldcup (L) - Kranj (SLO) 2017,IFSC,World series,Senior / Open,WC,direct adult World series/World championship evidence,True,False
2017-11-17,China Open Qualification - Guangzhou (CHN) 2017,IFSC,International other,Senior / Open,SHARED_BRIDGE_ONLY,valid shared-skill evidence without a governed direct target-head label,True,False
2017-11-18,China Open - Guangzhou (CHN) 2017,IFSC,International other,Senior / Open,SHARED_BRIDGE_ONLY,valid shared-skill evidence without a governed direct target-head label,True,False
2017-11-25,Zürcher Klettermeisterschaft 2017 (Lead) - 6a plus Winterthur,SAC-CAS,Regional / local,Senior / Open,FED:SAC-CAS,direct federation-level evidence,True,False
2017-12-02,Rheintal Cup Finale - Nikoloklettern Dornbirn (L) 2017,SAC-CAS,Regional / local,Senior / Open,FED:SAC-CAS,direct federation-level evidence,True,False
2017-12-09,Offene hessische Speedmeisterschaft,DIGITALROCK,Regional / local youth,Youth,SHARED_BRIDGE_ONLY,valid shared-skill evidence without a governed direct target-head label,True,False
2018-01-20,Qualifikation Bayerische Meisterschaften Würzburg Lead,DIGITALROCK,Regional / local youth,Youth,SHARED_BRIDGE_ONLY,valid shared-skill evidence without a governed direct target-head label,True,False
2018-02-03,Offene NRW-Landesmeisterschaft Bouldern 2018 - Lindlar,DIGITALROCK,Regional / local youth,Youth,SHARED_BRIDGE_ONLY,valid shared-skill evidence without a governed direct target-head label,True,False
2018-02-24,Qualifikation Bayerische Meisterschaften Free Boudler Cup München,DIGITALROCK,Regional / local youth,Youth,SHARED_BRIDGE_ONLY,valid shared-skill evidence without a governed direct target-head label,True,False
2018-03-03,Regionale Hessische Bouldermeisterschaft - Kassel 2018,DIGITALROCK,Regional / local youth,Youth,SHARED_BRIDGE_ONLY,valid shared-skill evidence without a governed direct target-head label,True,False
2018-03-04,BaWü Jugendcup Bouldern - Tübingen,DIGITALROCK,Regional / local youth,Youth,SHARED_BRIDGE_ONLY,valid shared-skill evidence without a governed direct target-head label,True,False
2018-03-04,Norddeutsche Jugendmeisterschaft Bouldern  2018 Boulder-Base Bremen,DIGITALROCK,Regional / local youth,Youth,SHARED_BRIDGE_ONLY,valid shared-skill evidence without a governed direct target-head label,True,False
2018-03-10,Offene Bouldermeisterschaft Rheinland-Pfalz - RockTown Kaiserslautern,DIGITALROCK,Regional / local youth,Youth,SHARED_BRIDGE_ONLY,valid shared-skill evidence without a governed direct target-head label,True,False
2018-03-10,Offene Sächsische/Berliner Meisterschaft Bouldern in Dresden,DIGITALROCK,Regional / local youth,Youth,SHARED_BRIDGE_ONLY,valid shared-skill evidence without a governed direct target-head label,True,False
2018-03-10,Asia Cup (B) - Hong Kong (HKG) 2018,IFSC,Continental series,Senior / Open,IFSC_REG:ASIA,direct IFSC regional/continental evidence,True,False
2018-03-11,Offene Sächsische Meisterschaft Speed in Dresden,DIGITALROCK,Regional / local youth,Youth,SHARED_BRIDGE_ONLY,valid shared-skill evidence without a governed direct target-head label,True,False
2018-03-17,Qualifikation Bayerische Meisterschaften Freising Lead,DIGITALROCK,Regional / local youth,Youth,SHARED_BRIDGE_ONLY,valid shared-skill evidence without a governed direct target-head label,True,False
2018-03-17,Qualifikation Bayerische Meisterschaften Freising Speed,DIGITALROCK,Regional / local youth,Youth,SHARED_BRIDGE_ONLY,valid shared-skill evidence without a governed direct target-head label,True,False
2018-03-24,Bächli Swiss Climbing Cup BSCC 2018 (Boulder) - Boulder-SM U18 Totem Escalade Versoix,SAC-CAS,National series,Senior / Open,FED:SAC-CAS,direct federation-level evidence,True,False
2018-04-07,"European Youth Cup (L,S) - Voiron (FRA) 2018 ",IFSC,Continental series youth,Youth,IFSC_REG:EUROPE:YOUTH,direct IFSC regional/continental evidence,True,False
2018-04-08,Rheintal Cup - Rätikon Bouldertag / Bündner Jugend Klettermeisterschaft Küblis (B) 2018,SAC-CAS,Regional / local,Senior / Open,FED:SAC-CAS,direct federation-level evidence,True,False
2018-04-13,IFSC Climbing Worldcup (B) - Meiringen (SUI) 2018 ,IFSC,World series,Senior / Open,WC,direct adult World series/World championship evidence,True,False
2018-04-14,1. Deutscher Jugendcup 2018 (B) - Düsseldorf,DIGITALROCK,Regional / local youth,Youth,SHARED_BRIDGE_ONLY,valid shared-skill evidence without a governed direct target-head label,True,False
2018-04-15,Mammut Youth Climbing Cup MYCC 2018 (Boulder) - Haslital Mountain Festival Meiringen,SAC-CAS,Regional / local,Youth,FED:SAC-CAS:YOUTH,direct federation-level evidence,True,False
2018-04-21,2. Deutscher Jugendcup 2018 (B) - Nürnberg,DIGITALROCK,Regional / local youth,Youth,SHARED_BRIDGE_ONLY,valid shared-skill evidence without a governed direct target-head label,True,False
2018-04-21,"IFSC Climbing Worldcup (B,S) - Moscow (RUS) 2018 ",IFSC,World series,Senior / Open,WC,direct adult World series/World championship evidence,True,False
2018-04-28,European Youth Cup (B) - Graz (AUT) 2018 ,IFSC,Continental series youth,Youth,IFSC_REG:EUROPE:YOUTH,direct IFSC regional/continental evidence,True,False
2018-04-28,"International Climbing Series - Outdoor Village Speed Stars - Akishima, Tokyo (JPN) 2018",IFSC,International other,Senior / Open,SHARED_BRIDGE_ONLY,valid shared-skill evidence without a governed direct target-head label,True,False
2018-05-05,BaWü Jugendcup Bouldern - Stuttgart,DIGITALROCK,Regional / local youth,Youth,SHARED_BRIDGE_ONLY,valid shared-skill evidence without a governed direct target-head label,True,False
2018-05-05,Qualifikation Bayerische Meisterschaften Aschaffenburg Bouldern,DIGITALROCK,Regional / local youth,Youth,SHARED_BRIDGE_ONLY,valid shared-skill evidence without a governed direct target-head label,True,False
2018-05-05,Westdeutsche Meisterschaft Bouldern 2018 - Köln,DIGITALROCK,National championship youth,Youth,SHARED_BRIDGE_ONLY,valid shared-skill evidence without a governed direct target-head label,True,False
2018-05-05,European Youth Cup (B) - Soure (POR) 2018 ,IFSC,Continental series youth,Youth,IFSC_REG:EUROPE:YOUTH,direct IFSC regional/continental evidence,True,False
2018-05-05,"IFSC Climbing Worldcup (B,S) - Chongqing (CHN) 2018 ",IFSC,World series,Senior / Open,WC,direct adult World series/World championship evidence,True,False
2018-05-05,Zürcher Klettermeisterschaft 2018 (Lead) - Griffig Uster,SAC-CAS,Regional / local,Senior / Open,FED:SAC-CAS,direct federation-level evidence,True,False
2018-05-12,European Youth Cup (S) - Bologna (ITA) 2018 ,IFSC,Continental series youth,Youth,IFSC_REG:EUROPE:YOUTH,direct IFSC regional/continental evidence,True,False
2018-05-12,"IFSC Climbing Worldcup (B,S) - Tai'an (CHN) 2018 ",IFSC,World series,Senior / Open,WC,direct adult World series/World championship evidence,True,False
2018-05-25,"European Youth Championship (L, S) - Imst 2018",IFSC,Continental championship youth,Youth,IFSC_REG:EUROPE:YOUTH,direct IFSC regional/continental evidence,True,False
2018-05-26,Bächli Swiss Climbing Cup BSCC 2018 - Boulder-Schweizermeisterschaft Elite B2 Pratteln ,SAC-CAS,National championship,Senior / Open,FED:SAC-CAS,direct federation-level evidence,True,False
2018-06-02,1.Sächsischer Kinder- und Jugendcup 2018- WK1 Bouldern in Dresden,DIGITALROCK,Regional / local youth,Youth,SHARED_BRIDGE_ONLY,valid shared-skill evidence without a governed direct target-head label,True,False
2018-06-02,European Youth Cup (B) - Delft (NED) 2018 ,IFSC,Continental series youth,Youth,IFSC_REG:EUROPE:YOUTH,direct IFSC regional/continental evidence,True,False
2018-06-02,IFSC Climbing Worldcup (B) - Hachioji (JPN) 2018 ,IFSC,World series,Senior / Open,WC,direct adult World series/World championship evidence,True,False
2018-06-08,IFSC Climbing Worldcup (B) - Vail (USA) 2018 ,IFSC,World series,Senior / Open,WC,direct adult World series/World championship evidence,True,False
2018-06-09,22. offene Rheinland-Pfalz Meisterschaft / Qualifikation zur WDM Lead,DIGITALROCK,Regional / local youth,Youth,SHARED_BRIDGE_ONLY,valid shared-skill evidence without a governed direct target-head label,True,False
2018-06-09,BaWü Jugendcup Lead - Offenburg,DIGITALROCK,Regional / local youth,Youth,SHARED_BRIDGE_ONLY,valid shared-skill evidence without a governed direct target-head label,True,False
2018-06-09,Qualifikation Bayerische Meisterschaften Augsburg Bouldern,DIGITALROCK,Regional / local youth,Youth,SHARED_BRIDGE_ONLY,valid shared-skill evidence without a governed direct target-head label,True,False
2018-06-09,Qualifikation Bayerische Meisterschaften Augsburg Lead,DIGITALROCK,Regional / local youth,Youth,SHARED_BRIDGE_ONLY,valid shared-skill evidence without a governed direct target-head label,True,False
2018-06-09,Qualifikation Bayerische Meisterschaften Augsburg Speed,DIGITALROCK,Regional / local youth,Youth,SHARED_BRIDGE_ONLY,valid shared-skill evidence without a governed direct target-head label,True,False
2018-06-09,Rheintal Cup - Sparta Bouldercup Buchs (B) 2018,SAC-CAS,Regional / local,Senior / Open,FED:SAC-CAS,direct federation-level evidence,True,False
2018-06-15,"Asia Cup (B,S) - Bangkok (THA) 2018",IFSC,Continental series,Senior / Open,IFSC_REG:ASIA,direct IFSC regional/continental evidence,True,False
2018-06-16,European Youth Cup (L) - Bruneck (ITA) 2018 ,IFSC,Continental series youth,Youth,IFSC_REG:EUROPE:YOUTH,direct IFSC regional/continental evidence,True,False
2018-06-20,World University Championships - Bratislava (SVK) 2018,IFSC,International other,Senior / Open,SHARED_BRIDGE_ONLY,valid shared-skill evidence without a governed direct target-head label,True,False
2018-06-22,European Youth Cup (S) - Mezzolombardo (ITA) 2018 ,IFSC,Continental series youth,Youth,IFSC_REG:EUROPE:YOUTH,direct IFSC regional/continental evidence,True,False
2018-06-23,3. Deutscher Jugendcup 2018 (L) - Dresden,DIGITALROCK,Regional / local youth,Youth,SHARED_BRIDGE_ONLY,valid shared-skill evidence without a governed direct target-head label,True,False
2018-06-23,Bächli Swiss Climbing Cup BSCC 2018 - Lead-Schweizermeisterschaft O'Bloc Ostermundigen,SAC-CAS,National championship,Senior / Open,FED:SAC-CAS,direct federation-level evidence,True,False
2018-06-23,Mammut Youth Climbing Cup MYCC 2018 - Boulder-Schweizermeisterschaft O'Bloc Ostermundigen,SAC-CAS,National championship,Youth,FED:SAC-CAS:YOUTH,direct federation-level evidence,True,False
2018-06-24,4. Deutscher Jugendcup 2018 (S) - Dresden,DIGITALROCK,Regional / local youth,Youth,SHARED_BRIDGE_ONLY,valid shared-skill evidence without a governed direct target-head label,True,False
2018-06-30,Offene NRW-Landesmeisterschaft Lead 2018 - Hilden,DIGITALROCK,Regional / local youth,Youth,SHARED_BRIDGE_ONLY,valid shared-skill evidence without a governed direct target-head label,True,False
2018-06-30,Qualifikation Bayerische Meisterschaften Berchtesgaden Lead,DIGITALROCK,Regional / local youth,Youth,SHARED_BRIDGE_ONLY,valid shared-skill evidence without a governed direct target-head label,True,False
2018-06-30,European Youth Cup (L) - Uster (SUI) 2018 ,IFSC,Continental series youth,Youth,IFSC_REG:EUROPE:YOUTH,direct IFSC regional/continental evidence,True,False
2018-07-01,Westdeutsche Meisterschaft Speed 2018 - Hilden,DIGITALROCK,National championship youth,Youth,SHARED_BRIDGE_ONLY,valid shared-skill evidence without a governed direct target-head label,True,False
2018-07-06,"IFSC Climbing Worldcup (L,S) - Villars (SUI) 2018 ",IFSC,World series,Senior / Open,WC,direct adult World series/World championship evidence,True,False
2018-07-07,European Youth Cup (L) - Munich (GER) 2018 ,IFSC,Continental series youth,Youth,IFSC_REG:EUROPE:YOUTH,direct IFSC regional/continental evidence,True,False
2018-07-07,Bächli Swiss Climbing Cup BSCC 2018 - Speed-Schweizermeisterschaft Villars,SAC-CAS,National championship,Senior / Open,FED:SAC-CAS,direct federation-level evidence,True,False
2018-07-07,Mammut Youth Climbing Cup MYCC 2018 - Speed-Schweizermeisterschaft Villars,SAC-CAS,National championship,Youth,FED:SAC-CAS:YOUTH,direct federation-level evidence,True,False
2018-07-08,Mammut Youth Climbing Cup MYCC 2018 - Lead-Schweizermeisterschaft Villars,SAC-CAS,National championship,Youth,FED:SAC-CAS:YOUTH,direct federation-level evidence,True,False
2018-07-11,"IFSC Climbing Worldcup (L,S) - Chamonix (FRA) 2018 ",IFSC,World series,Senior / Open,WC,direct adult World series/World championship evidence,True,False
2018-07-20,IFSC Climbing Worldcup (L) - Briançon (FRA) 2018 ,IFSC,World series,Senior / Open,WC,direct adult World series/World championship evidence,True,False
2018-07-21,5. Deutscher Jugendcup 2018 (S) - Hilden,DIGITALROCK,Regional / local youth,Youth,SHARED_BRIDGE_ONLY,valid shared-skill evidence without a governed direct target-head label,True,False
2018-07-21,Qualifikation Bayerische Meisterschaften Kempten Bouldern,DIGITALROCK,Regional / local youth,Youth,SHARED_BRIDGE_ONLY,valid shared-skill evidence without a governed direct target-head label,True,False
2018-07-21,European Youth Cup (B) - Sofia (BUL) 2018 ,IFSC,Continental series youth,Youth,IFSC_REG:EUROPE:YOUTH,direct IFSC regional/continental evidence,True,False
2018-07-22,Qualifikation Bayerische Meisterschaften Kempten Speed,DIGITALROCK,Regional / local youth,Youth,SHARED_BRIDGE_ONLY,valid shared-skill evidence without a governed direct target-head label,True,False
2018-07-27,"IFSC Climbing Worldcup (L,S) - Arco (ITA) 2018 ",IFSC,World series,Senior / Open,WC,direct adult World series/World championship evidence,True,False
2018-08-09,IFSC Youth World Championships -  Moscow (RUS) 2018,IFSC,World major youth,Youth,IFSC_WORLD_YOUTH,"direct Youth World evidence; transition context, not adult WC evidence",True,False
2018-08-17,IFSC Climbing Worldcup (B) - Munich (GER) 2018 ,IFSC,World series,Senior / Open,WC,direct adult World series/World championship evidence,True,False
2018-08-18,Mammut Youth Climbing Cup MYCC 2018 (Lead) - Linth Arena Näfels ,SAC-CAS,Regional / local,Youth,FED:SAC-CAS:YOUTH,direct federation-level evidence,True,False
2018-08-25,Bächli Swiss Climbing Cup BSCC 2018 (Lead) - Rocspot Echandens ,SAC-CAS,National series,Senior / Open,FED:SAC-CAS,direct federation-level evidence,True,False
2018-08-31,European Youth Championships (B) - Brussels (BEL) 2018 ,IFSC,Continental championship youth,Youth,IFSC_REG:EUROPE:YOUTH,direct IFSC regional/continental evidence,True,False
2018-09-01,Offene Berliner & Sächsiche Landesmeisterschaft Lead 2018 - Berlin,DIGITALROCK,Regional / local youth,Youth,SHARED_BRIDGE_ONLY,valid shared-skill evidence without a governed direct target-head label,True,False
2018-09-01,Regionale Hessische Meisterschaft Lead - Frankfurt 2018,DIGITALROCK,Regional / local youth,Youth,SHARED_BRIDGE_ONLY,valid shared-skill evidence without a governed direct target-head label,True,False
2018-09-06,IFSC Climbing World Championships - Innsbruck (AUT) 2018,IFSC,World major,Senior / Open,WC,direct adult World series/World championship evidence,True,False
2018-09-15,Zürcher Klettermeisterschaft 2018 (Lead) - 6a plus Winterthur,SAC-CAS,Regional / local,Senior / Open,FED:SAC-CAS,direct federation-level evidence,True,False
2018-09-16,BaWü Jugendcup Lead - Heilbronn,DIGITALROCK,Regional / local youth,Youth,SHARED_BRIDGE_ONLY,valid shared-skill evidence without a governed direct target-head label,True,False
2018-09-16,BaWü Jugendcup Speed - Heilbronn,DIGITALROCK,Regional / local youth,Youth,SHARED_BRIDGE_ONLY,valid shared-skill evidence without a governed direct target-head label,True,False
2018-09-22,Offene Landesmeisterschaft Lead DAV-Nord (Griffreich Hannover),DIGITALROCK,Regional / local youth,Youth,SHARED_BRIDGE_ONLY,valid shared-skill evidence without a governed direct target-head label,True,False
2018-09-22,Westdeutsche Meisterschaft Lead 2018 - Saarlouis,DIGITALROCK,National championship youth,Youth,SHARED_BRIDGE_ONLY,valid shared-skill evidence without a governed direct target-head label,True,False
2018-09-29,2.Sächsischer Kinder- und Jugendcup 2018- WK1 Lead in Dresden,DIGITALROCK,Regional / local youth,Youth,SHARED_BRIDGE_ONLY,valid shared-skill evidence without a governed direct target-head label,True,False
2018-09-29,6. Deutscher Jugendcup 2018 (L) - Frankenthal,DIGITALROCK,Regional / local youth,Youth,SHARED_BRIDGE_ONLY,valid shared-skill evidence without a governed direct target-head label,True,False
2018-09-29,IFSC Climbing Worldcup (L) - Kranj (SLO) 2018 ,IFSC,World series,Senior / Open,WC,direct adult World series/World championship evidence,True,False
2018-10-20,"IFSC Climbing Worldcup (L,S) - Wujiang (CHN) 2018 ",IFSC,World series,Senior / Open,WC,direct adult World series/World championship evidence,True,False
2018-10-27,"IFSC Climbing Worldcup (L,S) - Xiamen (CHN) 2018 ",IFSC,World series,Senior / Open,WC,direct adult World series/World championship evidence,True,False
2018-11-01,Asian Youth Championships - Chongqing (CHN) 2018,IFSC,Continental championship youth,Youth,IFSC_REG:ASIA:YOUTH,direct IFSC regional/continental evidence,True,False
2018-11-03,3.Sächsischer Kinder- und Jugendcup 2018- WK1 Lead in Zittau,DIGITALROCK,Regional / local youth,Youth,SHARED_BRIDGE_ONLY,valid shared-skill evidence without a governed direct target-head label,True,False
2018-11-07,Asian Championships - Kurayoshi (JPN) 2018 ,IFSC,Continental championship,Senior / Open,IFSC_REG:ASIA,direct IFSC regional/continental evidence,True,False
2018-11-10,4.Sächsischer Kinder- und Jugendcup 2018- WK1 Bouldern in Leipzig,DIGITALROCK,Regional / local youth,Youth,SHARED_BRIDGE_ONLY,valid shared-skill evidence without a governed direct target-head label,True,False
2018-11-15,International Climbing Series - China Open Semifinals & Finals - Guanzhou (CHN) 2018,IFSC,International other,Senior / Open,SHARED_BRIDGE_ONLY,valid shared-skill evidence without a governed direct target-head label,True,False
2018-11-16,International Climbing Series - China Open - Guangzhou (CHN) 2018,IFSC,International other,Senior / Open,SHARED_BRIDGE_ONLY,valid shared-skill evidence without a governed direct target-head label,True,False
2018-11-17,Zürcher Klettermeisterschaft 2018 (Boulder) - Minimum Zürich,SAC-CAS,Regional / local,Senior / Open,FED:SAC-CAS,direct federation-level evidence,True,False
2018-11-21,"IFSC PanAmerican Championship (L, S, B, C) - Guayaquil (ECU) 2018",IFSC,International other,Senior / Open,SHARED_BRIDGE_ONLY,valid shared-skill evidence without a governed direct target-head label,True,False
2018-12-08,Offene Hessische Speedmeisterschaft 2018 - Darmstadt ,DIGITALROCK,Regional / local youth,Youth,SHARED_BRIDGE_ONLY,valid shared-skill evidence without a governed direct target-head label,True,False
2018-12-08,Rheintal Cup Finale - Nikoloklettern Dornbirn (L) 2018,SAC-CAS,Regional / local,Senior / Open,FED:SAC-CAS,direct federation-level evidence,True,False
2019-01-19,Cuneo,FASI,Regional / local,Senior / Open,FED:FASI,direct federation-level evidence,True,False
2019-01-20,Martina Franca,FASI,Regional / local,Senior / Open,FED:FASI,direct federation-level evidence,True,False
2019-01-20,Pescara,FASI,Regional / local,Senior / Open,FED:FASI,direct federation-level evidence,True,False
2019-02-09,Baden-Württembergischer Jugendcup Bouldern 2019 Tübingen,DIGITALROCK,Regional / local youth,Youth,SHARED_BRIDGE_ONLY,valid shared-skill evidence without a governed direct target-head label,True,False
2019-02-16,Bayerische Meisterschaft Erwachsene & Jugend A Bouldern E4 Nürnberg (Qualifikation Jugend A und B),DIGITALROCK,Regional / local youth,Youth,SHARED_BRIDGE_ONLY,valid shared-skill evidence without a governed direct target-head label,True,False
2019-02-16,Regionale Hessische Bouldermeisterschaft - Frankfurt 2019,DIGITALROCK,Regional / local youth,Youth,SHARED_BRIDGE_ONLY,valid shared-skill evidence without a governed direct target-head label,True,False
2019-02-24,Norddeutsche Jugendmeisterschaft Bouldern,DIGITALROCK,Regional / local youth,Youth,SHARED_BRIDGE_ONLY,valid shared-skill evidence without a governed direct target-head label,True,False
2019-03-01,O'Bloc Masters 2019 Ostermundigen (Lead & Boulder) ,SAC-CAS,Regional / local,Senior / Open,FED:SAC-CAS,direct federation-level evidence,True,False
2019-03-16,1. Deutscher Jugendcup (B) 2019 - Bexbach,DIGITALROCK,Regional / local youth,Youth,SHARED_BRIDGE_ONLY,valid shared-skill evidence without a governed direct target-head label,True,False
2019-03-16,Kids Cup Bouldern Rosenheim (Qualifikation Jugend C),DIGITALROCK,Regional / local youth,Youth,SHARED_BRIDGE_ONLY,valid shared-skill evidence without a governed direct target-head label,True,False
2019-03-16,Sächsischer Jugendcup 2019 Wk1 Bouldern Messe Dresden,DIGITALROCK,Regional / local youth,Youth,SHARED_BRIDGE_ONLY,valid shared-skill evidence without a governed direct target-head label,True,False
2019-03-16,Mammut Youth Climbing Cup MYCC 2019 (Bouldern) - Giubiasco,SAC-CAS,Regional / local,Youth,FED:SAC-CAS:YOUTH,direct federation-level evidence,True,False
2019-03-23,Bressanone,FASI,Regional / local,Senior / Open,FED:FASI,direct federation-level evidence,True,False
2019-03-24,Putignano,FASI,Regional / local,Senior / Open,FED:FASI,direct federation-level evidence,True,False
2019-03-25,Offene Berliner und Sächsische Landesmeisterschaften Bouldern 2019 - Berlin,DIGITALROCK,Regional / local youth,Youth,SHARED_BRIDGE_ONLY,valid shared-skill evidence without a governed direct target-head label,True,False
2019-03-30,Offene Bouldermeisterschaft Rheinland-Pfalz - RockTown Kaiserslautern ,DIGITALROCK,Regional / local youth,Youth,SHARED_BRIDGE_ONLY,valid shared-skill evidence without a governed direct target-head label,True,False
2019-03-30,Bächli Swiss Climbing Cup BSCC 2019  (Bouldern) - Zürich,SAC-CAS,National series,Senior / Open,FED:SAC-CAS,direct federation-level evidence,True,False
2019-03-31,Roma,FASI,Regional / local,Senior / Open,FED:FASI,direct federation-level evidence,True,False
2019-03-31,Torino,FASI,Regional / local,Senior / Open,FED:FASI,direct federation-level evidence,True,False
2019-03-31,Rheintal Cup - Rätikon Bouldertag Küblis (B) 2019,SAC-CAS,Regional / local,Senior / Open,FED:SAC-CAS,direct federation-level evidence,True,False
2019-04-05,IFSC Climbing Worldcup (B) - Meiringen (SUI) 2019 ,IFSC,World series,Senior / Open,WC,direct adult World series/World championship evidence,True,False
2019-04-06,2. Deutscher Jugendcup (B) 2019 - Braunschweig,DIGITALROCK,Regional / local youth,Youth,SHARED_BRIDGE_ONLY,valid shared-skill evidence without a governed direct target-head label,True,False
2019-04-07,Modena,FASI,Regional / local,Senior / Open,FED:FASI,direct federation-level evidence,True,False
2019-04-07,Penne,FASI,Regional / local,Senior / Open,FED:FASI,direct federation-level evidence,True,False
2019-04-07,San Giustino,FASI,Regional / local,Senior / Open,FED:FASI,direct federation-level evidence,True,False
2019-04-07,Mammut Youth Climbing Cup MYCC 2019 - Boulder-SM Haslital Mountain Festival Meiringen ,SAC-CAS,Regional / local,Youth,FED:SAC-CAS:YOUTH,direct federation-level evidence,True,False
2019-04-12,"IFSC Climbing Worldcup (B,S) - Moscow (RUS) 2019 ",IFSC,World series,Senior / Open,WC,direct adult World series/World championship evidence,True,False
2019-04-13,Zürcher Klettermeisterschaft 2019 (Lead) - Griffig Uster,SAC-CAS,Regional / local,Senior / Open,FED:SAC-CAS,direct federation-level evidence,True,False
2019-04-14,Regalna,FASI,Regional / local,Senior / Open,FED:FASI,direct federation-level evidence,True,False
2019-04-14,Roma,FASI,Regional / local,Senior / Open,FED:FASI,direct federation-level evidence,True,False
2019-04-20,Cuneo,FASI,Regional / local,Senior / Open,FED:FASI,direct federation-level evidence,True,False
2019-04-26,"IFSC Climbing Worldcup (B,S) - Chongqing (CHN) 2019",IFSC,World series,Senior / Open,WC,direct adult World series/World championship evidence,True,False
2019-04-27,European Youth Cup (B) - Soure (POR) 2019,IFSC,Continental series youth,Youth,IFSC_REG:EUROPE:YOUTH,direct IFSC regional/continental evidence,True,False
2019-04-28,Faenza,FASI,Regional / local,Senior / Open,FED:FASI,direct federation-level evidence,True,False
2019-05-01,Bayerische Meisterschaft Erwachsene & Jugend A Lead Freising (Qualifikation Jugend A und B),DIGITALROCK,Regional / local youth,Youth,SHARED_BRIDGE_ONLY,valid shared-skill evidence without a governed direct target-head label,True,False
2019-05-02,"IFSC European Cup (B,S) - Innsbruck (AUT) 2019",IFSC,Continental series,Senior / Open,IFSC_REG:EUROPE,direct IFSC regional/continental evidence,True,False
2019-05-03,"IFSC Climbing Worldcup (B,S) - Wujiang (CHN) 2019",IFSC,World series,Senior / Open,WC,direct adult World series/World championship evidence,True,False
2019-05-04,Offene NRW-Landesmeisterschaft Bouldern 2019 - Köln,DIGITALROCK,Regional / local youth,Youth,SHARED_BRIDGE_ONLY,valid shared-skill evidence without a governed direct target-head label,True,False
2019-05-04,Rheintal Cup - Chur (L) 2019,SAC-CAS,Regional / local,Senior / Open,FED:SAC-CAS,direct federation-level evidence,True,False
2019-05-05,Penne,FASI,Regional / local,Senior / Open,FED:FASI,direct federation-level evidence,True,False
2019-05-05,Potenza,FASI,Regional / local,Senior / Open,FED:FASI,direct federation-level evidence,True,False
2019-05-05,Quartu Sant'Elena,FASI,Regional / local,Senior / Open,FED:FASI,direct federation-level evidence,True,False
2019-05-11,Bayerische Jugendmeisterschaft Bouldern Landshut (Qualifikation Jugend B und C),DIGITALROCK,Regional / local youth,Youth,SHARED_BRIDGE_ONLY,valid shared-skill evidence without a governed direct target-head label,True,False
2019-05-11,"Westdeutsche Meisterschaft Bouldern, Blocschokolade Trier",DIGITALROCK,National championship youth,Youth,SHARED_BRIDGE_ONLY,valid shared-skill evidence without a governed direct target-head label,True,False
2019-05-11,Marina di Ravenna,FASI,Regional / local,Senior / Open,FED:FASI,direct federation-level evidence,True,False
2019-05-11,European Youth Cup (B) - Graz (AUT) 2019,IFSC,Continental series youth,Youth,IFSC_REG:EUROPE:YOUTH,direct IFSC regional/continental evidence,True,False
2019-05-12,L'Aquila,FASI,Regional / local,Senior / Open,FED:FASI,direct federation-level evidence,True,False
2019-05-12,"International Climbing Series - Outdoor Village Speed Stars - Akishima, Tokyo (JPN) 2019",IFSC,International other,Senior / Open,SHARED_BRIDGE_ONLY,valid shared-skill evidence without a governed direct target-head label,True,False
2019-05-18,Thiene,FASI,Regional / local,Senior / Open,FED:FASI,direct federation-level evidence,True,False
2019-05-18,European Youth Cup (S) - Mezzolombardo (ITA) 2019,IFSC,Continental series youth,Youth,IFSC_REG:EUROPE:YOUTH,direct IFSC regional/continental evidence,True,False
2019-05-18,IFSC Climbing Worldcup (B) - Munich (GER) 2019,IFSC,World series,Senior / Open,WC,direct adult World series/World championship evidence,True,False
2019-05-18,Rheintal Cup - Sparta Bouldercup Buchs (B) 2019,SAC-CAS,Regional / local,Senior / Open,FED:SAC-CAS,direct federation-level evidence,True,False
2019-05-25,3. Deutscher Jugendcup (L) 2019 - Kempten,DIGITALROCK,Regional / local youth,Youth,SHARED_BRIDGE_ONLY,valid shared-skill evidence without a governed direct target-head label,True,False
2019-05-25,Faenza,FASI,Regional / local,Senior / Open,FED:FASI,direct federation-level evidence,True,False
2019-05-25,European Youth Cup (B) - Sofia (BUL) 2019,IFSC,Continental series youth,Youth,IFSC_REG:EUROPE:YOUTH,direct IFSC regional/continental evidence,True,False
2019-05-26,4. Deutscher Jugendcup (S) 2019 - Kempten,DIGITALROCK,Regional / local youth,Youth,SHARED_BRIDGE_ONLY,valid shared-skill evidence without a governed direct target-head label,True,False
2019-05-26,Pero,FASI,Regional / local,Senior / Open,FED:FASI,direct federation-level evidence,True,False
2019-05-30,Bächli Swiss Climbing Cup BSCC 2019 - Boulder-Schweizermeisterschaft Pratteln,SAC-CAS,National championship,Senior / Open,FED:SAC-CAS,direct federation-level evidence,True,False
2019-06-07,IFSC Climbing Worldcup (B) - Vail (USA) 2019 ,IFSC,World series,Senior / Open,WC,direct adult World series/World championship evidence,True,False
2019-06-08,23. offene Rheinland-Pfalz Meisterschaft Lead / Qualifikation zur WDM Lead - Pfalz Rock Frankenthal ,DIGITALROCK,Regional / local youth,Youth,SHARED_BRIDGE_ONLY,valid shared-skill evidence without a governed direct target-head label,True,False
2019-06-15,Offene Hessenmeisterschaft Lead - Kletterzentrum Nordhessen Kassel,DIGITALROCK,Regional / local youth,Youth,SHARED_BRIDGE_ONLY,valid shared-skill evidence without a governed direct target-head label,True,False
2019-06-15,Campitello di Fassa,FASI,Regional / local,Senior / Open,FED:FASI,direct federation-level evidence,True,False
2019-06-15,Bächli Swiss Climbing Cup BSCC 2019 - Lead-Schweizermeisterschaft Niederwangen,SAC-CAS,National championship,Senior / Open,FED:SAC-CAS,direct federation-level evidence,True,False
2019-06-22,5. Deutscher Jugendcup (S) 2019 - Duisburg,DIGITALROCK,Regional / local youth,Youth,SHARED_BRIDGE_ONLY,valid shared-skill evidence without a governed direct target-head label,True,False
2019-06-22,European Youth Cup (L) - Ostermundigen (SUI) 2019,IFSC,Continental series youth,Youth,IFSC_REG:EUROPE:YOUTH,direct IFSC regional/continental evidence,True,False
2019-06-29,Sächsischer Jugendcup 2019 WK2 Lead LJS Dresden,DIGITALROCK,Regional / local youth,Youth,SHARED_BRIDGE_ONLY,valid shared-skill evidence without a governed direct target-head label,True,False
2019-06-29,European Youth Cup (L) - St. Pierre Faucigny (FRA) 2019,IFSC,Continental series youth,Youth,IFSC_REG:EUROPE:YOUTH,direct IFSC regional/continental evidence,True,False
2019-07-04,"IFSC Climbing Worldcup (L, S) - Villars (SUI) 2019",IFSC,World series,Senior / Open,WC,direct adult World series/World championship evidence,True,False
2019-07-06,Bayerische Meisterschaft Speed Erwachsene / Jugend A & B LLZ Augsburg,DIGITALROCK,Regional / local youth,Youth,SHARED_BRIDGE_ONLY,valid shared-skill evidence without a governed direct target-head label,True,False
2019-07-06,Offene NRW-Landesmeisterschaft Lead 2019 - Wuppertal,DIGITALROCK,Regional / local youth,Youth,SHARED_BRIDGE_ONLY,valid shared-skill evidence without a governed direct target-head label,True,False
2019-07-06,Bächli Swiss Climbing Cup BSCC 2019 - Speed-Schweizermeisterschaft Villars,SAC-CAS,National championship,Senior / Open,FED:SAC-CAS,direct federation-level evidence,True,False
2019-07-06,Mammut Youth Climbing Cup MYCC 2019 - Speed-Schweizermeisterschaft Villars,SAC-CAS,National championship,Youth,FED:SAC-CAS:YOUTH,direct federation-level evidence,True,False
2019-07-07,Bayerische Meisterschaft Speed Jugend C + Kidscup Jugend D LLZ Augsburg ,DIGITALROCK,Regional / local youth,Youth,SHARED_BRIDGE_ONLY,valid shared-skill evidence without a governed direct target-head label,True,False
2019-07-07,Mammut Youth Climbing Cup MYCC 2019 (Lead) - Villars,SAC-CAS,Regional / local,Youth,FED:SAC-CAS:YOUTH,direct federation-level evidence,True,False
2019-07-11,"IFSC Climbing Worldcup (L, S) - Chamonix (FRA) 2019 ",IFSC,World series,Senior / Open,WC,direct adult World series/World championship evidence,True,False
2019-07-13,Baden-Württembergischer Jugendcup Lead 2019 Reutlingen,DIGITALROCK,Regional / local youth,Youth,SHARED_BRIDGE_ONLY,valid shared-skill evidence without a governed direct target-head label,True,False
2019-07-13,Kids Cup Lead Aschaffenburg (Qualifikation Jugend C),DIGITALROCK,Regional / local youth,Youth,SHARED_BRIDGE_ONLY,valid shared-skill evidence without a governed direct target-head label,True,False
2019-07-14,Baden-Württembergischer Jugendcup Speed 2019 Reutlingen,DIGITALROCK,Regional / local youth,Youth,SHARED_BRIDGE_ONLY,valid shared-skill evidence without a governed direct target-head label,True,False
2019-07-19,European Youth Cup (S) - Tarnow (POL) 2019,IFSC,Continental series youth,Youth,IFSC_REG:EUROPE:YOUTH,direct IFSC regional/continental evidence,True,False
2019-07-19,IFSC Climbing Worldcup (L) - Briançon (FRA) 2019 ,IFSC,World series,Senior / Open,WC,direct adult World series/World championship evidence,True,False
2019-07-20,Baden-Württembergischer Jugendcup Lead 2019 Freiburg,DIGITALROCK,Regional / local youth,Youth,SHARED_BRIDGE_ONLY,valid shared-skill evidence without a governed direct target-head label,True,False
2019-07-20,Bayerische Jugendmeisterschaft Lead Deggendorf (Qualifikation Jugend B und C),DIGITALROCK,Regional / local youth,Youth,SHARED_BRIDGE_ONLY,valid shared-skill evidence without a governed direct target-head label,True,False
2019-08-02,"European Youth Cup (S,L) - Imst (AUT) 2019",IFSC,Continental series youth,Youth,IFSC_REG:EUROPE:YOUTH,direct IFSC regional/continental evidence,True,False
2019-08-11,IFSC Climbing World Championships - Hachioji (JPN) 2019,IFSC,World major,Senior / Open,WC,direct adult World series/World championship evidence,True,False
2019-08-22,IFSC Youth World Championships -  Arco (ITA) 2019 ,IFSC,World major youth,Youth,IFSC_WORLD_YOUTH,"direct Youth World evidence; transition context, not adult WC evidence",True,False
2019-08-31,Westdeutsche Meisterschaft Speed 2019 - Hilden,DIGITALROCK,National championship youth,Youth,SHARED_BRIDGE_ONLY,valid shared-skill evidence without a governed direct target-head label,True,False
2019-09-05,European Championship (B) - Zakopane (POL) 2019,IFSC,Continental championship,Senior / Open,IFSC_REG:EUROPE,direct IFSC regional/continental evidence,True,False
2019-09-07,6. Deutscher Jugendcup (L) 2019 - München ,DIGITALROCK,Regional / local youth,Youth,SHARED_BRIDGE_ONLY,valid shared-skill evidence without a governed direct target-head label,True,False
2019-09-07,Sächsischer Jugendcup 2019 Wk3 Lead YOYO Heidenau,DIGITALROCK,Regional / local youth,Youth,SHARED_BRIDGE_ONLY,valid shared-skill evidence without a governed direct target-head label,True,False
2019-09-07,Mezzolombardo,FASI,Regional / local,Senior / Open,FED:FASI,direct federation-level evidence,True,False
2019-09-07,Rheintal Cup - St. Gallen (L) 2019,SAC-CAS,Regional / local,Senior / Open,FED:SAC-CAS,direct federation-level evidence,True,False
2019-09-14,Norddeutsche Meisterschaft Lead im Kletterzentrum Bremen,DIGITALROCK,National championship youth,Youth,SHARED_BRIDGE_ONLY,valid shared-skill evidence without a governed direct target-head label,True,False
2019-09-14,Westdeutsche Leadmeisterschaft - Offenbach,DIGITALROCK,Regional / local youth,Youth,SHARED_BRIDGE_ONLY,valid shared-skill evidence without a governed direct target-head label,True,False
2019-09-14,Milano,FASI,Regional / local,Senior / Open,FED:FASI,direct federation-level evidence,True,False
2019-09-14,Rheintal Cup - Näfels (B) 2019,SAC-CAS,Regional / local,Senior / Open,FED:SAC-CAS,direct federation-level evidence,True,False
2019-09-14,Zürcher Klettermeisterschaft 2019 (Lead) - 6a plus Winterthur,SAC-CAS,Regional / local,Senior / Open,FED:SAC-CAS,direct federation-level evidence,True,False
2019-09-20,European Youth Championships (B) - Brixen (ITA) 2019,IFSC,Continental championship youth,Youth,IFSC_REG:EUROPE:YOUTH,direct IFSC regional/continental evidence,True,False
2019-09-28,Baden-Württembergischer Jugendcup Speed 2019 Heilbronn,DIGITALROCK,Regional / local youth,Youth,SHARED_BRIDGE_ONLY,valid shared-skill evidence without a governed direct target-head label,True,False
2019-09-28,Offene Sächsische/Berliner Landesmeisterschaft Lead in Dresden,DIGITALROCK,Regional / local,Senior / Open,SHARED_BRIDGE_ONLY,valid shared-skill evidence without a governed direct target-head label,True,False
2019-09-28,Offene Sächsische/Berliner Landesmeisterschaft Lead in Dresden,DIGITALROCK,Regional / local youth,Youth,SHARED_BRIDGE_ONLY,valid shared-skill evidence without a governed direct target-head label,True,False
2019-09-28,IFSC Climbing Worldcup (L) - Kranj (SLO) 2019 ,IFSC,World series,Senior / Open,WC,direct adult World series/World championship evidence,True,False
2019-09-29,Offene Sächsische Landesmeisterschaft Speed in Dresden ,DIGITALROCK,Regional / local youth,Youth,SHARED_BRIDGE_ONLY,valid shared-skill evidence without a governed direct target-head label,True,False
2019-10-04,"European Championship (L,S) - Edinburgh (GBR) 2019",IFSC,Continental championship,Senior / Open,IFSC_REG:EUROPE,direct IFSC regional/continental evidence,True,False
2019-10-05,Mammut Youth Climbing Cup MYCC 2019 - Lead-Schweizermeisterschaft Genf,SAC-CAS,National championship,Youth,FED:SAC-CAS:YOUTH,direct federation-level evidence,True,False
2019-10-13,Brugherio,FASI,Regional / local,Senior / Open,FED:FASI,direct federation-level evidence,True,False
2019-10-13,ANOC World Beach Games (B) - Doha (QAT),IFSC,International other,Senior / Open,SHARED_BRIDGE_ONLY,valid shared-skill evidence without a governed direct target-head label,True,False
2019-10-18,"European Youth Championships (L,S) - Voronezh (RUS) 2019",IFSC,Continental championship youth,Youth,IFSC_REG:EUROPE:YOUTH,direct IFSC regional/continental evidence,True,False
2019-10-18,"IFSC Climbing Worldcup (L, S) - Xiamen (CHN) 2019 ",IFSC,World series,Senior / Open,WC,direct adult World series/World championship evidence,True,False
2019-10-26,IFSC Climbing Worldcup (L) - Inzai (JPN) 2019 ,IFSC,World series,Senior / Open,WC,direct adult World series/World championship evidence,True,False
2019-11-02,Sächsischer Jugendcup 2019 Wk4 Lead Zittau,DIGITALROCK,Regional / local youth,Youth,SHARED_BRIDGE_ONLY,valid shared-skill evidence without a governed direct target-head label,True,False
2019-11-02,Bächli Swiss Climbing Cup BSCC 2019 (Lead) - Uster,SAC-CAS,National series,Senior / Open,FED:SAC-CAS,direct federation-level evidence,True,False
2019-11-06,Asian Championships - Bogor (INA) 2019,IFSC,Continental championship,Senior / Open,IFSC_REG:ASIA,direct IFSC regional/continental evidence,True,False
2019-11-09,Stadtmeisterschaft Darmstadt Lead 2019,DIGITALROCK,Regional / local youth,Youth,SHARED_BRIDGE_ONLY,valid shared-skill evidence without a governed direct target-head label,True,False
2019-11-09,Torino,FASI,Regional / local,Senior / Open,FED:FASI,direct federation-level evidence,True,False
2019-11-16,Bra,FASI,Regional / local,Senior / Open,FED:FASI,direct federation-level evidence,True,False
2019-11-16,Zürcher Klettermeisterschaft 2019 (Boulder) - Minimum Zürich,SAC-CAS,Regional / local,Senior / Open,FED:SAC-CAS,direct federation-level evidence,True,False
2019-11-17,Putignano,FASI,Regional / local,Senior / Open,FED:FASI,direct federation-level evidence,True,False
2019-11-23,Sächsischer Jugendcup 2019 Wk5 Bouldern in Dresden,DIGITALROCK,Regional / local youth,Youth,SHARED_BRIDGE_ONLY,valid shared-skill evidence without a governed direct target-head label,True,False
2019-11-24,Uboldo,FASI,Regional / local,Senior / Open,FED:FASI,direct federation-level evidence,True,False
2019-12-01,Potenza,FASI,Regional / local,Senior / Open,FED:FASI,direct federation-level evidence,True,False
2019-12-03,"PanAmerican Youth Championships (L, S, B) - Ibarra (ECU) 2019 ",IFSC,International other youth,Youth,SHARED_BRIDGE_ONLY,valid shared-skill evidence without a governed direct target-head label,True,False
2019-12-07,Milano,FASI,Regional / local,Senior / Open,FED:FASI,direct federation-level evidence,True,False
2019-12-07,Rheintal Cup Finale - Nikoloklettern Dornbirn (L) 2019,SAC-CAS,Regional / local,Senior / Open,FED:SAC-CAS,direct federation-level evidence,True,False
2019-12-08,Milano,FASI,Regional / local,Senior / Open,FED:FASI,direct federation-level evidence,True,False
2019-12-12,Asian Youth Championships - Bengaluru (IND) 2019 ,IFSC,Continental championship youth,Youth,IFSC_REG:ASIA:YOUTH,direct IFSC regional/continental evidence,True,False
2019-12-14,Selargius,FASI,Regional / local,Senior / Open,FED:FASI,direct federation-level evidence,True,False
2019-12-14,Torino,FASI,Regional / local,Senior / Open,FED:FASI,direct federation-level evidence,True,False
2019-12-15,Avezzano,FASI,Regional / local,Senior / Open,FED:FASI,direct federation-level evidence,True,False
2019-12-15,Pesaro,FASI,Regional / local,Senior / Open,FED:FASI,direct federation-level evidence,True,False
2019-12-20,Putignano,FASI,Regional / local,Senior / Open,FED:FASI,direct federation-level evidence,True,False
2020-01-18,Torino,FASI,Regional / local,Senior / Open,FED:FASI,direct federation-level evidence,True,False
2020-01-19,Palermo,FASI,Regional / local,Senior / Open,FED:FASI,direct federation-level evidence,True,False
2020-01-26,Martina Franca,FASI,Regional / local,Senior / Open,FED:FASI,direct federation-level evidence,True,False
2020-01-26,Prato,FASI,Regional / local,Senior / Open,FED:FASI,direct federation-level evidence,True,False
2020-01-26,Roma,FASI,Regional / local,Senior / Open,FED:FASI,direct federation-level evidence,True,False
2020-02-01,Kidscup Bouldern Region Oberbayern - DAV Kletterzentrum Ingolstadt,DIGITALROCK,Regional / local youth,Youth,SHARED_BRIDGE_ONLY,valid shared-skill evidence without a governed direct target-head label,True,False
2020-02-01,Parma,FASI,Regional / local,Senior / Open,FED:FASI,direct federation-level evidence,True,False
2020-02-08,Offene Hessische Bouldermeisterschaft 2020 im Dynochrom Frankfurt a.M.,DIGITALROCK,Regional / local youth,Youth,SHARED_BRIDGE_ONLY,valid shared-skill evidence without a governed direct target-head label,True,False
2020-02-08,Modena,FASI,Regional / local,Senior / Open,FED:FASI,direct federation-level evidence,True,False
2020-02-15,Kids Cup Bouldern Region Franken,DIGITALROCK,Regional / local youth,Youth,SHARED_BRIDGE_ONLY,valid shared-skill evidence without a governed direct target-head label,True,False
2020-02-16,Bari,FASI,Regional / local,Senior / Open,FED:FASI,direct federation-level evidence,True,False
2020-02-16,Catania,FASI,Regional / local,Senior / Open,FED:FASI,direct federation-level evidence,True,False
2020-02-16,Sassari,FASI,Regional / local,Senior / Open,FED:FASI,direct federation-level evidence,True,False
2020-02-22,Bayerische Meisterschaft Bouldern (Qualifikation Jug. B) - f.r.e.e München,DIGITALROCK,Regional / local youth,Youth,SHARED_BRIDGE_ONLY,valid shared-skill evidence without a governed direct target-head label,True,False
2020-02-22,Prato (PO),FASI,Regional / local,Senior / Open,FED:FASI,direct federation-level evidence,True,False
2020-02-23,Offene Norddeutsche Jugendmeisterschaft Bouldern im escaladrome Hannover,DIGITALROCK,Regional / local youth,Youth,SHARED_BRIDGE_ONLY,valid shared-skill evidence without a governed direct target-head label,True,False
2020-02-29,1. Deutscher Jugendcup (B) 2020 - Nürnberg,DIGITALROCK,Regional / local youth,Youth,SHARED_BRIDGE_ONLY,valid shared-skill evidence without a governed direct target-head label,True,False
2020-03-01,Nominierungswettkampf (B) - Jugendkader,DIGITALROCK,Regional / local youth,Youth,SHARED_BRIDGE_ONLY,valid shared-skill evidence without a governed direct target-head label,True,False
2020-03-01,Bächli Swiss Climbing Cup BSCC 2020 - Boulder-Schweizermeisterschaft Bulle,SAC-CAS,National championship,Senior / Open,FED:SAC-CAS,direct federation-level evidence,True,False
2020-03-06,O'Bloc Masters 2020 Ostermundigen (Lead & Boulder),SAC-CAS,Regional / local,Senior / Open,FED:SAC-CAS,direct federation-level evidence,True,False
2020-07-10,"Sächsischer Jugendcup 2020, Wk1 Lead in Dresden (Jugend A-F)",DIGITALROCK,Regional / local youth,Youth,SHARED_BRIDGE_ONLY,valid shared-skill evidence without a governed direct target-head label,True,False
2020-08-21,IFSC - Climbing World Cup (L) - Briançon (FRA) 2020,IFSC,World series,Senior / Open,WC,direct adult World series/World championship evidence,True,False
2020-09-02,Bayerische Meisterschaft Speed - Kletterhalle Rosenheim,DIGITALROCK,Regional / local youth,Youth,SHARED_BRIDGE_ONLY,valid shared-skill evidence without a governed direct target-head label,True,False
2020-09-05,Offene Hessische Meisterschaft Lead 2020 im DAV Kletterzentrum Darmstadt,DIGITALROCK,Regional / local youth,Youth,SHARED_BRIDGE_ONLY,valid shared-skill evidence without a governed direct target-head label,True,False
2020-09-05,Campionato Regionale Lead Emilia Romagna,FASI,Regional / local,Senior / Open,FED:FASI,direct federation-level evidence,True,False
2020-09-06,Westdeutsche Meisterschaft Speed 2020 im DAV Kletterzentrum Darmstadt,DIGITALROCK,National championship youth,Youth,SHARED_BRIDGE_ONLY,valid shared-skill evidence without a governed direct target-head label,True,False
2020-09-12,Bayerische Meisterschaft/ Kids Cup Lead - DAV Kletterzentrum Augsburg LLZ,DIGITALROCK,Regional / local youth,Youth,SHARED_BRIDGE_ONLY,valid shared-skill evidence without a governed direct target-head label,True,False
2020-09-12,Campionato Italiano Lead,FASI,National championship,Senior / Open,FED:FASI,direct federation-level evidence,True,False
2020-09-12,Bächli Swiss Climbing Cup BSCC 2020 - Lead-Schweizermeisterschaft Villeneuve,SAC-CAS,National championship,Senior / Open,FED:SAC-CAS,direct federation-level evidence,True,False
2020-09-12,Mammut Youth Climbing MYCC 2020 - Speed-Schweizermeisterschaft Villeneuve,SAC-CAS,National championship,Youth,FED:SAC-CAS:YOUTH,direct federation-level evidence,True,False
2020-09-13,Baden-Württembergischer Jugendcup Boulden - Active Garden Waiblingen,DIGITALROCK,Regional / local youth,Youth,SHARED_BRIDGE_ONLY,valid shared-skill evidence without a governed direct target-head label,True,False
2020-09-17,IFSC Europe - Continental Youth Cup (L) - Augsburg (GER) 2020,IFSC,Continental series youth,Youth,IFSC_REG:EUROPE:YOUTH,direct IFSC regional/continental evidence,True,False
2020-09-19,Sächsischer Jugendcup 2020 Wk2 Bouldern im Mandala Dresden,DIGITALROCK,Regional / local youth,Youth,SHARED_BRIDGE_ONLY,valid shared-skill evidence without a governed direct target-head label,True,False
2020-09-19,Campionato regionale Speed Emilia Romagna,FASI,Regional / local,Senior / Open,FED:FASI,direct federation-level evidence,True,False
2020-09-26,2. Deutscher Jugendcup (L) 2020 - Wetzlar,DIGITALROCK,Regional / local youth,Youth,SHARED_BRIDGE_ONLY,valid shared-skill evidence without a governed direct target-head label,True,False
2020-09-26,"Sächsischer Jugendcup 2020, Wk3 Lead in Heidenau",DIGITALROCK,Regional / local youth,Youth,SHARED_BRIDGE_ONLY,valid shared-skill evidence without a governed direct target-head label,True,False
2020-09-26,Campionato Italiano Speed,FASI,National championship,Senior / Open,FED:FASI,direct federation-level evidence,True,False
2020-09-26,Bächli Swiss Climbing Cup BSCC 2020 - Speed-Schweizermeisterschaft St. Gallen,SAC-CAS,National championship,Senior / Open,FED:SAC-CAS,direct federation-level evidence,True,False
2020-10-03,"Sächsischer Jugendcup 2020, Wk4 Bouldern in Leipzig",DIGITALROCK,Regional / local youth,Youth,SHARED_BRIDGE_ONLY,valid shared-skill evidence without a governed direct target-head label,True,False
2020-10-03,Mammut Youth Climbing MYCC 2020 - Boulder-Schweizermeisterschaft Biel,SAC-CAS,National championship,Youth,FED:SAC-CAS:YOUTH,direct federation-level evidence,True,False
2020-10-17,Campionato Italiano Boulder,FASI,National championship,Senior / Open,FED:FASI,direct federation-level evidence,True,False
2020-10-25,Lazio U18-20 Senior speed,FASI,Regional / local,Senior / Open,FED:FASI,direct federation-level evidence,True,False
2020-11-01,3. Deutscher Jugendcup (S) 2020 - Hamburg,DIGITALROCK,Regional / local youth,Youth,SHARED_BRIDGE_ONLY,valid shared-skill evidence without a governed direct target-head label,True,False
2020-11-14,IFSC Europe - Continental Youth Cup (S) - Tarnow (POL),IFSC,Continental series youth,Youth,IFSC_REG:EUROPE:YOUTH,direct IFSC regional/continental evidence,True,False
2020-11-20,"IFSC Europe - Continental Championships (B,S,L,C) - Moscow (RUS) 2020",IFSC,Continental championship,Senior / Open,IFSC_REG:EUROPE,direct IFSC regional/continental evidence,True,False
2020-11-21,"IFSC Europe - Continental Championships (B,S,L,C) - Moscow (RUS) 2020",IFSC,Continental championship,Senior / Open,IFSC_REG:EUROPE,direct IFSC regional/continental evidence,True,False
2021-01-30,Coppa italia Speed 1° prova,FASI,National series,Senior / Open,FED:FASI,direct federation-level evidence,True,False
2021-02-06,TAA Campionato Assoluto Boulder,FASI,Regional / local,Senior / Open,FED:FASI,direct federation-level evidence,True,False
2021-02-06,Toscana 1° prova Campionato Regionale Boulder,FASI,Regional / local,Senior / Open,FED:FASI,direct federation-level evidence,True,False
2021-02-07,Lazio 1° prova di qualifica U20 Senior Boulder,FASI,Regional / local,Youth,FED:FASI:YOUTH,direct federation-level evidence,True,False
2021-02-13,Coppa Italia Boulder 1° Prova,FASI,National series,Senior / Open,FED:FASI,direct federation-level evidence,True,False
2021-02-20,"Hessische Bouldermeisterschaft, Sportpark Kelkheim ",DIGITALROCK,Regional / local youth,Youth,SHARED_BRIDGE_ONLY,valid shared-skill evidence without a governed direct target-head label,True,False
2021-02-20,Piemonte/Valle D'Aosta Campionato Regionale Senior Boulder,FASI,Regional / local,Senior / Open,FED:FASI,direct federation-level evidence,True,False
2021-02-20,Sicilia 2° prova di qualifica U14 U20 Senior Speed Lead,FASI,Regional / local,Youth,FED:FASI:YOUTH,direct federation-level evidence,True,False
2021-02-26,Test,FASI,Regional / local,Senior / Open,QUARANTINE,event name is explicitly labelled TEST,True,False
2021-02-26,Trial Nazionale Giovanile Lead,FASI,Regional / local,Senior / Open,FED:FASI,direct federation-level evidence,True,False
2021-02-28,Toscana 2° prova di qualifica U14 U20 Senior Boulder,FASI,Regional / local,Youth,FED:FASI:YOUTH,direct federation-level evidence,True,False
2021-03-06,Abruzzo 1° prova di qualifica U14-20 Senior Boulder,FASI,Regional / local,Senior / Open,FED:FASI,direct federation-level evidence,True,False
2021-03-06,Friuli Venezia Giulia prova di qualifica U18-20 Senior Boulder,FASI,Regional / local,Senior / Open,FED:FASI,direct federation-level evidence,True,False
2021-03-06,Trial Boulder Senior,FASI,Regional / local,Senior / Open,FED:FASI,direct federation-level evidence,True,False
2021-03-07,Emilia Romagna 1° tappa Campionato regionale Boulder,FASI,Regional / local,Senior / Open,FED:FASI,direct federation-level evidence,True,False
2021-03-07,Lazio 2° prova di qualifica U20 + Senior Boulder,FASI,Regional / local,Youth,FED:FASI:YOUTH,direct federation-level evidence,True,False
2021-03-07,Sardegna 1° prova Campionato regionale Senior Boulder,FASI,Regional / local,Senior / Open,FED:FASI,direct federation-level evidence,True,False
2021-03-07,Sicilia 3° prova di qualifica U14 U20 Senior Boulder,FASI,Regional / local,Youth,FED:FASI:YOUTH,direct federation-level evidence,True,False
2021-03-13,Trial Giovanile Boulder Lead Speed,FASI,Regional / local,Senior / Open,FED:FASI,direct federation-level evidence,True,False
2021-03-20,1. Deutscher Jugendcup (B) 2021 - Nürnberg,DIGITALROCK,Regional / local youth,Youth,SHARED_BRIDGE_ONLY,valid shared-skill evidence without a governed direct target-head label,True,False
2021-03-20,Liguria Campionato regionale 1° tappa Boulder,FASI,Regional / local,Senior / Open,FED:FASI,direct federation-level evidence,True,False
2021-03-20,SportXX Swiss Climbing Cup CAS 2021 (B) - L'Entrepôt Bulle - 20.3. Elite / 21.3. U18,SAC-CAS,National series,Senior / Open,FED:SAC-CAS,direct federation-level evidence,True,False
2021-03-25,USA Climbing National Team Trials,USAC,Regional / local,Senior / Open,FED:USAC,direct federation-level evidence,True,False
2021-03-26,Coppa Italia Boulder 2° Prova,FASI,National series,Senior / Open,FED:FASI,direct federation-level evidence,True,False
2021-03-27,1. Nominierungswettkampf Bouldern - Nationalkader Jugend,DIGITALROCK,Regional / local youth,Youth,SHARED_BRIDGE_ONLY,valid shared-skill evidence without a governed direct target-head label,True,False
2021-03-27,SportXX Youth Climbing Cup 2021 (B) - Grip Biel - 27.3. U16 / 28.3. U14 ,SAC-CAS,Regional / local,Youth,FED:SAC-CAS:YOUTH,direct federation-level evidence,True,False
2021-04-03,1. Nominierungswettkampf Lead - Nationalkader Jugend,DIGITALROCK,Regional / local youth,Youth,SHARED_BRIDGE_ONLY,valid shared-skill evidence without a governed direct target-head label,True,False
2021-04-10,"Rheinland-Pfälzische Meisterschaft Bouldern, RockTown Kaiserslautern ",DIGITALROCK,Regional / local youth,Youth,SHARED_BRIDGE_ONLY,valid shared-skill evidence without a governed direct target-head label,True,False
2021-04-10,Nazionale Speed,FASI,Regional / local,Senior / Open,FED:FASI,direct federation-level evidence,True,False
2021-04-10,IFSC Europe - Continental Cup (B) - Klagenfurt (AUT) 2021,IFSC,Continental series,Senior / Open,IFSC_REG:EUROPE,direct IFSC regional/continental evidence,True,False
2021-04-10,SportXX Youth Climbing Cup 2021 (B) - Isatis Aarburg - U12,SAC-CAS,Regional / local,Youth,FED:SAC-CAS:YOUTH,direct federation-level evidence,True,False
2021-04-11,Lazio 2° prova di qualifica U14 U20 Senior Speed e U20 Senior Lead,FASI,Regional / local,Youth,FED:FASI:YOUTH,direct federation-level evidence,True,False
2021-04-16,IFSC - Climbing World Cup (B) - Meiringen (SUI) 2021,IFSC,World series,Senior / Open,WC,direct adult World series/World championship evidence,True,False
2021-04-18,Veneto 3° prova di qualifica U20 Senior Boulder,FASI,Regional / local,Youth,FED:FASI:YOUTH,direct federation-level evidence,True,False
2021-04-24,Bay. Nominierungslehrgang_Bouldern -  Bayerische Jugendkaderathleten ,DIGITALROCK,Regional / local youth,Youth,SHARED_BRIDGE_ONLY,valid shared-skill evidence without a governed direct target-head label,True,False
2021-04-24,Coppa Italia Boulder 3° Prova,FASI,National series,Senior / Open,FED:FASI,direct federation-level evidence,True,False
2021-04-24,Friuli Venezia Giulia prova di qualifica U14 U20 Senior Boulder,FASI,Regional / local,Youth,FED:FASI:YOUTH,direct federation-level evidence,True,False
2021-04-30,"IFSC Europe - Continental Youth Championships (B,S,L) - Perm (RUS)",IFSC,Continental championship youth,Youth,IFSC_REG:EUROPE:YOUTH,direct IFSC regional/continental evidence,True,False
2021-05-01,Piemonte/Val D'Aosta Campionato Regionale Senior Lead,FASI,Regional / local,Senior / Open,FED:FASI,direct federation-level evidence,True,False
2021-05-01,"IFSC Europe - Continental Youth Championships (B,S,L) - Perm (RUS)",IFSC,Continental championship youth,Youth,IFSC_REG:EUROPE:YOUTH,direct IFSC regional/continental evidence,True,False
2021-05-08,2. Deutscher Jugendcup (L) 2021 - Darmstadt,DIGITALROCK,Regional / local youth,Youth,SHARED_BRIDGE_ONLY,valid shared-skill evidence without a governed direct target-head label,True,False
2021-05-08,3. Deutscher Jugendcup (S) 2021 - Darmstadt,DIGITALROCK,Regional / local youth,Youth,SHARED_BRIDGE_ONLY,valid shared-skill evidence without a governed direct target-head label,True,False
2021-05-08,Abruzzo 2° prova di qualifica U14-20 Senior Boulder,FASI,Regional / local,Senior / Open,FED:FASI,direct federation-level evidence,True,False
2021-05-08,Coppa Italia Speed 2° prova,FASI,National series,Senior / Open,FED:FASI,direct federation-level evidence,True,False
2021-05-08,Toscana 3° prova di qualifica U14 U20 Senior Boulder,FASI,Regional / local,Youth,FED:FASI:YOUTH,direct federation-level evidence,True,False
2021-05-09,Friuli Venezia Giulia prova di qualifica U14 U20 Senior Lead,FASI,Regional / local,Youth,FED:FASI:YOUTH,direct federation-level evidence,True,False
2021-05-14,IFSC Europe - Continental Youth Cup (B) - Graz (AUT) 2021,IFSC,Continental series youth,Youth,IFSC_REG:EUROPE:YOUTH,direct IFSC regional/continental evidence,True,False
2021-05-15,Campionato TAA Senior Lead,FASI,Regional / local,Senior / Open,FED:FASI,direct federation-level evidence,True,False
2021-05-15,Raduno Senior Lead,FASI,Regional / local,Senior / Open,FED:FASI,direct federation-level evidence,True,False
2021-05-15,TAA 3° prova di qualifica  Lead,FASI,Regional / local,Senior / Open,FED:FASI,direct federation-level evidence,True,False
2021-05-16,Lazio 2° prova di qualifica U20 + Senior Lead,FASI,Regional / local,Youth,FED:FASI:YOUTH,direct federation-level evidence,True,False
2021-05-16,Marche Campionato Regionale Boulder,FASI,Regional / local,Senior / Open,FED:FASI,direct federation-level evidence,True,False
2021-05-21,IFSC - Climbing World Cup (B) - Salt Lake City (USA) 2021,IFSC,World series,Senior / Open,WC,direct adult World series/World championship evidence,True,False
2021-05-22,Coppa Italia Lead 1° Prova,FASI,National series,Senior / Open,FED:FASI,direct federation-level evidence,True,False
2021-05-22,Marche/Umbria 4° prova di qualifica U14-20 Senior Boulder,FASI,Regional / local,Senior / Open,FED:FASI,direct federation-level evidence,True,False
2021-05-22,SportXX Youth Climbing Cup 2021 - Lead-SM Magnet Niederwangen,SAC-CAS,Regional / local,Youth,FED:SAC-CAS:YOUTH,direct federation-level evidence,True,False
2021-05-28,"IFSC - Climbing World Cup (B,S) - Salt Lake City (USA) 2021",IFSC,World series,Senior / Open,WC,direct adult World series/World championship evidence,True,False
2021-05-29,Liguria 4° prova di qualifica Lead-Speed U14 U20 Senior,FASI,Regional / local,Youth,FED:FASI:YOUTH,direct federation-level evidence,True,False
2021-05-29,SportXX Youth Climbing Cup 2021 - Boulder-SM Quadrel Domat/Ems - 29.5. U16+U14/30.5. U12 ,SAC-CAS,Regional / local,Youth,FED:SAC-CAS:YOUTH,direct federation-level evidence,True,False
2021-05-30,Macro N/O U20 Senior Speed,FASI,Regional / local,Youth,FED:FASI:YOUTH,direct federation-level evidence,True,False
2021-06-04,IFSC Europe - Continental Youth Cup (S) - Bochum (GER) 2021,IFSC,Continental series youth,Youth,IFSC_REG:EUROPE:YOUTH,direct IFSC regional/continental evidence,True,False
2021-06-05,Raduno Senior Lead,FASI,Regional / local,Senior / Open,FED:FASI,direct federation-level evidence,True,False
2021-06-05,SportXX Swiss Climbing Cup 2021 - Boulder-Schweizermeisterschaft B2 Pratteln ,SAC-CAS,National championship,Senior / Open,FED:SAC-CAS,direct federation-level evidence,True,False
2021-06-06,Sardegna 2° prova Campionato regionale Senior Boulder,FASI,Regional / local,Senior / Open,FED:FASI,direct federation-level evidence,True,False
2021-06-08,1a Simulazione Olimpica,FASI,Regional / local,Senior / Open,FED:FASI,direct federation-level evidence,True,False
2021-06-11,"IFSC Europe - Continental Youth Cup (L,S) - Imst (AUT) 2021",IFSC,Continental series youth,Youth,IFSC_REG:EUROPE:YOUTH,direct IFSC regional/continental evidence,True,False
2021-06-12,Baden-Württembergischer Jugendcup Lead 2021 - Freiburg,DIGITALROCK,Regional / local youth,Youth,SHARED_BRIDGE_ONLY,valid shared-skill evidence without a governed direct target-head label,True,False
2021-06-12,Bay. Nominierungslehrgang  Lead Jugend B/C und A- DAV Kletterzentrum Deggendorf,DIGITALROCK,Regional / local youth,Youth,SHARED_BRIDGE_ONLY,valid shared-skill evidence without a governed direct target-head label,True,False
2021-06-13,Sardegna 3° prova Campionato regionale Senior Boulder,FASI,Regional / local,Senior / Open,FED:FASI,direct federation-level evidence,True,False
2021-06-18,Campionato Italiano Boulder,FASI,National championship,Senior / Open,FED:FASI,direct federation-level evidence,True,False
2021-06-19,4. Deutscher Jugendcup (B) 2021 - Mannheim,DIGITALROCK,Regional / local youth,Youth,SHARED_BRIDGE_ONLY,valid shared-skill evidence without a governed direct target-head label,True,False
2021-06-19,IFSC Europe - Continental Youth Cup (L) - Ostermundigen (SUI),IFSC,Continental series youth,Youth,IFSC_REG:EUROPE:YOUTH,direct IFSC regional/continental evidence,True,False
2021-06-23,"IFSC - Climbing World Cup (B,L) - Innsbruck (AUT) 2021",IFSC,World series,Senior / Open,WC,direct adult World series/World championship evidence,True,False
2021-06-23,IFSC Europe - Continental Cup (S) - Innsbruck (AUT) 2021,IFSC,Continental series,Senior / Open,IFSC_REG:EUROPE,direct IFSC regional/continental evidence,True,False
2021-06-26,Baden-Württembergischer Jugendcup Lead 2021 - Offenburg,DIGITALROCK,Regional / local youth,Youth,SHARED_BRIDGE_ONLY,valid shared-skill evidence without a governed direct target-head label,True,False
2021-06-26,Emilia Romagna Campionato Regionale Lead,FASI,Regional / local,Senior / Open,FED:FASI,direct federation-level evidence,True,False
2021-06-27,IFSC Europe - Continental Cup (S) - Gaflenz (AUT) 2021,IFSC,Continental series,Senior / Open,IFSC_REG:EUROPE,direct IFSC regional/continental evidence,True,False
2021-06-27,IFSC Europe - Continental Youth Cup (S) - Gaflenz (AUT),IFSC,Continental series youth,Youth,IFSC_REG:EUROPE:YOUTH,direct IFSC regional/continental evidence,True,False
2021-07-01,"IFSC - Climbing World Cup (L,S) - Villars (SUI) 2021",IFSC,World series,Senior / Open,WC,direct adult World series/World championship evidence,True,False
2021-07-02,"IFSC Europe - Continental Youth Cup (L,S) - Puurs (BEL) 2021",IFSC,Continental series youth,Youth,IFSC_REG:EUROPE:YOUTH,direct IFSC regional/continental evidence,True,False
2021-07-03,Lombardia Campionato Regionale Lead,FASI,Regional / local,Senior / Open,FED:FASI,direct federation-level evidence,True,False
2021-07-03,SportXX Swiss Climbing Cup 2021 - Championnats suisses de vitesse Villars,SAC-CAS,National series,Senior / Open,FED:SAC-CAS,direct federation-level evidence,True,False
2021-07-03,SportXX Youth Climbing Cup 2021 - Championnats suisses de vitesse Villars - M16,SAC-CAS,Regional / local,Youth,FED:SAC-CAS:YOUTH,direct federation-level evidence,True,False
2021-07-04,SportXX Youth Climbing Cup 2021 (L) - Villars - M14+M12 ,SAC-CAS,Regional / local,Youth,FED:SAC-CAS:YOUTH,direct federation-level evidence,True,False
2021-07-10,"Rheinland-Pfalz Meisterschaft Lead, Pfalz Rock Frankenthal",DIGITALROCK,Regional / local youth,Youth,SHARED_BRIDGE_ONLY,valid shared-skill evidence without a governed direct target-head label,True,False
2021-07-10,Zürcher Klettermeisterschaft 2021 (Lead) - Griffig Uster,SAC-CAS,Regional / local,Senior / Open,FED:SAC-CAS,direct federation-level evidence,True,False
2021-07-11,Bayerische Jugendmeisterschaft A/B/C Speed - DAV Kletterzentrum Erlangen,DIGITALROCK,Regional / local youth,Youth,SHARED_BRIDGE_ONLY,valid shared-skill evidence without a governed direct target-head label,True,False
2021-07-12,IFSC - Climbing World Cup (L) - Chamonix (FRA) 2021,IFSC,World series,Senior / Open,WC,direct adult World series/World championship evidence,True,False
2021-07-17,1.Sächsischer Jugendcup 2021 Lead in Dresden,DIGITALROCK,Regional / local youth,Youth,SHARED_BRIDGE_ONLY,valid shared-skill evidence without a governed direct target-head label,True,False
2021-07-17,IFSC - Climbing World Cup (L) - Briançon (FRA) 2021,IFSC,World series,Senior / Open,WC,direct adult World series/World championship evidence,True,False
2021-07-24,Baden-Württembergischer Jugendcup Bouldern 2021 - Stuttgart Rockerei,DIGITALROCK,Regional / local youth,Youth,SHARED_BRIDGE_ONLY,valid shared-skill evidence without a governed direct target-head label,True,False
2021-07-24,Coppa Italia Speed 3° Prova,FASI,National series,Senior / Open,FED:FASI,direct federation-level evidence,True,False
2021-07-24,IFSC Europe - Continental Youth Cup (L) - Veliko Tarnovo (BUL) 2021,IFSC,Continental series youth,Youth,IFSC_REG:EUROPE:YOUTH,direct IFSC regional/continental evidence,True,False
2021-07-29,"IFSC Europe - Continental Youth Cup (L,S) - Zilina (SVK) 2021",IFSC,Continental series youth,Youth,IFSC_REG:EUROPE:YOUTH,direct IFSC regional/continental evidence,True,False
2021-08-07,IFSC Europe - Continental Cup (B) - Krakow (POL) 2021,IFSC,Continental series,Senior / Open,IFSC_REG:EUROPE,direct IFSC regional/continental evidence,True,False
2021-08-14,SportXX Swiss Climbing Cup 2021 (L) - Grimper.ch Villeneuve ,SAC-CAS,National series,Senior / Open,FED:SAC-CAS,direct federation-level evidence,True,False
2021-08-20,"IFSC - Climbing Youth World Championships (B,L,S) - Voronezh (RUS) 2021",IFSC,World major youth,Youth,IFSC_WORLD_YOUTH,"direct Youth World evidence; transition context, not adult WC evidence",True,False
2021-08-21,"IFSC - Climbing Youth World Championships (B,L,S) - Voronezh (RUS) 2021",IFSC,World major youth,Youth,IFSC_WORLD_YOUTH,"direct Youth World evidence; transition context, not adult WC evidence",True,False
2021-09-03,IFSC - Climbing World Cup (L) - Kranj (SLO) 2021,IFSC,World series,Senior / Open,WC,direct adult World series/World championship evidence,True,False
2021-09-04,Offene Hessische Meisterschaft Speed 2021 im DAV Kletterzentrum Darmstadt,DIGITALROCK,Regional / local youth,Youth,SHARED_BRIDGE_ONLY,valid shared-skill evidence without a governed direct target-head label,True,False
2021-09-04,Coppa Italia Speed 4° Prova,FASI,National series,Senior / Open,FED:FASI,direct federation-level evidence,True,False
2021-09-11,2. Sächsischer Jugendcup 2021,DIGITALROCK,Regional / local youth,Youth,SHARED_BRIDGE_ONLY,valid shared-skill evidence without a governed direct target-head label,True,False
2021-09-11,"Hessische Meisterschaft Lead, Cube Wetzlar",DIGITALROCK,Regional / local youth,Youth,SHARED_BRIDGE_ONLY,valid shared-skill evidence without a governed direct target-head label,True,False
2021-09-11,Nord-Ostdeutsche Meisterschaft Lead/ Norddeutsche Jugendmeisterschaft Lead im Roxx Göttingen,DIGITALROCK,National championship youth,Youth,SHARED_BRIDGE_ONLY,valid shared-skill evidence without a governed direct target-head label,True,False
2021-09-11,Coppa Italia Lead 2° Prova,FASI,National series,Senior / Open,FED:FASI,direct federation-level evidence,True,False
2021-09-11,Zürcher Klettermeisterschaft 2021 (Lead) - 6aplus Winterthur,SAC-CAS,Regional / local,Senior / Open,FED:SAC-CAS,direct federation-level evidence,True,False
2021-09-15,"IFSC - Climbing World Championships (B,L,S) - Moscow 2021",IFSC,World major,Senior / Open,WC,direct adult World series/World championship evidence,True,False
2021-09-16,"IFSC - Climbing World Championships (B,L,S) - Moscow 2021",IFSC,World major,Senior / Open,WC,direct adult World series/World championship evidence,True,False
2021-09-18,5. Deutscher Jugendcup (L) 2021 - Hamburg,DIGITALROCK,Regional / local youth,Youth,SHARED_BRIDGE_ONLY,valid shared-skill evidence without a governed direct target-head label,True,False
2021-09-18,SportXX Youth Climbing Cup 2021 (L) - Die Kletterhalle St. Gallen - U16,SAC-CAS,Regional / local,Youth,FED:SAC-CAS:YOUTH,direct federation-level evidence,True,False
2021-09-18,SportXX Youth Climbing Cup 2021 - Speed-Schweizermeisterschaft Die Kletterhalle St. Gallen - U14+U12,SAC-CAS,National championship,Youth,FED:SAC-CAS:YOUTH,direct federation-level evidence,True,False
2021-09-19,6. Deutscher Jugendcup (S) 2021 - Hamburg,DIGITALROCK,Regional / local youth,Youth,SHARED_BRIDGE_ONLY,valid shared-skill evidence without a governed direct target-head label,True,False
2021-09-25,Baden-Württembergischer Jugendcup Bouldern 2021 - Tübingen,DIGITALROCK,Regional / local youth,Youth,SHARED_BRIDGE_ONLY,valid shared-skill evidence without a governed direct target-head label,True,False
2021-09-25,Bayerische Jugendmeisterschaft A/B/C Bouldern - DAV Kletterzentrum Augsburg,DIGITALROCK,Regional / local youth,Youth,SHARED_BRIDGE_ONLY,valid shared-skill evidence without a governed direct target-head label,True,False
2021-09-25,Bayerische Jugendmeisterschaft A/B/C Lead - DAV Kletterzentrum Augsburg,DIGITALROCK,Regional / local youth,Youth,SHARED_BRIDGE_ONLY,valid shared-skill evidence without a governed direct target-head label,True,False
2021-09-25,Campionato italiano Speed,FASI,National championship,Senior / Open,FED:FASI,direct federation-level evidence,True,False
2021-09-25,SportXX Swiss Climbing Cup 2021 - Lead-Schweizermeisterschaft Griffig Uster ,SAC-CAS,National championship,Senior / Open,FED:SAC-CAS,direct federation-level evidence,True,False
2021-10-02,3. Sächsischer Jugendcup 2021 Lead in Zittau,DIGITALROCK,Regional / local youth,Youth,SHARED_BRIDGE_ONLY,valid shared-skill evidence without a governed direct target-head label,True,False
2021-10-02,Coppa Italia Lead 3° prova,FASI,National series,Senior / Open,FED:FASI,direct federation-level evidence,True,False
2021-10-09,IFSC Europe - Continental Youth Cup (B) - Soure (POR) 2021,IFSC,Continental series youth,Youth,IFSC_REG:EUROPE:YOUTH,direct IFSC regional/continental evidence,True,False
2021-10-22,"IFSC Europe - Continental Cup (L,S) - Laval (FRA) 2021",IFSC,Continental series,Senior / Open,IFSC_REG:EUROPE,direct IFSC regional/continental evidence,True,False
2021-10-23,Baden-Württembergischer Jugendcup Speed 1 Darmstadt,DIGITALROCK,Regional / local youth,Youth,SHARED_BRIDGE_ONLY,valid shared-skill evidence without a governed direct target-head label,True,False
2021-10-23,Baden-Württembergischer Jugendcup Speed 2 Darmstadt,DIGITALROCK,Regional / local youth,Youth,SHARED_BRIDGE_ONLY,valid shared-skill evidence without a governed direct target-head label,True,False
2021-10-23,Regionen-Kader-Sichtung Jugend  B /C/ D - DAV Kletterzentrum Augsburg- zwei Leadrouten,DIGITALROCK,Regional / local youth,Youth,SHARED_BRIDGE_ONLY,valid shared-skill evidence without a governed direct target-head label,True,False
2021-10-30,4. offene Darmstädter Stadtmeisterschaft Lead,DIGITALROCK,Regional / local,Senior / Open,SHARED_BRIDGE_ONLY,valid shared-skill evidence without a governed direct target-head label,True,False
2021-10-30,Campionato Italiano Lead,FASI,National championship,Senior / Open,FED:FASI,direct federation-level evidence,True,False
2021-11-06,Offene Norddeutsche Jugendmeisterschaft Bouldern im BIG - Bouldern in Göttingen,DIGITALROCK,Regional / local youth,Youth,SHARED_BRIDGE_ONLY,valid shared-skill evidence without a governed direct target-head label,True,False
2021-11-09,4. Sächsischer Jugendcup 2021 Lead in Chemnitz,DIGITALROCK,Regional / local youth,Youth,SHARED_BRIDGE_ONLY,valid shared-skill evidence without a governed direct target-head label,True,False
2021-11-13,Zürcher Klettermeisterschaft 2021 (Boulder) - Minimum Zürich,SAC-CAS,Regional / local,Senior / Open,FED:SAC-CAS,direct federation-level evidence,True,False
2021-11-14,Puglia Campionato Regionale (B),FASI,Regional / local,Senior / Open,FED:FASI,direct federation-level evidence,True,False
2021-11-21,Lombardia Campionato Regionale (B),FASI,Regional / local,Senior / Open,FED:FASI,direct federation-level evidence,True,False
2021-11-27,Senior Boulder Nationals,CEC,National championship,Senior / Open,FED:CEC,direct federation-level evidence,True,False
2021-11-28,Basilicata Campionato Regionale (B),FASI,Regional / local,Senior / Open,FED:FASI,direct federation-level evidence,True,False
2021-11-28,Lazio 1° prova U16/18/20 (B),FASI,Regional / local,Senior / Open,FED:FASI,direct federation-level evidence,True,False
2021-11-30,"IFSC Pan Am - Continental Championships (B,S,L) - Ibarra (ECU) 2021",IFSC,Continental championship,Senior / Open,IFSC_REG:PAN_AMERICA,direct IFSC regional/continental evidence,True,False
2021-12-12,Campania Campionato Regionale (B),FASI,Regional / local,Senior / Open,FED:FASI,direct federation-level evidence,True,False
2021-12-12,Toscana Trofeo Senior (B),FASI,Regional / local,Senior / Open,FED:FASI,direct federation-level evidence,True,False
2021-12-16,"IFSC Africa - Continental Championships (B,S,L) - Johannesburg (RSA) 2021",IFSC,Continental championship,Senior / Open,IFSC_REG:AFRICA,direct IFSC regional/continental evidence,True,False
2021-12-18,Abruzzo/Molise 1° prova di qualifica U20 Senior (B),FASI,Regional / local,Youth,FED:FASI:YOUTH,direct federation-level evidence,True,False
2022-01-08,Abruzzo/Molise 2° prova di qualifica U20 Senior (B),FASI,Regional / local,Youth,FED:FASI:YOUTH,direct federation-level evidence,True,False
2022-01-09,Emilia Romagna Campionato Regionale 1° prova (B),FASI,Regional / local,Senior / Open,FED:FASI,direct federation-level evidence,True,False
2022-01-22,TAA Campionato Regionale (B),FASI,Regional / local,Senior / Open,FED:FASI,direct federation-level evidence,True,False
2022-01-23,Macro NO Boulder - U20 U18 Senior,FASI,Regional / local,Youth,FED:FASI:YOUTH,direct federation-level evidence,True,False
2022-01-30,Lazio 2° prova U16/18/20 1° prova Senior (B),FASI,Regional / local,Senior / Open,FED:FASI,direct federation-level evidence,True,False
2022-01-30,Sicilia 1° prova di qualifica U14 U20 Senior (B),FASI,Regional / local,Youth,FED:FASI:YOUTH,direct federation-level evidence,True,False
2022-02-05,"Hessische Meisterschaft Bouldern, Sportpark Kelkheim",DIGITALROCK,Regional / local youth,Youth,SHARED_BRIDGE_ONLY,valid shared-skill evidence without a governed direct target-head label,True,False
2022-02-06,Macro NO U20-18-Senior (B),FASI,Regional / local,Youth,FED:FASI:YOUTH,direct federation-level evidence,True,False
2022-02-06,Toscana prova di qualifica U20 Senior (B),FASI,Regional / local,Youth,FED:FASI:YOUTH,direct federation-level evidence,True,False
2022-02-12,Nominierungslehrgang  Bouldern/ Jugend B zur Bayerischen Meisterschaft  - E4 Nürnberg,DIGITALROCK,Regional / local youth,Youth,SHARED_BRIDGE_ONLY,valid shared-skill evidence without a governed direct target-head label,True,False
2022-02-13,Basilicata Campionato Regionale 1° prova (B),FASI,Regional / local,Senior / Open,FED:FASI,direct federation-level evidence,True,False
2022-02-13,Lazio 3ª prova  U16/18/20 2ª prova Senior (B),FASI,Regional / local,Senior / Open,FED:FASI,direct federation-level evidence,True,False
2022-02-13,Macro Sud 1° prova di qualifica U14 U20 Senior(B),FASI,Regional / local,Youth,FED:FASI:YOUTH,direct federation-level evidence,True,False
2022-02-13,Puglia Campionato Regionale 1° prova (B),FASI,Regional / local,Senior / Open,FED:FASI,direct federation-level evidence,True,False
2022-02-19,Senior Lead and Speed Nationals,CEC,National championship,Senior / Open,FED:CEC,direct federation-level evidence,True,False
2022-02-19,Liguria Campionato Regionale 1° prova (B),FASI,Regional / local,Senior / Open,FED:FASI,direct federation-level evidence,True,False
2022-02-20,Friuli Venezia Giulia 2° prova di qualifica U14 U20 Senior(B),FASI,Regional / local,Youth,FED:FASI:YOUTH,direct federation-level evidence,True,False
2022-02-20,Macro NO U20-18 Senior (B),FASI,Regional / local,Youth,FED:FASI:YOUTH,direct federation-level evidence,True,False
2022-02-26,Nominierungslehrgang  Bouldern/ Jugend B zur Bayerischen Meisterschaft  - Kletterzentrum Landshut,DIGITALROCK,Regional / local youth,Youth,SHARED_BRIDGE_ONLY,valid shared-skill evidence without a governed direct target-head label,True,False
2022-02-26,Coppa Italia 1° prova (S),FASI,National series,Senior / Open,FED:FASI,direct federation-level evidence,True,False
2022-02-27,Kids Cup Bouldern Jugend C+D -  Franken/Schwaben  - Kletterzentrum Landshut,DIGITALROCK,Regional / local youth,Youth,SHARED_BRIDGE_ONLY,valid shared-skill evidence without a governed direct target-head label,True,False
2022-03-05,1. Deutscher Jugendcup (B) 2022 - Braunschweig,DIGITALROCK,Regional / local youth,Youth,SHARED_BRIDGE_ONLY,valid shared-skill evidence without a governed direct target-head label,True,False
2022-03-05,Coppa Italia 1° prova (B),FASI,National series,Senior / Open,FED:FASI,direct federation-level evidence,True,False
2022-03-10,High Performance Comp,CEC,Regional / local,Senior / Open,FED:CEC,direct federation-level evidence,True,False
2022-03-11,High Performance Comp - Route 2,CEC,Regional / local,Senior / Open,FED:CEC,direct federation-level evidence,True,False
2022-03-11,High Performance Comp - Route 3,CEC,Regional / local,Senior / Open,FED:CEC,direct federation-level evidence,True,False
2022-03-12,Kids Cup Bouldern Jugend C+D -  Oberbayern/Schwaben  - Kletterzentrum Freimann,DIGITALROCK,Regional / local youth,Youth,SHARED_BRIDGE_ONLY,valid shared-skill evidence without a governed direct target-head label,True,False
2022-03-12,"Rheinland-Pfälzische Meisterschaft Bouldern, RockTown Kaiserslautern ",DIGITALROCK,Regional / local youth,Youth,SHARED_BRIDGE_ONLY,valid shared-skill evidence without a governed direct target-head label,True,False
2022-03-12,Emilia Romagna 3° prova di qualifica U14 U20 Campionato Regionale Senior (L),FASI,Regional / local,Youth,FED:FASI:YOUTH,direct federation-level evidence,True,False
2022-03-12,Lombardia Campionato Regionale (B),FASI,Regional / local,Senior / Open,FED:FASI,direct federation-level evidence,True,False
2022-03-12,Macro NO  U20-14 Senior (S),FASI,Regional / local,Youth,FED:FASI:YOUTH,direct federation-level evidence,True,False
2022-03-12,SportXX Swiss Climbing Cup 2022 (B) - l'Entrepôt Bulle,SAC-CAS,National series,Senior / Open,FED:SAC-CAS,direct federation-level evidence,True,False
2022-03-13,Coppa Italia 2° prova (S),FASI,National series,Senior / Open,FED:FASI,direct federation-level evidence,True,False
2022-03-13,Toscana prova di qualifica U14 U20 Campionato Regionale Senior (L),FASI,Regional / local,Youth,FED:FASI:YOUTH,direct federation-level evidence,True,False
2022-03-19,1. Nominierungswettkampf Bouldern - Nachwuchskader - Bexbach,DIGITALROCK,Regional / local youth,Youth,SHARED_BRIDGE_ONLY,valid shared-skill evidence without a governed direct target-head label,True,False
2022-03-19,NRW Landesmeisterschaft Bouldern - ein stein Boulderhalle Duisburg,DIGITALROCK,Regional / local youth,Youth,SHARED_BRIDGE_ONLY,valid shared-skill evidence without a governed direct target-head label,True,False
2022-03-19,Coppa Italia 2° prova (B),FASI,National series,Senior / Open,FED:FASI,direct federation-level evidence,True,False
2022-03-20,Camp Vitesse D1 Junior,CEC,Regional / local youth,Youth,FED:CEC:YOUTH,direct federation-level evidence,True,False
2022-03-20,Basilicata Campionato Regionale 2° prova (B),FASI,Regional / local,Senior / Open,FED:FASI,direct federation-level evidence,True,False
2022-03-20,Campania Campionato Regionale 2° prova (B),FASI,Regional / local,Senior / Open,FED:FASI,direct federation-level evidence,True,False
2022-03-20,Macro Sud 2° prova di qualifica U14 U20 (B),FASI,Regional / local,Youth,FED:FASI:YOUTH,direct federation-level evidence,True,False
2022-03-20,Puglia Campionato Regionale 2° prova (B),FASI,Regional / local,Senior / Open,FED:FASI,direct federation-level evidence,True,False
2022-03-26,Bloc D1 (A/Jr),CEC,Regional / local youth,Youth,FED:CEC:YOUTH,direct federation-level evidence,True,False
2022-03-26,Kids Cup Bouldern Jugend C+D -  Franken/Oberbayern  - Kletterzentrum Aschaffenburg,DIGITALROCK,Regional / local youth,Youth,SHARED_BRIDGE_ONLY,valid shared-skill evidence without a governed direct target-head label,True,False
2022-03-26,Abruzzo Campionato Regionale 2° prova (B),FASI,Regional / local,Senior / Open,FED:FASI,direct federation-level evidence,True,False
2022-03-26,"Sicilia 2° prova di qualifica U14 U20 Senior (S,L)",FASI,Regional / local,Youth,FED:FASI:YOUTH,direct federation-level evidence,True,False
2022-03-26,TAA Campionato Regionale (L),FASI,Regional / local,Senior / Open,FED:FASI,direct federation-level evidence,True,False
2022-03-26,Veneto prova di qualifica U14 U20 Senior (L),FASI,Regional / local,Youth,FED:FASI:YOUTH,direct federation-level evidence,True,False
2022-03-27,Abruzzo 3° prova di qualifica U14 U20 Senior (S),FASI,Regional / local,Youth,FED:FASI:YOUTH,direct federation-level evidence,True,False
2022-03-27,Lazio 1° prova U14-U20-Senior (S) + U20-Senior (L),FASI,Regional / local,Youth,FED:FASI:YOUTH,direct federation-level evidence,True,False
2022-04-02,Bloc D1 (B/C),CEC,Regional / local youth,Youth,FED:CEC:YOUTH,direct federation-level evidence,True,False
2022-04-02,2. Deutscher Jugendcup (B) 2022 - Stuttgart,DIGITALROCK,Regional / local youth,Youth,SHARED_BRIDGE_ONLY,valid shared-skill evidence without a governed direct target-head label,True,False
2022-04-02,Coppa Italia 3° prova (B),FASI,National series,Senior / Open,FED:FASI,direct federation-level evidence,True,False
2022-04-03,Basilicata Campionato Regionale 3° prova (B),FASI,Regional / local,Senior / Open,FED:FASI,direct federation-level evidence,True,False
2022-04-03,Campania Campionato Regionale 3° prova (B),FASI,Regional / local,Senior / Open,FED:FASI,direct federation-level evidence,True,False
2022-04-03,Macro Sud 3° prova di qualifica U14 U20 Senior (B),FASI,Regional / local,Youth,FED:FASI:YOUTH,direct federation-level evidence,True,False
2022-04-03,Puglia Campionato Regionale 3° prova (B),FASI,Regional / local,Senior / Open,FED:FASI,direct federation-level evidence,True,False
2022-04-03,Veneto prova di qualifica U20 Senior (B),FASI,Regional / local,Youth,FED:FASI:YOUTH,direct federation-level evidence,True,False
2022-04-08,IFSC - Climbing World Cup (B) - Meiringen (SUI) 2022,IFSC,World series,Senior / Open,WC,direct adult World series/World championship evidence,True,False
2022-04-09,Abruzzo 4° prova di qualifica u14 U20 Senior (L),FASI,Regional / local,Youth,FED:FASI:YOUTH,direct federation-level evidence,True,False
2022-04-09,Macro NO  U20-18 Senior (S),FASI,Regional / local,Youth,FED:FASI:YOUTH,direct federation-level evidence,True,False
2022-04-09,Sicilia 3° prova di qualifica U14 U20 (B),FASI,Regional / local,Youth,FED:FASI:YOUTH,direct federation-level evidence,True,False
2022-04-09,Toscana prova di qualifica U14 U20 Senior (B),FASI,Regional / local,Youth,FED:FASI:YOUTH,direct federation-level evidence,True,False
2022-04-09,IFSC Europe - Continental Youth Cup (B) - Chambéry (FRA) 2022,IFSC,Continental series youth,Youth,IFSC_REG:EUROPE:YOUTH,direct IFSC regional/continental evidence,True,False
2022-04-10,Vitesse D1 Sr-Jr-A-B-C-D-E,CEC,Regional / local,Senior / Open,FED:CEC,direct federation-level evidence,True,False
2022-04-10,Vitesse D1 Sr-Jr-A-B-C-D-E,CEC,Regional / local youth,Youth,FED:CEC:YOUTH,direct federation-level evidence,True,False
2022-04-10,Veneto prova di qualifica U20 Senior (L),FASI,Regional / local,Youth,FED:FASI:YOUTH,direct federation-level evidence,True,False
2022-04-16,Coupe Qc - Difficulté D1 (B/A/Jr),CEC,Regional / local youth,Youth,FED:CEC:YOUTH,direct federation-level evidence,True,False
2022-04-23,Youth Speed Nationals,CEC,National championship youth,Youth,FED:CEC:YOUTH,direct federation-level evidence,True,False
2022-04-23,Coppa Italia 4° prova (B),FASI,National series,Senior / Open,FED:FASI,direct federation-level evidence,True,False
2022-04-23,IFSC Europe - Continental Youth Cup (B) - Soure (POR) 2022,IFSC,Continental series youth,Youth,IFSC_REG:EUROPE:YOUTH,direct IFSC regional/continental evidence,True,False
2022-04-23,SportXX Swiss Climbing Cup 2022 (B) - Spinnerei Indoor Ibach,SAC-CAS,National series,Senior / Open,FED:SAC-CAS,direct federation-level evidence,True,False
2022-04-24,Lombardia 4° prova di qualifica U20 Senior (L),FASI,Regional / local,Youth,FED:FASI:YOUTH,direct federation-level evidence,True,False
2022-04-24,Veneto prova di qualifica U20 Senior (B),FASI,Regional / local,Youth,FED:FASI:YOUTH,direct federation-level evidence,True,False
2022-04-29,IFSC Europe - Continental Cup (B) - Prague (CZE) 2022,IFSC,Continental series,Senior / Open,IFSC_REG:EUROPE,direct IFSC regional/continental evidence,True,False
2022-04-30,Sélection provinciale (B-A-Jr) / Championnat de Bloc et événement régulier Difficulté (C),CEC,Regional / local youth,Youth,FED:CEC:YOUTH,direct federation-level evidence,True,False
2022-04-30, Bayerische Meisterschaft Bouldern Jugend B und A  - DAV Boulderzentrum Memmingen,DIGITALROCK,Regional / local youth,Youth,SHARED_BRIDGE_ONLY,valid shared-skill evidence without a governed direct target-head label,True,False
2022-04-30,Offene Berliner und Sächsische Landesmeisterschaft im Bouldern,DIGITALROCK,Regional / local youth,Youth,SHARED_BRIDGE_ONLY,valid shared-skill evidence without a governed direct target-head label,True,False
2022-04-30,Friuli Venezia Giulia prova di qualifica U14 U20 Senior (B),FASI,Regional / local,Youth,FED:FASI:YOUTH,direct federation-level evidence,True,False
2022-04-30,Lazio 2ª prova U20-Senior (L),FASI,Regional / local,Youth,FED:FASI:YOUTH,direct federation-level evidence,True,False
2022-05-01,Emilia Romagna 6° prova di qualifica U14 U20 Campionato Regionale (S),FASI,Regional / local,Youth,FED:FASI:YOUTH,direct federation-level evidence,True,False
2022-05-06,"IFSC - Climbing World Cup (B,S) - Seoul (KOR) 2022",IFSC,World series,Senior / Open,WC,direct adult World series/World championship evidence,True,False
2022-05-07,3. Deutscher Jugendcup (L) 2022 - Kempten,DIGITALROCK,Regional / local youth,Youth,SHARED_BRIDGE_ONLY,valid shared-skill evidence without a governed direct target-head label,True,False
2022-05-07,Campionato Valle d'Aosta Senior (L),FASI,Regional / local,Senior / Open,FED:FASI,direct federation-level evidence,True,False
2022-05-07,Liguria Campionato Regionale Senior (L),FASI,Regional / local,Senior / Open,FED:FASI,direct federation-level evidence,True,False
2022-05-07,Piemonte Campionato Regionale (L),FASI,Regional / local,Senior / Open,FED:FASI,direct federation-level evidence,True,False
2022-05-07,Veneto prova di qualifica U14 U20 Senior (S),FASI,Regional / local,Youth,FED:FASI:YOUTH,direct federation-level evidence,True,False
2022-05-07,IFSC Europe - Continental Cup (B) - Brixen (ITA) 2022,IFSC,Continental series,Senior / Open,IFSC_REG:EUROPE,direct IFSC regional/continental evidence,True,False
2022-05-08,4. Deutscher Jugendcup (S) 2022 - Kempten,DIGITALROCK,Regional / local youth,Youth,SHARED_BRIDGE_ONLY,valid shared-skill evidence without a governed direct target-head label,True,False
2022-05-08,Lazio 2° prova U14-U20-Senior (S) + 1° U14 (L),FASI,Regional / local,Youth,FED:FASI:YOUTH,direct federation-level evidence,True,False
2022-05-08,Marche-Umbria 4° prova di qualifica U14 U20 Senior (L),FASI,Regional / local,Youth,FED:FASI:YOUTH,direct federation-level evidence,True,False
2022-05-08,Veneto prova di qualifica U20 Senior (L),FASI,Regional / local,Youth,FED:FASI:YOUTH,direct federation-level evidence,True,False
2022-05-14,1.Nominierungslehrgang  Lead/ Jugend B zur Bayerischen Meisterschaft  - Sparkassendome Neu - Ulm,DIGITALROCK,Regional / local youth,Youth,SHARED_BRIDGE_ONLY,valid shared-skill evidence without a governed direct target-head label,True,False
2022-05-14,Coppa Italia 1° prova (L),FASI,National series,Senior / Open,FED:FASI,direct federation-level evidence,True,False
2022-05-14,Veneto prova di qualifica U14 U20 Senior (L),FASI,Regional / local,Youth,FED:FASI:YOUTH,direct federation-level evidence,True,False
2022-05-15,Kids Cup Lead Jugend C+D - Schwaben/Franken  - Sparkassendome Neu-Ulm,DIGITALROCK,Regional / local youth,Youth,SHARED_BRIDGE_ONLY,valid shared-skill evidence without a governed direct target-head label,True,False
2022-05-19,Youth Boulder Nationals,CEC,National championship youth,Youth,FED:CEC:YOUTH,direct federation-level evidence,True,False
2022-05-20,"IFSC - Climbing World Cup (B,S) - Salt Lake City (USA) 2022",IFSC,World series,Senior / Open,WC,direct adult World series/World championship evidence,True,False
2022-05-20,IFSC Europe - Continental Cup (B) - Klagenfurt (AUT) 2022,IFSC,Continental series,Senior / Open,IFSC_REG:EUROPE,direct IFSC regional/continental evidence,True,False
2022-05-21,"Rheinland-Pfalz Meisterschaft Lead, Pfalz Rock Frankenthal",DIGITALROCK,Regional / local youth,Youth,SHARED_BRIDGE_ONLY,valid shared-skill evidence without a governed direct target-head label,True,False
2022-05-21,Coppa Italia 3° prova (S),FASI,National series,Senior / Open,FED:FASI,direct federation-level evidence,True,False
2022-05-21,Toscana 4° prova di qualifica U14 U20 Senior (B),FASI,Regional / local,Youth,FED:FASI:YOUTH,direct federation-level evidence,True,False
2022-05-22,Youth Lead Nationals,CEC,National championship youth,Youth,FED:CEC:YOUTH,direct federation-level evidence,True,False
2022-05-22,Friuli Venezia Giulia prova di qualifica U14 U20 Senior (L),FASI,Regional / local,Youth,FED:FASI:YOUTH,direct federation-level evidence,True,False
2022-05-27,"IFSC - Climbing World Cup (B,S) - Salt Lake City (USA) 2022",IFSC,World series,Senior / Open,WC,direct adult World series/World championship evidence,True,False
2022-05-27,"IFSC Europe - Continental Youth Cup (L,S) - Imst (AUT) 2022",IFSC,Continental series youth,Youth,IFSC_REG:EUROPE:YOUTH,direct IFSC regional/continental evidence,True,False
2022-05-29,Liguria 4° prova di qualifica U14 U20 Senior (S),FASI,Regional / local,Youth,FED:FASI:YOUTH,direct federation-level evidence,True,False
2022-06-04,1. Nominierungswettkampf Lead- Nachwuchskader - Frankenthal,DIGITALROCK,Regional / local youth,Youth,SHARED_BRIDGE_ONLY,valid shared-skill evidence without a governed direct target-head label,True,False
2022-06-04,Copa España 2022 - 1a Prueba Bloque - Madrid,FEDME,Regional / local,Senior / Open,FED:FEDME,direct federation-level evidence,True,False
2022-06-04,"IFSC Europe - Continental Cup (L,S) - Arco (ITA) 2022",IFSC,Continental series,Senior / Open,IFSC_REG:EUROPE,direct IFSC regional/continental evidence,True,False
2022-06-10,IFSC - Climbing World Cup (B) - Brixen (ITA) 2022,IFSC,World series,Senior / Open,WC,direct adult World series/World championship evidence,True,False
2022-06-11,Liguria 5° prova di qualifica U14 U20 Senior (L),FASI,Regional / local,Youth,FED:FASI:YOUTH,direct federation-level evidence,True,False
2022-06-13,"FISU University Championships (B,S,L) - Innsbruck (AUT) 2022",IFSC,International other,Senior / Open,SHARED_BRIDGE_ONLY,valid shared-skill evidence without a governed direct target-head label,True,False
2022-06-18,Coppa Italia 2° prova (L),FASI,National series,Senior / Open,FED:FASI,direct federation-level evidence,True,False
2022-06-18,Copa España 2022 - 2a Prueba Bloque - 1a Prueba Velocidad - Oviedo,FEDME,Regional / local,Senior / Open,FED:FEDME,direct federation-level evidence,True,False
2022-06-18,SportXX Swiss Climbing Cup 2022 (L) - Magnet Niederwangen,SAC-CAS,National series,Senior / Open,FED:SAC-CAS,direct federation-level evidence,True,False
2022-06-21,IFSC Europe - Continental Cup (S) - Innsbruck (AUT) 2022,IFSC,Continental series,Senior / Open,IFSC_REG:EUROPE,direct IFSC regional/continental evidence,True,False
2022-06-22,"IFSC - Climbing World Cup (B,L) - Innsbruck (AUT) 2022",IFSC,World series,Senior / Open,WC,direct adult World series/World championship evidence,True,False
2022-06-25,Kids Cup Lead Jugend C+D -  Schwaben/Oberbayern  - Kletterhalle Berchtesgaden ,DIGITALROCK,Regional / local youth,Youth,SHARED_BRIDGE_ONLY,valid shared-skill evidence without a governed direct target-head label,True,False
2022-06-25,IFSC Europe - Continental Youth Cup (L) - Ostermundigen (SUI) 2022,IFSC,Continental series youth,Youth,IFSC_REG:EUROPE:YOUTH,direct IFSC regional/continental evidence,True,False
2022-06-30,"IFSC - Climbing World Cup (L,S) - Villars (SUI) 2022",IFSC,World series,Senior / Open,WC,direct adult World series/World championship evidence,True,False
2022-07-02,1. Bay. Speed Cup Jugend C/B/A und Kids Cup Jugend D - Landesleistungszentrum Augsburg,DIGITALROCK,Regional / local youth,Youth,SHARED_BRIDGE_ONLY,valid shared-skill evidence without a governed direct target-head label,True,False
2022-07-02,1. Nominierungslehrgang  Lead Jugend B zur Bay. Meisterschaft  - Landesleistungszentrum Augsburg,DIGITALROCK,Regional / local youth,Youth,SHARED_BRIDGE_ONLY,valid shared-skill evidence without a governed direct target-head label,True,False
2022-07-02,IFSC Europe - Continental Youth Cup (L) - Dornbirn (AUT) 2022,IFSC,Continental series youth,Youth,IFSC_REG:EUROPE:YOUTH,direct IFSC regional/continental evidence,True,False
2022-07-08,"IFSC - Climbing World Cup (L,S) - Chamonix (FRA) 2022",IFSC,World series,Senior / Open,WC,direct adult World series/World championship evidence,True,False
2022-07-08,"IFSC Europe - Continental Youth Championship (L,S) - Augsburg (GER) 2022",IFSC,Continental championship youth,Youth,IFSC_REG:EUROPE:YOUTH,direct IFSC regional/continental evidence,True,False
2022-07-09,"Kids Cup Lead Jugend C+D -  FR,NDB,OPF u. Oberbayern  - Kletterhalle Hersbruck",DIGITALROCK,Regional / local youth,Youth,SHARED_BRIDGE_ONLY,valid shared-skill evidence without a governed direct target-head label,True,False
2022-07-10,Baden-Württembergischer Jugendcup Lead - Kletterzentrum Stuttgart,DIGITALROCK,Regional / local youth,Youth,SHARED_BRIDGE_ONLY,valid shared-skill evidence without a governed direct target-head label,True,False
2022-07-14,"World Games (B,S,L) - Birmingham (USA) 2022",IFSC,International other,Senior / Open,SHARED_BRIDGE_ONLY,valid shared-skill evidence without a governed direct target-head label,True,False
2022-07-16,"Hessische Meisterschaft Lead, Kletterzentrum Kassel",DIGITALROCK,Regional / local youth,Youth,SHARED_BRIDGE_ONLY,valid shared-skill evidence without a governed direct target-head label,True,False
2022-07-16,"IFSC Europe - Continental Cup (L,S) - Žilina (SVK) 2022",IFSC,Continental series,Senior / Open,IFSC_REG:EUROPE,direct IFSC regional/continental evidence,True,False
2022-07-22,IFSC - Climbing World Cup (L) - Briançon (FRA) 2022,IFSC,World series,Senior / Open,WC,direct adult World series/World championship evidence,True,False
2022-07-23, Bayerische Meisterschaft Lead Jugend B und A  - DAV Kletterzentrum Erlangen ,DIGITALROCK,Regional / local youth,Youth,SHARED_BRIDGE_ONLY,valid shared-skill evidence without a governed direct target-head label,True,False
2022-07-23,2. Bay. Speed Cup Jugend C/B/A und Kids Cup Jugend D - DAV Kletterzentrum Erlangen ,DIGITALROCK,Regional / local youth,Youth,SHARED_BRIDGE_ONLY,valid shared-skill evidence without a governed direct target-head label,True,False
2022-07-24,SportXX Swiss Climbing Cup 2022 (S) - Villars,SAC-CAS,National series,Senior / Open,FED:SAC-CAS,direct federation-level evidence,True,False
2022-07-29,IFSC Europe - Continental Youth Cup (S) - Mezzolombardo (ITA) 2022,IFSC,Continental series youth,Youth,IFSC_REG:EUROPE:YOUTH,direct IFSC regional/continental evidence,True,False
2022-07-30,IFSC Europe - Continental Cup (S) - Mezzolombardo (ITA) 2022,IFSC,Continental series,Senior / Open,IFSC_REG:EUROPE,direct IFSC regional/continental evidence,True,False
2022-08-03,IFSC Europe - Continental Youth Championship (B) - Graz (AUT) 2022,IFSC,Continental championship youth,Youth,IFSC_REG:EUROPE:YOUTH,direct IFSC regional/continental evidence,True,False
2022-08-11,"IFSC Europe - Continental Championships (B,S,L) - Munich (GER) 2022",IFSC,Continental championship,Senior / Open,IFSC_REG:EUROPE,direct IFSC regional/continental evidence,True,False
2022-08-20,NACS - Jackalope,CEC,Continental / cross-border,Senior / Open,NACS,direct NACS evidence,True,False
2022-08-22,"IFSC - Climbing Youth World Championships (B,S,L) - Dallas (USA) 2022",IFSC,World major youth,Youth,IFSC_WORLD_YOUTH,"direct Youth World evidence; transition context, not adult WC evidence",True,False
2022-09-02,IFSC - Climbing World Cup (L) - Koper (SLO) 2022,IFSC,World series,Senior / Open,WC,direct adult World series/World championship evidence,True,False
2022-09-03,Offene Sächsische/Berliner Meisterschaft Lead,DIGITALROCK,Regional / local,Senior / Open,SHARED_BRIDGE_ONLY,valid shared-skill evidence without a governed direct target-head label,True,False
2022-09-03,Offene Sächsische/Berliner Meisterschaft Lead,DIGITALROCK,Regional / local youth,Youth,SHARED_BRIDGE_ONLY,valid shared-skill evidence without a governed direct target-head label,True,False
2022-09-03,Offene Sächsische/Berliner Meisterschaft Speed ,DIGITALROCK,Regional / local youth,Youth,SHARED_BRIDGE_ONLY,valid shared-skill evidence without a governed direct target-head label,True,False
2022-09-03,Coppa Italia 4° prova (S),FASI,National series,Senior / Open,FED:FASI,direct federation-level evidence,True,False
2022-09-03,SportXX Swiss Climbing Cup 2022 (L) - Griffig Uster,SAC-CAS,National series,Senior / Open,FED:SAC-CAS,direct federation-level evidence,True,False
2022-09-09,"IFSC - Climbing World Cup (L,S) - Edinburgh (GBR) 2022",IFSC,World series,Senior / Open,WC,direct adult World series/World championship evidence,True,False
2022-09-10,5. Deutscher Jugendcup (L) 2022 - Frankfurt,DIGITALROCK,Regional / local youth,Youth,SHARED_BRIDGE_ONLY,valid shared-skill evidence without a governed direct target-head label,True,False
2022-09-10,Boulder-Schweizermeisterschaften 2022 Elite/U18 im Rahmen des SportXX Swiss Climbing Cup - Grimper.ch Lausanne,SAC-CAS,National championship,Senior / Open,FED:SAC-CAS,direct federation-level evidence,True,False
2022-09-11,Speed-Schweizermeisterschaften 2022 Elite/U18 im Rahmen des SportXX Swiss Climbing Cup - Grimper.ch Villeneuve,SAC-CAS,National championship,Senior / Open,FED:SAC-CAS,direct federation-level evidence,True,False
2022-09-17,NRW-Landesmeisterschaft Lead 2022 - Frechen,DIGITALROCK,Regional / local youth,Youth,SHARED_BRIDGE_ONLY,valid shared-skill evidence without a governed direct target-head label,True,False
2022-09-17,"Offene Hessische Meisterschaft Speed, DAV Kletterzentrum Darmstadt",DIGITALROCK,Regional / local youth,Youth,SHARED_BRIDGE_ONLY,valid shared-skill evidence without a governed direct target-head label,True,False
2022-09-17,Coppa Italia 3° prova (L),FASI,National series,Senior / Open,FED:FASI,direct federation-level evidence,True,False
2022-09-17,Lead-Schweizermeisterschaften 2022 Elite/U18 im Rahmen des SportXX Swiss Climbing Cup - Taverne TI,SAC-CAS,National championship,Senior / Open,FED:SAC-CAS,direct federation-level evidence,True,False
2022-09-24,Coppa Italia 4° prova (L),FASI,National series,Senior / Open,FED:FASI,direct federation-level evidence,True,False
2022-09-24,"IFSC - Climbing World Cup (L,S) - Jakarta (INA) 2022",IFSC,World series,Senior / Open,WC,direct adult World series/World championship evidence,True,False
2022-09-25,IFSC Europe - Continental Cup (S) - Hamburg (GER) 2022,IFSC,Continental series,Senior / Open,IFSC_REG:EUROPE,direct IFSC regional/continental evidence,True,False
2022-10-01,6. Deutscher Jugendcup (S) 2022 - Neu-Ulm,DIGITALROCK,Regional / local youth,Youth,SHARED_BRIDGE_ONLY,valid shared-skill evidence without a governed direct target-head label,True,False
2022-10-01,Campionato Italiano (B),FASI,National championship,Senior / Open,FED:FASI,direct federation-level evidence,True,False
2022-10-08,Campionato Italiano (L),FASI,National championship,Senior / Open,FED:FASI,direct federation-level evidence,True,False
2022-10-10,"IFSC Asia - Continental Championships (B, L, S, B&L) - Republic of Korea 2022",IFSC,Continental championship,Senior / Open,IFSC_REG:ASIA,direct IFSC regional/continental evidence,True,False
2022-10-15,Baden-Württembergischer Jugendcup 2022 Speed 1 Mannheim,DIGITALROCK,Regional / local youth,Youth,SHARED_BRIDGE_ONLY,valid shared-skill evidence without a governed direct target-head label,True,False
2022-10-15,Baden-Württembergischer Jugendcup 2022 Speed 2 Mannheim,DIGITALROCK,Regional / local youth,Youth,SHARED_BRIDGE_ONLY,valid shared-skill evidence without a governed direct target-head label,True,False
2022-10-16,Campionato Italiano (S),FASI,National championship,Senior / Open,FED:FASI,direct federation-level evidence,True,False
2022-10-21,IFSC Europe - Continental Cup (S) - Laval (FRA) 2022,IFSC,Continental series,Senior / Open,IFSC_REG:EUROPE,direct IFSC regional/continental evidence,True,False
2022-10-29,Championnat sélection provinciale Sénior,CEC,Regional / local,Senior / Open,FED:CEC,direct federation-level evidence,True,False
2022-11-04,Copa España 2022 - 3a Prueba Bloque - 2a Prueba Velocidad - Cáceres,FEDME,Regional / local,Senior / Open,FED:FEDME,direct federation-level evidence,True,False
2022-11-05,Division 1 - Juvénile C - Bloc #1 - Le Mouv',CEC,Regional / local youth,Youth,FED:CEC:YOUTH,direct federation-level evidence,True,False
2022-11-05,Offene Norddeutsche Jugendmeisterschaft Bouldern 2022 in der Beta Boulderhalle Hannover,DIGITALROCK,Regional / local youth,Youth,SHARED_BRIDGE_ONLY,valid shared-skill evidence without a governed direct target-head label,True,False
2022-11-05,Campeonato España Bloque 2022,FEDME,Regional / local,Senior / Open,FED:FEDME,direct federation-level evidence,True,False
2022-11-05,Campeonato España Velocidad 2022,FEDME,Regional / local,Senior / Open,FED:FEDME,direct federation-level evidence,True,False
2022-11-05,Copa España 2022 - 3a Prueba Velocidad - Cáceres,FEDME,Regional / local,Senior / Open,FED:FEDME,direct federation-level evidence,True,False
2022-11-05,IFSC Asia - Continental Cup (B) - Manila (PHI) 2022,IFSC,Continental series,Senior / Open,IFSC_REG:ASIA,direct IFSC regional/continental evidence,True,False
2022-11-06,Emilia-Romagna Campionato Regionale 1^ prova (B),FASI,Regional / local,Senior / Open,FED:FASI,direct federation-level evidence,True,False
2022-11-07,Baden-Württembergischer Jugendcup Bouldern - B12 Tübingen,DIGITALROCK,Regional / local youth,Youth,SHARED_BRIDGE_ONLY,valid shared-skill evidence without a governed direct target-head label,True,False
2022-11-07,Baden-Württembergischer Jugendcup Bouldern - Kletterzentrum Karlsruhe,DIGITALROCK,Regional / local youth,Youth,SHARED_BRIDGE_ONLY,valid shared-skill evidence without a governed direct target-head label,True,False
2022-11-12,Division 1 - Bloc #1 - Le Crux,CEC,Regional / local youth,Youth,FED:CEC:YOUTH,direct federation-level evidence,True,False
2022-11-13,Basilicata Campania Puglia Campionato Regionale  (L),FASI,Regional / local,Senior / Open,FED:FASI,direct federation-level evidence,True,False
2022-11-13,Campania Campionato Regionale (L),FASI,Regional / local,Senior / Open,FED:FASI,direct federation-level evidence,True,False
2022-11-13,Puglia Campionato Regionale (L),FASI,Regional / local,Senior / Open,FED:FASI,direct federation-level evidence,True,False
2022-11-18,Campeonato España Dificultad 2022,FEDME,Regional / local,Senior / Open,FED:FEDME,direct federation-level evidence,True,False
2022-11-20,Emilia-Romagna Campionato Regionale 2^ prova (B),FASI,Regional / local,Senior / Open,FED:FASI,direct federation-level evidence,True,False
2022-11-24,Senior Boulder National Championships,CEC,National championship,Senior / Open,FED:CEC,direct federation-level evidence,True,False
2022-11-26,Baden-Württembergischer Jugendcup Lead - Kletterzentrum Reutlingen,DIGITALROCK,Regional / local youth,Youth,SHARED_BRIDGE_ONLY,valid shared-skill evidence without a governed direct target-head label,True,False
2022-11-27,Senior Lead National Championships,CEC,National championship,Senior / Open,FED:CEC,direct federation-level evidence,True,False
2022-12-03,5. Stadtmeisterschaft Lead im Kletterzentrum Darmstadt,DIGITALROCK,Regional / local,Senior / Open,SHARED_BRIDGE_ONLY,valid shared-skill evidence without a governed direct target-head label,True,False
2022-12-04,Basilicata Campania Puglia Campionato Regionale 4° prova (B),FASI,Regional / local,Senior / Open,FED:FASI,direct federation-level evidence,True,False
2022-12-04,Basilicata Campionato Regionale 4° prova (B),FASI,Regional / local,Senior / Open,FED:FASI,direct federation-level evidence,True,False
2022-12-04,Campania Campionato Regionale 4° prova (B),FASI,Regional / local,Senior / Open,FED:FASI,direct federation-level evidence,True,False
2022-12-04,Emilia-Romagna Campionato Regionale 3^ prova (B),FASI,Regional / local,Senior / Open,FED:FASI,direct federation-level evidence,True,False
2022-12-04,Puglia Campionato Regionale 4° prova (B),FASI,Regional / local,Senior / Open,FED:FASI,direct federation-level evidence,True,False
2022-12-10,"Division 1 - Voies #1 - Altitude + Division 1 C - POSITIONS SEULEMENT, RESULTATS SUR www.fqme.qc.ca",CEC,Regional / local youth,Youth,FED:CEC:YOUTH,direct federation-level evidence,True,False
2022-12-18,Basilicata Campania Puglia Campionato Regionale 5° prova (B),FASI,Regional / local,Senior / Open,FED:FASI,direct federation-level evidence,True,False
2022-12-18,Basilicata Campionato Regionale 5° prova (B),FASI,Regional / local,Senior / Open,FED:FASI,direct federation-level evidence,True,False
2022-12-18,Campania Campionato Regionale 4° prova (B),FASI,Regional / local,Senior / Open,FED:FASI,direct federation-level evidence,True,False
2022-12-18,Marche Umbria 2° prova di qualifica U12-U20 Senior (B),FASI,Regional / local,Youth,FED:FASI:YOUTH,direct federation-level evidence,True,False
2022-12-18,Puglia Campionato Regionale 5° prova (B),FASI,Regional / local,Senior / Open,FED:FASI,direct federation-level evidence,True,False
2023-01-14,Sicilia 1° prova di qualifica U14 U20 Senior (B),FASI,Regional / local,Youth,FED:FASI:YOUTH,direct federation-level evidence,True,False
2023-01-15,Division 1 Vitesse #1 - Horizon Roc,CEC,Regional / local,Senior / Open,FED:CEC,direct federation-level evidence,True,False
2023-01-15,Division 1 Vitesse #1 - Horizon Roc,CEC,Regional / local youth,Youth,FED:CEC:YOUTH,direct federation-level evidence,True,False
2023-01-22,Abruzzo-Molise 1° prova di qualifica U20 Senior (B),FASI,Regional / local,Youth,FED:FASI:YOUTH,direct federation-level evidence,True,False
2023-01-22,Lazio 1 Prova di qualifica U20/SENIOR (B),FASI,Regional / local,Youth,FED:FASI:YOUTH,direct federation-level evidence,True,False
2023-01-22,Toscana 1° prova di qualifica U20 Senior (B),FASI,Regional / local,Youth,FED:FASI:YOUTH,direct federation-level evidence,True,False
2023-01-28,Division 1 - Bloc #2 - Le Crux,CEC,Regional / local youth,Youth,FED:CEC:YOUTH,direct federation-level evidence,True,False
2023-01-28,High Performance Bouldering Comp,CEC,Regional / local,Senior / Open,FED:CEC,direct federation-level evidence,True,False
2023-01-28,Liguria Campionato Regionale 1° prova (B),FASI,Regional / local,Senior / Open,FED:FASI,direct federation-level evidence,True,False
2023-01-28,TAA Campionato Regionale (B),FASI,Regional / local,Senior / Open,FED:FASI,direct federation-level evidence,True,False
2023-01-29,Basilicata Campionato Regionale 1° prova (B),FASI,Regional / local,Senior / Open,FED:FASI,direct federation-level evidence,True,False
2023-01-29,Campania Campionato Regionale 1° prova (B),FASI,Regional / local,Senior / Open,FED:FASI,direct federation-level evidence,True,False
2023-01-29,Friuli Venezia Giulia 2° prova di qualifica U14 U20 Senior (B),FASI,Regional / local,Youth,FED:FASI:YOUTH,direct federation-level evidence,True,False
2023-01-29,Lombardia Campionato Regionale (B),FASI,Regional / local,Senior / Open,FED:FASI,direct federation-level evidence,True,False
2023-01-29,Macro Sud 1° prova di qualifica U14 U20 Senior (B),FASI,Regional / local,Youth,FED:FASI:YOUTH,direct federation-level evidence,True,False
2023-01-29,Puglia Campionato Regionale 1° prova (B),FASI,Regional / local,Senior / Open,FED:FASI,direct federation-level evidence,True,False
2023-02-04,Offene Hessische Bouldermeisterschaft im Sportpark Kelkheim,DIGITALROCK,Regional / local youth,Youth,SHARED_BRIDGE_ONLY,valid shared-skill evidence without a governed direct target-head label,True,False
2023-02-05,Division 1 Vitesse #2 - Horizon Roc,CEC,Regional / local youth,Youth,FED:CEC:YOUTH,direct federation-level evidence,True,False
2023-02-05,Abruzzo-Molise 2° prova di qualifica U20 Senior (B),FASI,Regional / local,Youth,FED:FASI:YOUTH,direct federation-level evidence,True,False
2023-02-05,Emilia-Romagna Campionato Regionale 1^ prova (L),FASI,Regional / local,Senior / Open,FED:FASI,direct federation-level evidence,True,False
2023-02-11,Kids Cup Bouldern Region Schwaben offen für Nord-Ost-Bayern - Alpinzentrum swoboda alpin Kempten ,DIGITALROCK,Regional / local youth,Youth,SHARED_BRIDGE_ONLY,valid shared-skill evidence without a governed direct target-head label,True,False
2023-02-11,Milano Climbing Expo,FASI,Regional / local,Senior / Open,FED:FASI,direct federation-level evidence,True,False
2023-02-12,Division 1 - Juvénile C - Bloc #2 - Campus (église),CEC,Regional / local youth,Youth,FED:CEC:YOUTH,direct federation-level evidence,True,False
2023-02-12,Abruzzo-Molise 3° prova di qualifica U20 Senior (B),FASI,Regional / local,Youth,FED:FASI:YOUTH,direct federation-level evidence,True,False
2023-02-12,Basilicata Campionato Regionale 2° prova (B),FASI,Regional / local,Senior / Open,FED:FASI,direct federation-level evidence,True,False
2023-02-12,Campania Campionato Regionale 2° prova (B),FASI,Regional / local,Senior / Open,FED:FASI,direct federation-level evidence,True,False
2023-02-12,Lazio 2° Prova di qualifica U20/SENIOR (B),FASI,Regional / local,Youth,FED:FASI:YOUTH,direct federation-level evidence,True,False
2023-02-12,Macro Sud 2° prova di qualifica U14 U20 Senior (B),FASI,Regional / local,Youth,FED:FASI:YOUTH,direct federation-level evidence,True,False
2023-02-12,Piemonte - Valle d'Aosta Campionato Regionale (B),FASI,Regional / local,Senior / Open,FED:FASI,direct federation-level evidence,True,False
2023-02-12,Puglia Campionato Regionale 2° prova (B),FASI,Regional / local,Senior / Open,FED:FASI,direct federation-level evidence,True,False
2023-02-12,Veneto 3° prova di qualifica U20 Senior (B),FASI,Regional / local,Youth,FED:FASI:YOUTH,direct federation-level evidence,True,False
2023-02-18,Speed National Championships,CEC,National championship,Senior / Open,FED:CEC,direct federation-level evidence,True,False
2023-02-18,Speed National Championships,CEC,National championship youth,Youth,FED:CEC:YOUTH,direct federation-level evidence,True,False
2023-02-18,Liguria Campionato Regionale 2° prova (B),FASI,Regional / local,Senior / Open,FED:FASI,direct federation-level evidence,True,False
2023-02-18,Macro NO 3° prova di qualifica U20 Campionato Regionale (L),FASI,Regional / local,Youth,FED:FASI:YOUTH,direct federation-level evidence,True,False
2023-02-19,Marche Umbria 3° prova di qualifica U14-U20 Senior (B),FASI,Regional / local,Youth,FED:FASI:YOUTH,direct federation-level evidence,True,False
2023-02-19,Sardegna Campionato regionale (B),FASI,Regional / local,Senior / Open,FED:FASI,direct federation-level evidence,True,False
2023-02-25,offene NRW-Landesmeisterschaft Bouldern 2023 | Düsseldorf,DIGITALROCK,Regional / local youth,Youth,SHARED_BRIDGE_ONLY,valid shared-skill evidence without a governed direct target-head label,True,False
2023-02-25,Coppa Italia 1° prova (B),FASI,National series,Senior / Open,FED:FASI,direct federation-level evidence,True,False
2023-02-28,2023 National Team Trials,USAC,Regional / local,Senior / Open,FED:USAC,direct federation-level evidence,True,False
2023-03-04,1. Deutscher Jugendcup (B) 2023 - Rosenheim,DIGITALROCK,Regional / local youth,Youth,SHARED_BRIDGE_ONLY,valid shared-skill evidence without a governed direct target-head label,True,False
2023-03-04,Friuli Venezia Giulia 3° prova di qualifica U14 U20 Senior (B),FASI,Regional / local,Youth,FED:FASI:YOUTH,direct federation-level evidence,True,False
2023-03-04,Lazio 1ª prova di qualifica U14 U20 SENIOR (S),FASI,Regional / local,Youth,FED:FASI:YOUTH,direct federation-level evidence,True,False
2023-03-04,TAA Campionato Regionale (L),FASI,Regional / local,Senior / Open,FED:FASI,direct federation-level evidence,True,False
2023-03-04,SAC Swiss Climbing Cup 2023 (B) - U18/Elite - Spinnerei Indoor Ibach,SAC-CAS,National series,Senior / Open,FED:SAC-CAS,direct federation-level evidence,True,False
2023-03-05,Abruzzo-Molise 4° prova di qualifica U20 Senior (B),FASI,Regional / local,Youth,FED:FASI:YOUTH,direct federation-level evidence,True,False
2023-03-05,Lazio 1° prova di qualifica U20/Senior (L),FASI,Regional / local,Youth,FED:FASI:YOUTH,direct federation-level evidence,True,False
2023-03-05,Lombardia Campionato Regionale (L),FASI,Regional / local,Senior / Open,FED:FASI,direct federation-level evidence,True,False
2023-03-05,"Sicilia 2° prova di qualifica U20 Senior(L, S)",FASI,Regional / local,Youth,FED:FASI:YOUTH,direct federation-level evidence,True,False
2023-03-11,"Division 1 (A et Junior) - Voies #2 - Canyon - POSITIONS SEULEMENT, RESULTATS SUR www.fqme.qc.ca",CEC,Regional / local youth,Youth,FED:CEC:YOUTH,direct federation-level evidence,True,False
2023-03-11,"Division 1 (B et C) - Voies #2 - Centre Multisports André Chagnon - POSITIONS SEULEMENT, RESULTATS SUR www.fqme.qc.ca",CEC,Regional / local youth,Youth,FED:CEC:YOUTH,direct federation-level evidence,True,False
2023-03-11,Nominierungslehrgang  Bouldern / Jugend B zur Bayerischen Meisterschaft  - Kletterzentrum Landshut,DIGITALROCK,Regional / local youth,Youth,SHARED_BRIDGE_ONLY,valid shared-skill evidence without a governed direct target-head label,True,False
2023-03-11,Coppa Italia 2° prova (B),FASI,National series,Senior / Open,FED:FASI,direct federation-level evidence,True,False
2023-03-12,Speed High Performance Competition,CEC,Regional / local,Senior / Open,FED:CEC,direct federation-level evidence,True,False
2023-03-12,Kids Cup Bouldern Region Nord-Ost-Bayern offen für Oberbayern - Kletterzentrum Landshut ,DIGITALROCK,Regional / local youth,Youth,SHARED_BRIDGE_ONLY,valid shared-skill evidence without a governed direct target-head label,True,False
2023-03-12,Sardegna prova di qualifica U20 Senior (L),FASI,Regional / local,Youth,FED:FASI:YOUTH,direct federation-level evidence,True,False
2023-03-12,Toscana 2° prova di qualifica U20 Senior (L),FASI,Regional / local,Youth,FED:FASI:YOUTH,direct federation-level evidence,True,False
2023-03-12,Veneto 2°-4° prova di qualifica U14 U20 Senior (S),FASI,Regional / local,Youth,FED:FASI:YOUTH,direct federation-level evidence,True,False
2023-03-18,Baden-Württembergischer Jugendcup Bouldern - Heilbronn,DIGITALROCK,Regional / local youth,Youth,SHARED_BRIDGE_ONLY,valid shared-skill evidence without a governed direct target-head label,True,False
2023-03-18,Coppa Italia 1° prova (S),FASI,National series,Senior / Open,FED:FASI,direct federation-level evidence,True,False
2023-03-18,"SAC Swiss Climbing Cup 2023 (B) - U18/Elite - Minimum Leutsch, Oerlikon",SAC-CAS,National series,Senior / Open,FED:SAC-CAS,direct federation-level evidence,True,False
2023-03-19,Emilia-Romagna Campionato Regionale 2^ prova (L),FASI,Regional / local,Senior / Open,FED:FASI,direct federation-level evidence,True,False
2023-03-19,Lazio 2° prova di qualifica U20/Senior (L),FASI,Regional / local,Youth,FED:FASI:YOUTH,direct federation-level evidence,True,False
2023-03-19,Macro NO 4° prova di qualifica U20 Campionato Regionale (S),FASI,Regional / local,Youth,FED:FASI:YOUTH,direct federation-level evidence,True,False
2023-03-19,Marche Campionato Regionale (L),FASI,Regional / local,Senior / Open,FED:FASI,direct federation-level evidence,True,False
2023-03-25,"Championnat (Junior, A, B, C) - Altitude Kanata (Bloc) et Altitude Gatineau (voie)",CEC,Regional / local youth,Youth,FED:CEC:YOUTH,direct federation-level evidence,True,False
2023-03-25,2. Deutscher Jugendcup (B) 2023 - Bexbach,DIGITALROCK,Regional / local youth,Youth,SHARED_BRIDGE_ONLY,valid shared-skill evidence without a governed direct target-head label,True,False
2023-03-25,2. Deutscher Jugendcup (B) 2023 - Bexbach - Tageswertung Jugend B,DIGITALROCK,Regional / local youth,Youth,SHARED_BRIDGE_ONLY,valid shared-skill evidence without a governed direct target-head label,True,False
2023-03-25,Nominierungslehrgang  Bouldern / Jugend B zur Bayerischen Meisterschaft  - Kletterzentrum Ingolstadt,DIGITALROCK,Regional / local youth,Youth,SHARED_BRIDGE_ONLY,valid shared-skill evidence without a governed direct target-head label,True,False
2023-03-25,Coppa Italia 3° prova (B),FASI,National series,Senior / Open,FED:FASI,direct federation-level evidence,True,False
2023-03-25,Copa España 2023 - 1a Prueba Bloque - 1a Prueba Velocidad - Oviedo,FEDME,Regional / local,Senior / Open,FED:FEDME,direct federation-level evidence,True,False
2023-03-26,Kids Cup Bouldern Region Oberbayern offen für Schwaben -  DAV Kletterzentrum Ingolstadt ,DIGITALROCK,Regional / local youth,Youth,SHARED_BRIDGE_ONLY,valid shared-skill evidence without a governed direct target-head label,True,False
2023-03-26,Friuli Venezia Giulia 4° prova di qualifica U20 Senior (L),FASI,Regional / local,Youth,FED:FASI:YOUTH,direct federation-level evidence,True,False
2023-03-26,Liguria 5° prova di qualifica U14 U20 Senior (S),FASI,Regional / local,Youth,FED:FASI:YOUTH,direct federation-level evidence,True,False
2023-03-26,Sardegna 7° prova di qualifica U20 Senior (B),FASI,Regional / local,Youth,FED:FASI:YOUTH,direct federation-level evidence,True,False
2023-03-26,Veneto 5° prova di qualifica U20 Senior (L),FASI,Regional / local,Youth,FED:FASI:YOUTH,direct federation-level evidence,True,False
2023-04-01,"Offene RLP Meisterschaft Bouldern, RockTown Kaiserslautern ",DIGITALROCK,Regional / local youth,Youth,SHARED_BRIDGE_ONLY,valid shared-skill evidence without a governed direct target-head label,True,False
2023-04-01,Liguria 6° prova di qualifica U14 U20 Senior (L),FASI,Regional / local,Youth,FED:FASI:YOUTH,direct federation-level evidence,True,False
2023-04-01,Sicilia 3° prova di qualifica U14 U20 Senior (B),FASI,Regional / local,Youth,FED:FASI:YOUTH,direct federation-level evidence,True,False
2023-04-01,IFSC Europe - Continental Youth Cup (S) - Tarnów (POL) 2023,IFSC,Continental series youth,Youth,IFSC_REG:EUROPE:YOUTH,direct IFSC regional/continental evidence,True,False
2023-04-01,IFSC European Cup Tarnów 2023,IFSC,Continental series,Senior / Open,IFSC_REG:EUROPE,direct IFSC regional/continental evidence,True,False
2023-04-01,Boulder-Schweizermeisterschaften 2023 U18/Elite im Rahmen des SAC Swiss Climbing Cup 2023 (B) - L'Entrepôt Bulle,SAC-CAS,National championship,Senior / Open,FED:SAC-CAS,direct federation-level evidence,True,False
2023-04-02,Abruzzo-Molise 6° prova di qualifica U14 U20 Senior (L),FASI,Regional / local,Youth,FED:FASI:YOUTH,direct federation-level evidence,True,False
2023-04-02,Emilia-Romagna Campionato Regionale 3^ prova (L),FASI,Regional / local,Senior / Open,FED:FASI,direct federation-level evidence,True,False
2023-04-02,Sardegna  Senior (L),FASI,Regional / local,Senior / Open,FED:FASI,direct federation-level evidence,True,False
2023-04-02,Toscana 3° prova di qualifica U20 Senior (B),FASI,Regional / local,Youth,FED:FASI:YOUTH,direct federation-level evidence,True,False
2023-04-07,IFSC European Cup Chambéry 2023,IFSC,Continental series,Senior / Open,IFSC_REG:EUROPE,direct IFSC regional/continental evidence,True,False
2023-04-15,Coppa Italia 1° prova (L),FASI,National series,Senior / Open,FED:FASI,direct federation-level evidence,True,False
2023-04-16,Liguria 7° prova di qualifica U14 U20 Senior (S),FASI,Regional / local,Youth,FED:FASI:YOUTH,direct federation-level evidence,True,False
2023-04-17,Emilia Romagna Circuito Amatoriale (B),FASI,Regional / local,Senior / Open,FED:FASI,direct federation-level evidence,True,False
2023-04-21,IFSC World Cup Hachioji 2023,IFSC,World series,Senior / Open,WC,direct adult World series/World championship evidence,True,False
2023-04-22,East Youth Boulder Regionals,CEC,Regional / local youth,Youth,FED:CEC:YOUTH,direct federation-level evidence,True,False
2023-04-22,West Youth Boulder Regionals,CEC,Regional / local youth,Youth,FED:CEC:YOUTH,direct federation-level evidence,True,False
2023-04-22, Bayerische Meisterschaft Bouldern Jugend B und A  - DAV Boulderzentrum Memmingen,DIGITALROCK,Regional / local youth,Youth,SHARED_BRIDGE_ONLY,valid shared-skill evidence without a governed direct target-head label,True,False
2023-04-22,BaWü-Kids-Cup Karlsruhe,DIGITALROCK,Regional / local youth,Youth,SHARED_BRIDGE_ONLY,valid shared-skill evidence without a governed direct target-head label,True,False
2023-04-22,NRW-Landesmeisterschaft Speed 2023 | Hilden,DIGITALROCK,Regional / local youth,Youth,SHARED_BRIDGE_ONLY,valid shared-skill evidence without a governed direct target-head label,True,False
2023-04-22,Westdeutsche Meisterschaft Speed | Hilden,DIGITALROCK,National championship youth,Youth,SHARED_BRIDGE_ONLY,valid shared-skill evidence without a governed direct target-head label,True,False
2023-04-22,Coppa Italia 2° prova (S),FASI,National series,Senior / Open,FED:FASI,direct federation-level evidence,True,False
2023-04-22,IFSC Europe - Continental Youth Cup (B) - Soure (POR) 2023,IFSC,Continental series youth,Youth,IFSC_REG:EUROPE:YOUTH,direct IFSC regional/continental evidence,True,False
2023-04-23,Offene Berliner Landesmeisterschaften im Bouldern,DIGITALROCK,Regional / local youth,Youth,SHARED_BRIDGE_ONLY,valid shared-skill evidence without a governed direct target-head label,True,False
2023-04-23,Abruzzo-Molise 5° prova di qualifica U14 U20 Senior (S),FASI,Regional / local,Youth,FED:FASI:YOUTH,direct federation-level evidence,True,False
2023-04-23,Basilicata Campionato Regionale 3° prova (B),FASI,Regional / local,Senior / Open,FED:FASI,direct federation-level evidence,True,False
2023-04-23,Campania Campionato Regionale 3° prova (B),FASI,Regional / local,Senior / Open,FED:FASI,direct federation-level evidence,True,False
2023-04-23,Lazio 2ª prova di qualifica U14 U20 SENIOR (S),FASI,Regional / local,Youth,FED:FASI:YOUTH,direct federation-level evidence,True,False
2023-04-23,Macro Sud 5° prova di qualifica U20 Campionato Regionale (B),FASI,Regional / local,Youth,FED:FASI:YOUTH,direct federation-level evidence,True,False
2023-04-23,Puglia Campionato Regionale 3° prova (B),FASI,Regional / local,Senior / Open,FED:FASI,direct federation-level evidence,True,False
2023-04-28,IFSC Europe - Continental Youth Cup (B) - Kaunas (LTU) 2023,IFSC,Continental series youth,Youth,IFSC_REG:EUROPE:YOUTH,direct IFSC regional/continental evidence,True,False
2023-04-28,IFSC World Cup Seoul 2023,IFSC,World series,Senior / Open,WC,direct adult World series/World championship evidence,True,False
2023-04-29,Camp d'entrainement équipe Québec,CEC,Regional / local youth,Youth,FED:CEC:YOUTH,direct federation-level evidence,True,False
2023-04-29,Nominierungslehrgang Lead Darmstadt ,DIGITALROCK,Regional / local youth,Youth,SHARED_BRIDGE_ONLY,valid shared-skill evidence without a governed direct target-head label,True,False
2023-05-04,Lead High Performance Competition,CEC,Regional / local,Senior / Open,FED:CEC,direct federation-level evidence,True,False
2023-05-05,IFSC Europe - Continental Youth Cup (B) - Graz (AUT) 2023,IFSC,Continental series youth,Youth,IFSC_REG:EUROPE:YOUTH,direct IFSC regional/continental evidence,True,False
2023-05-06,Baden-Württembergischer Jugendcup 23 Bouldern - Tübingen,DIGITALROCK,Regional / local youth,Youth,SHARED_BRIDGE_ONLY,valid shared-skill evidence without a governed direct target-head label,True,False
2023-05-06,offene NRW-Landesmeisterschaft Lead 2023 | Frechen,DIGITALROCK,Regional / local youth,Youth,SHARED_BRIDGE_ONLY,valid shared-skill evidence without a governed direct target-head label,True,False
2023-05-06,IFSC World Cup Jakarta 2023,IFSC,World series,Senior / Open,WC,direct adult World series/World championship evidence,True,False
2023-05-07,Abruzzo-Molise 7° prova di qualifica U14 U20 Senior (L),FASI,Regional / local,Youth,FED:FASI:YOUTH,direct federation-level evidence,True,False
2023-05-07,Friuli Venezia Giulia 5° prova di qualifica U14 U20 Senior (L),FASI,Regional / local,Youth,FED:FASI:YOUTH,direct federation-level evidence,True,False
2023-05-07,Sardegna 10° prova di qualifica U20 Senior (B),FASI,Regional / local,Youth,FED:FASI:YOUTH,direct federation-level evidence,True,False
2023-05-07,Toscana 4° prova di qualifica U20 Senior (B),FASI,Regional / local,Youth,FED:FASI:YOUTH,direct federation-level evidence,True,False
2023-05-12,IFSC European Cup Liébana 2023,IFSC,Continental series,Senior / Open,IFSC_REG:EUROPE,direct IFSC regional/continental evidence,True,False
2023-05-13,1. Bayerischer Speed Cup Jugend A-D Kletterhalle Rosenheim ,DIGITALROCK,Regional / local youth,Youth,SHARED_BRIDGE_ONLY,valid shared-skill evidence without a governed direct target-head label,True,False
2023-05-13,Offene Hessische Meisterschaft Speed in Darmstadt,DIGITALROCK,Regional / local youth,Youth,SHARED_BRIDGE_ONLY,valid shared-skill evidence without a governed direct target-head label,True,False
2023-05-13,Zürcher Klettermeisterschaft 2023 (Lead) - Griffig Uster,SAC-CAS,Regional / local,Senior / Open,FED:SAC-CAS,direct federation-level evidence,True,False
2023-05-14,Kids Cup Lead Region Oberbayern offen für Schwaben- Kletterzentrum Rosenheim,DIGITALROCK,Regional / local youth,Youth,SHARED_BRIDGE_ONLY,valid shared-skill evidence without a governed direct target-head label,True,False
2023-05-18,Youth Boulder National Championships,CEC,National championship youth,Youth,FED:CEC:YOUTH,direct federation-level evidence,True,False
2023-05-19,IFSC World Cup Salt Lake City 2023,IFSC,World series,Senior / Open,WC,direct adult World series/World championship evidence,True,False
2023-05-20,Copa España 2023 - 2a Prueba Bloque - 2a Prueba Velocidad - Cuenca,FEDME,Regional / local,Senior / Open,FED:FEDME,direct federation-level evidence,True,False
2023-05-22,Youth Lead National Championships,CEC,National championship youth,Youth,FED:CEC:YOUTH,direct federation-level evidence,True,False
2023-05-27,3. Deutscher Jugendcup (L) 2023 - Heilbronn,DIGITALROCK,Regional / local youth,Youth,SHARED_BRIDGE_ONLY,valid shared-skill evidence without a governed direct target-head label,True,False
2023-05-27,Campionato Italiano (L),FASI,National championship,Senior / Open,FED:FASI,direct federation-level evidence,True,False
2023-05-27,Coppa Italia 3° prova (S),FASI,National series,Senior / Open,FED:FASI,direct federation-level evidence,True,False
2023-05-27,IFSC European Cup Loverval 2023,IFSC,Continental series,Senior / Open,IFSC_REG:EUROPE,direct IFSC regional/continental evidence,True,False
2023-05-28,4. Deutscher Jugendcup (S) 2023 - Heilbronn,DIGITALROCK,Regional / local youth,Youth,SHARED_BRIDGE_ONLY,valid shared-skill evidence without a governed direct target-head label,True,False
2023-06-02,Copa España 2023 - 3a Prueba Bloque - 3a Prueba Velocidad - Madrid,FEDME,Regional / local,Senior / Open,FED:FEDME,direct federation-level evidence,True,False
2023-06-02,IFSC World Cup Prague 2023,IFSC,World series,Senior / Open,WC,direct adult World series/World championship evidence,True,False
2023-06-08,"IFSC Europe - Continental Youth Championship (B,S) - Duisburg (GER) 2023",IFSC,Continental championship youth,Youth,IFSC_REG:EUROPE:YOUTH,direct IFSC regional/continental evidence,True,False
2023-06-09,IFSC World Cup Brixen 2023,IFSC,World series,Senior / Open,WC,direct adult World series/World championship evidence,True,False
2023-06-12,IFSC European Cup Innsbruck 2023,IFSC,Continental series,Senior / Open,IFSC_REG:EUROPE,direct IFSC regional/continental evidence,True,False
2023-06-14,IFSC World Cup Innsbruck 2023,IFSC,World series,Senior / Open,WC,direct adult World series/World championship evidence,True,False
2023-06-17,Nominierungslehrgang  Lead / Jugend B zur Bayerischen Meisterschaft  - Kletterzentrum LLZ Augsburg,DIGITALROCK,Regional / local youth,Youth,SHARED_BRIDGE_ONLY,valid shared-skill evidence without a governed direct target-head label,True,False
2023-06-17,Offene Sächsische Meisterschaft Bouldern,DIGITALROCK,Regional / local youth,Youth,SHARED_BRIDGE_ONLY,valid shared-skill evidence without a governed direct target-head label,True,False
2023-06-17,Coppa Italia 4° prova (S),FASI,National series,Senior / Open,FED:FASI,direct federation-level evidence,True,False
2023-06-17,IFSC Europe - Continental Youth Cup (L) - Niederwangen (SUI) 2023,IFSC,Continental series youth,Youth,IFSC_REG:EUROPE:YOUTH,direct IFSC regional/continental evidence,True,False
2023-06-24,2. Bayerischer Speed-Cup Jugend A - D_ DAV Kletterzentrum Erlangen ,DIGITALROCK,Regional / local youth,Youth,SHARED_BRIDGE_ONLY,valid shared-skill evidence without a governed direct target-head label,True,False
2023-06-24,Baden-Württembergischer Jugendcup 23 Lead - Freiburg,DIGITALROCK,Regional / local youth,Youth,SHARED_BRIDGE_ONLY,valid shared-skill evidence without a governed direct target-head label,True,False
2023-06-24,Nominierungslehrgang  Lead / Jugend B zur Bayerischen Meisterschaft  - Kletterzentrum Erlangen ,DIGITALROCK,Regional / local youth,Youth,SHARED_BRIDGE_ONLY,valid shared-skill evidence without a governed direct target-head label,True,False
2023-06-24,IFSC Europe - Continental Youth Cup (L) - St. Pierre en Faucigny (FRA) 2023,IFSC,Continental series youth,Youth,IFSC_REG:EUROPE:YOUTH,direct IFSC regional/continental evidence,True,False
2023-06-30,"IFSC Europe - Continental Youth Cup (L,S) - Imst (AUT) 2023",IFSC,Continental series youth,Youth,IFSC_REG:EUROPE:YOUTH,direct IFSC regional/continental evidence,True,False
2023-06-30,IFSC World Cup Villars 2023,IFSC,World series,Senior / Open,WC,direct adult World series/World championship evidence,True,False
2023-07-01,Kids Cup Lead Region Nord-Ost-Bayern offen für Oberbayern - Kletterzentrum Regensburg,DIGITALROCK,Regional / local youth,Youth,SHARED_BRIDGE_ONLY,valid shared-skill evidence without a governed direct target-head label,True,False
2023-07-07,IFSC World Cup Chamonix 2023,IFSC,World series,Senior / Open,WC,direct adult World series/World championship evidence,True,False
2023-07-08,NACS Bouldering,CEC,Continental / cross-border,Senior / Open,NACS,direct NACS evidence,True,False
2023-07-08,IFSC Asia - Continental Youth Cup (S) - Singapore (SGP) 2023,IFSC,Continental series youth,Youth,IFSC_REG:ASIA:YOUTH,direct IFSC regional/continental evidence,True,False
2023-07-14,IFSC World Cup Briançon 2023,IFSC,World series,Senior / Open,WC,direct adult World series/World championship evidence,True,False
2023-07-15,Baden-Württembergischer Jugendcup 23 Lead - Offenburg,DIGITALROCK,Regional / local youth,Youth,SHARED_BRIDGE_ONLY,valid shared-skill evidence without a governed direct target-head label,True,False
2023-07-15,Kids Cup Lead Region Schwaben offen für Nord-Ost-Bayern - Alpinzentrum swoboda alpin Kempten ,DIGITALROCK,Regional / local youth,Youth,SHARED_BRIDGE_ONLY,valid shared-skill evidence without a governed direct target-head label,True,False
2023-07-15,"Offene Rheinland-Pfalz Meisterschaft Lead, Pfalz Rock Frankenthal",DIGITALROCK,Regional / local youth,Youth,SHARED_BRIDGE_ONLY,valid shared-skill evidence without a governed direct target-head label,True,False
2023-07-15,SAC Swiss Climbing Cup 2023 (S) - U18/Elite - Grimper.ch Villeneuve,SAC-CAS,National series,Senior / Open,FED:SAC-CAS,direct federation-level evidence,True,False
2023-07-21,IFSC European Cup Žilina 2023,IFSC,Continental series,Senior / Open,IFSC_REG:EUROPE,direct IFSC regional/continental evidence,True,False
2023-07-22, Bayerische Meisterschaft Lead Jugend B und A  - DAV Kletterzentrum Deggendorf ,DIGITALROCK,Regional / local youth,Youth,SHARED_BRIDGE_ONLY,valid shared-skill evidence without a governed direct target-head label,True,False
2023-07-22,Baden-Württembergischer Jugendcup 23 Speed Mannheim,DIGITALROCK,Regional / local youth,Youth,SHARED_BRIDGE_ONLY,valid shared-skill evidence without a governed direct target-head label,True,False
2023-07-22,Campionato Italiano (B),FASI,National championship,Senior / Open,FED:FASI,direct federation-level evidence,True,False
2023-07-29,Coppa Italia 2° prova (L) 5° prova (S),FASI,National series,Senior / Open,FED:FASI,direct federation-level evidence,True,False
2023-08-01,IFSC World Championships Bern 2023,IFSC,World major,Senior / Open,WC,direct adult World series/World championship evidence,True,False
2023-08-18,IFSC Youth World Championships Seoul 2023,IFSC,World major youth,Youth,IFSC_WORLD_YOUTH,"direct Youth World evidence; transition context, not adult WC evidence",True,False
2023-08-19,Zürcher Klettermeisterschaft 2023 (Lead) - 6a plus Winterthur,SAC-CAS,Regional / local,Senior / Open,FED:SAC-CAS,direct federation-level evidence,True,False
2023-08-26,Speed-Schweizermeisterschaften 2023 U18/Elite im Rahmen des SAC Swiss Climbing Cup - Kletterzentrum Gaswerk Wädenswil,SAC-CAS,National championship,Senior / Open,FED:SAC-CAS,direct federation-level evidence,True,False
2023-09-02,Norddeutsche Meisterschaft Lead im Kletterzentrum Bremen,DIGITALROCK,National championship youth,Youth,SHARED_BRIDGE_ONLY,valid shared-skill evidence without a governed direct target-head label,True,False
2023-09-02,IFSC European Cup Bologna 2023,IFSC,Continental series,Senior / Open,IFSC_REG:EUROPE,direct IFSC regional/continental evidence,True,False
2023-09-08,NACS - Richmond,CEC,Continental / cross-border,Senior / Open,NACS,direct NACS evidence,True,False
2023-09-08,IFSC World Cup Koper 2023,IFSC,World series,Senior / Open,WC,direct adult World series/World championship evidence,True,False
2023-09-09,Offene Hessische Leadmeisterschaft in Wetzlar,DIGITALROCK,Regional / local youth,Youth,SHARED_BRIDGE_ONLY,valid shared-skill evidence without a governed direct target-head label,True,False
2023-09-09,Copa España 2023 - 1a Prueba Dificultad - Getafe,FEDME,Regional / local,Senior / Open,FED:FEDME,direct federation-level evidence,True,False
2023-09-15,IFSC Europe - Youth Championship - Helsinki (FIN) 2023,IFSC,Continental championship youth,Youth,IFSC_REG:EUROPE:YOUTH,direct IFSC regional/continental evidence,True,False
2023-09-15,IFSC European Qualifier Rome 2023,IFSC,Continental series,Senior / Open,IFSC_REG:EUROPE,direct IFSC regional/continental evidence,True,False
2023-09-16,Sächsische/Berliner Jugendmeisterschaft Lead,DIGITALROCK,Regional / local youth,Youth,SHARED_BRIDGE_ONLY,valid shared-skill evidence without a governed direct target-head label,True,False
2023-09-16,Sächsische/Berliner Meisterschaft Speed,DIGITALROCK,Regional / local youth,Youth,SHARED_BRIDGE_ONLY,valid shared-skill evidence without a governed direct target-head label,True,False
2023-09-16,SAC Swiss Climbing Cup 2023 (L) - U18/Elite - Griffig Uster,SAC-CAS,National series,Senior / Open,FED:SAC-CAS,direct federation-level evidence,True,False
2023-09-22,IFSC World Cup Wujiang 2023,IFSC,World series,Senior / Open,WC,direct adult World series/World championship evidence,True,False
2023-09-23,Coppa Italia 4° prova (B),FASI,National series,Senior / Open,FED:FASI,direct federation-level evidence,True,False
2023-09-23,Asian Games Hangzhou 2022,IFSC,Continental series youth,Youth,IFSC_REG:ASIA:YOUTH,direct IFSC regional/continental evidence,True,False
2023-09-24,IFSC Europe - Continental Youth Cup (S) - Hamburg (GER) 2023,IFSC,Continental series youth,Youth,IFSC_REG:EUROPE:YOUTH,direct IFSC regional/continental evidence,True,False
2023-09-30,5. Deutscher Jugendcup (S) 2023 - Leipzig,DIGITALROCK,Regional / local youth,Youth,SHARED_BRIDGE_ONLY,valid shared-skill evidence without a governed direct target-head label,True,False
2023-09-30,5. Deutscher Jugendcup (S) 2023 - Leipzig - Tageswertung Jugend B,DIGITALROCK,Regional / local youth,Youth,SHARED_BRIDGE_ONLY,valid shared-skill evidence without a governed direct target-head label,True,False
2023-09-30,Coppa Italia 3° prova (L),FASI,National series,Senior / Open,FED:FASI,direct federation-level evidence,True,False
2023-09-30,Copa España 2023 - 2a Prueba Dificultad - Torrejón,FEDME,Regional / local,Senior / Open,FED:FEDME,direct federation-level evidence,True,False
2023-10-01,6. Deutscher Jugendcup (L) 2023 - Leipzig,DIGITALROCK,Regional / local youth,Youth,SHARED_BRIDGE_ONLY,valid shared-skill evidence without a governed direct target-head label,True,False
2023-10-01,6. Deutscher Jugendcup (L) 2023 - Leipzig - Tageswertung Jugend B,DIGITALROCK,Regional / local youth,Youth,SHARED_BRIDGE_ONLY,valid shared-skill evidence without a governed direct target-head label,True,False
2023-10-07,Campionato Italiano (S),FASI,National championship,Senior / Open,FED:FASI,direct federation-level evidence,True,False
2023-10-08,Rose Bloc Championship - Sélection Provincial Sénior de Bloc,CEC,Regional / local,Senior / Open,FED:CEC,direct federation-level evidence,True,False
2023-10-14,Copa España 2023 - 3a Prueba Dificultad - Vilanova,FEDME,Regional / local,Senior / Open,FED:FEDME,direct federation-level evidence,True,False
2023-10-14,Lead-Schweizermeisterschaften 2023 U18/Elite im Rahmen des SAC Swiss Climbing Cup - Grimper.ch Meyrin-Satigny,SAC-CAS,National championship,Senior / Open,FED:SAC-CAS,direct federation-level evidence,True,False
2023-10-18,"IFSC Asia - Continental Youth Championships (B, S, L, B&L) - Chongqing (CHN) 2023",IFSC,Continental championship youth,Youth,IFSC_REG:ASIA:YOUTH,direct IFSC regional/continental evidence,True,False
2023-10-20,Pan American Games Santiago 2023,IFSC,Continental series,Senior / Open,IFSC_REG:PAN_AMERICA,direct IFSC regional/continental evidence,True,False
2023-10-22,Emilia Romagna Campionato Regionale 1° prova (B),FASI,Regional / local,Senior / Open,FED:FASI,direct federation-level evidence,True,False
2023-11-03,Campeonato España Dificultad y Paraescalada 2023 - Getafe,FEDME,Regional / local,Senior / Open,FED:FEDME,direct federation-level evidence,True,False
2023-11-04,Norddeutsche Jugendmeisterschaft Bouldern in der Tabakfabrik in Bremen,DIGITALROCK,Regional / local youth,Youth,SHARED_BRIDGE_ONLY,valid shared-skill evidence without a governed direct target-head label,True,False
2023-11-05,Open Boulder Provincials,CEC,Regional / local youth,Youth,FED:CEC:YOUTH,direct federation-level evidence,True,False
2023-11-05,Emilia Romagna Campionato Regionale 2° prova (B),FASI,Regional / local,Senior / Open,FED:FASI,direct federation-level evidence,True,False
2023-11-05,Lombardia Campionato Regionale 1° prova (B),FASI,Regional / local,Senior / Open,FED:FASI,direct federation-level evidence,True,False
2023-11-09,IFSC Asian Qualifier Jakarta 2023,IFSC,Continental series,Senior / Open,IFSC_REG:ASIA,direct IFSC regional/continental evidence,True,False
2023-11-11,ACA Senior LEAD Provincials,CEC,Regional / local youth,Youth,FED:CEC:YOUTH,direct federation-level evidence,True,False
2023-11-11,Campeonato España Bloque y Velocidad 2023 - Cáceres,FEDME,Regional / local,Senior / Open,FED:FEDME,direct federation-level evidence,True,False
2023-11-12,Toscana 1° prova di qualifica U20 Senior (B),FASI,Regional / local,Youth,FED:FASI:YOUTH,direct federation-level evidence,True,False
2023-11-18,Zürcher Klettermeisterschaft 2023 (Boulder) - Minimum Zürich - new date!,SAC-CAS,Regional / local,Senior / Open,FED:SAC-CAS,direct federation-level evidence,True,False
2023-11-19,Liguria campionato regionale 1° prova (B),FASI,Regional / local,Senior / Open,FED:FASI,direct federation-level evidence,True,False
2023-11-19,Macro Sud Campionato Regionale (L),FASI,Regional / local,Senior / Open,FED:FASI,direct federation-level evidence,True,False
2023-11-22,NEOM IFSC Masters 2023,IFSC,International other,Senior / Open,SHARED_BRIDGE_ONLY,valid shared-skill evidence without a governed direct target-head label,True,False
2023-11-23,2023/24 Open Boulder and Lead Nationals,CEC,National championship,Senior / Open,FED:CEC,direct federation-level evidence,True,False
2023-11-24,IFSC Oceania Qualifier Melbourne 2023,IFSC,Continental series,Senior / Open,IFSC_REG:OCEANIA,direct IFSC regional/continental evidence,True,False
2023-11-26,Emilia Romagna Campionato Regionale  3° prova (B),FASI,Regional / local,Senior / Open,FED:FASI,direct federation-level evidence,True,False
2023-11-26,Sardegna Campionato Regionale 1° prova (B),FASI,Regional / local,Senior / Open,FED:FASI,direct federation-level evidence,True,False
2023-12-01,IFSC South American Cup Curitiba 2023,IFSC,International other,Senior / Open,SHARED_BRIDGE_ONLY,valid shared-skill evidence without a governed direct target-head label,True,False
2023-12-02,6. Stadtmeisterschaft Lead im Kletterzentrum Darmstadt,DIGITALROCK,Regional / local,Senior / Open,SHARED_BRIDGE_ONLY,valid shared-skill evidence without a governed direct target-head label,True,False
2023-12-03,Basilicata 4° prova Campionato Regionale (B),FASI,Regional / local,Senior / Open,FED:FASI,direct federation-level evidence,True,False
2023-12-03,Macro Sud 4° prova Campionato Regionale (B),FASI,Regional / local,Senior / Open,FED:FASI,direct federation-level evidence,True,False
2023-12-03,Puglia 4°prova Campionato Regionale (B),FASI,Regional / local,Senior / Open,FED:FASI,direct federation-level evidence,True,False
2023-12-03,Toscana 2° prova di qualifica U20 Senior (B),FASI,Regional / local,Youth,FED:FASI:YOUTH,direct federation-level evidence,True,False
2023-12-07,IFSC African Qualifier Pretoria 2023,IFSC,Continental series,Senior / Open,IFSC_REG:AFRICA,direct IFSC regional/continental evidence,True,False
2023-12-09,ACA Youth BOULDERING Local (Jr/A/B),CEC,Regional / local youth,Youth,FED:CEC:YOUTH,direct federation-level evidence,True,False
2023-12-12,IFSC Asian Cup Riyadh 2023,IFSC,Continental series,Senior / Open,IFSC_REG:ASIA,direct IFSC regional/continental evidence,True,False
2023-12-15,IFSC South American Cup Mar del Plata 2023,IFSC,International other,Senior / Open,SHARED_BRIDGE_ONLY,valid shared-skill evidence without a governed direct target-head label,True,False
2023-12-17,Lazio 1ª prova U14/16/18/20  (B),FASI,Regional / local,Senior / Open,FED:FASI,direct federation-level evidence,True,False
2023-12-17,Liguria campionato regionale 2° prova (B),FASI,Regional / local,Senior / Open,FED:FASI,direct federation-level evidence,True,False
2023-12-23,Abruzzo-Molise 1° prova di qualifica U20 Senior (B),FASI,Regional / local,Youth,FED:FASI:YOUTH,direct federation-level evidence,True,False
2024-01-01,Abruzzo-Molise 1° prova di qualifica U12-U20 Senior(B),FASI,Regional / local,Youth,FED:FASI:YOUTH,direct federation-level evidence,True,False
2024-01-01,Liguria Campionato Regionale 1° prova (B),FASI,Regional / local,Senior / Open,FED:FASI,direct federation-level evidence,True,False
2024-01-01,Lombardia Campionato Regionale 1° prova (B),FASI,Regional / local,Senior / Open,FED:FASI,direct federation-level evidence,True,False
2024-01-01,Sardegna Campionato Regionale 1° prova (B),FASI,Regional / local,Senior / Open,FED:FASI,direct federation-level evidence,True,False
2024-01-01,Toscana 1° prova di qualifica U14 U20 Senior (B),FASI,Regional / local,Youth,FED:FASI:YOUTH,direct federation-level evidence,True,False
2024-01-02,Liguria Campionato Regionale 2° prova (B),FASI,Regional / local,Senior / Open,FED:FASI,direct federation-level evidence,True,False
2024-01-02,Toscana 2° prova di qualifica U14 U20  Senior (B),FASI,Regional / local,Youth,FED:FASI:YOUTH,direct federation-level evidence,True,False
2024-01-06,FVG 1° prova di qualifica U16-20 Senior (B),FASI,Regional / local,Senior / Open,FED:FASI,direct federation-level evidence,True,False
2024-01-13,ACA Youth LEAD Local - Elevation Place,CEC,Regional / local youth,Youth,FED:CEC:YOUTH,direct federation-level evidence,True,False
2024-01-20,ACA Youth BOULDERING Local (C/D) (pilot for A/B) - Coulee,CEC,Regional / local youth,Youth,FED:CEC:YOUTH,direct federation-level evidence,True,False
2024-01-20,Hidden TEST Event (VL),CEC,Regional / local,Senior / Open,QUARANTINE,event name is explicitly labelled TEST,True,False
2024-01-21,Emilia-Romagna Campionato Regionale 1° prova (L),FASI,Regional / local,Senior / Open,FED:FASI,direct federation-level evidence,True,False
2024-01-21,Lazio 2ª prova di qualifica U16/18/20 - 1ª prova Senior  (B),FASI,Regional / local,Senior / Open,FED:FASI,direct federation-level evidence,True,False
2024-01-21,Lombardia Campionato Regionale 2° prova (B),FASI,Regional / local,Senior / Open,FED:FASI,direct federation-level evidence,True,False
2024-01-21,Macro NO 1° prova di qualifica U18-20 Senior 1° prova (B),FASI,Regional / local,Senior / Open,FED:FASI,direct federation-level evidence,True,False
2024-01-21,Toscana 3° prova di qualifica U20 Senior (B),FASI,Regional / local,Youth,FED:FASI:YOUTH,direct federation-level evidence,True,False
2024-01-21,Valle d'Aosta Campionato Regionale 1° Prova (B),FASI,Regional / local,Senior / Open,FED:FASI,direct federation-level evidence,True,False
2024-01-27,Marche 1° prova di qualifica U14 U20 Senior(B),FASI,Regional / local,Youth,FED:FASI:YOUTH,direct federation-level evidence,True,False
2024-01-28,Liguria Campionato Regionale 3° prova (B),FASI,Regional / local,Senior / Open,FED:FASI,direct federation-level evidence,True,False
2024-02-03,ACA Youth LEAD Local - CCC Hanger,CEC,Regional / local youth,Youth,FED:CEC:YOUTH,direct federation-level evidence,True,False
2024-02-03,Offene Hessische Bouldermeisterschaft Kassel,DIGITALROCK,Regional / local youth,Youth,SHARED_BRIDGE_ONLY,valid shared-skill evidence without a governed direct target-head label,True,False
2024-02-03,Qualifikationslehrgang Jugend B Bouldern - Kletterhalle Freimann/ Sektion USC,DIGITALROCK,Regional / local youth,Youth,SHARED_BRIDGE_ONLY,valid shared-skill evidence without a governed direct target-head label,True,False
2024-02-03,TAA Campionato Regionale (B),FASI,Regional / local,Senior / Open,FED:FASI,direct federation-level evidence,True,False
2024-02-04,ACA Youth SPEED Provincials - CCC Rocky Mountain,CEC,Regional / local,Youth,FED:CEC:YOUTH,direct federation-level evidence,True,False
2024-02-04,ACA Youth SPEED Provincials - CCC Rocky Mountain,CEC,Regional / local youth,Youth,FED:CEC:YOUTH,direct federation-level evidence,True,False
2024-02-04,Abruzzo-Molise 3° prova di qualifica U20 Senior (B),FASI,Regional / local,Youth,FED:FASI:YOUTH,direct federation-level evidence,True,False
2024-02-04,Emilia-Romagna Campionato Regionale 2° prova (L),FASI,Regional / local,Senior / Open,FED:FASI,direct federation-level evidence,True,False
2024-02-04,Lazio 3ª prova di qualifica U20 - 2ª prova Senior (B),FASI,Regional / local,Youth,FED:FASI:YOUTH,direct federation-level evidence,True,False
2024-02-04,Marche 2° prova di qualifica U20 Senior (B),FASI,Regional / local,Youth,FED:FASI:YOUTH,direct federation-level evidence,True,False
2024-02-04,Piemonte Campionato Regionale 2° prova (B),FASI,Regional / local,Senior / Open,FED:FASI,direct federation-level evidence,True,False
2024-02-04,Sardegna 2° prova di qualifica U20 Senior (B),FASI,Regional / local,Youth,FED:FASI:YOUTH,direct federation-level evidence,True,False
2024-02-04,Toscana Campionato Regionale (L),FASI,Regional / local,Senior / Open,FED:FASI,direct federation-level evidence,True,False
2024-02-04,Valle d'Aosta Campionato Regionale 2° Prova (B),FASI,Regional / local,Senior / Open,FED:FASI,direct federation-level evidence,True,False
2024-02-04,Veneto 2° prova di qualifica U20 Senior (B),FASI,Regional / local,Youth,FED:FASI:YOUTH,direct federation-level evidence,True,False
2024-02-10,Coppa Italia 1° prova (B),FASI,National series,Senior / Open,FED:FASI,direct federation-level evidence,True,False
2024-02-17,Speed Nationals,CEC,National championship,Senior / Open,FED:CEC,direct federation-level evidence,True,False
2024-02-17,Speed Nationals,CEC,National championship youth,Youth,FED:CEC:YOUTH,direct federation-level evidence,True,False
2024-02-17,Test Event VL,CEC,Regional / local,Senior / Open,QUARANTINE,event name is explicitly labelled TEST,True,False
2024-02-17,Coppa Italia 1° prova (S),FASI,National series,Senior / Open,FED:FASI,direct federation-level evidence,True,False
2024-02-18,FVG 3° prova di qualifica U18-20 Senior (B),FASI,Regional / local,Senior / Open,FED:FASI,direct federation-level evidence,True,False
2024-02-18,Lombardia 3° prova di qualifica U18-U20 Campionato Regionale 1° prova (L),FASI,Regional / local,Youth,FED:FASI:YOUTH,direct federation-level evidence,True,False
2024-02-18,Macro NO 2° U20 - Senior 1° (L),FASI,Regional / local,Youth,FED:FASI:YOUTH,direct federation-level evidence,True,False
2024-02-18,Sicilia 1° prova di qualifica U14 U20 . campionato Regionale (S),FASI,Regional / local,Youth,FED:FASI:YOUTH,direct federation-level evidence,True,False
2024-02-18,Valle d'Aosta Campionato regionale 1° prova (L),FASI,Regional / local,Senior / Open,FED:FASI,direct federation-level evidence,True,False
2024-02-18,Veneto 2° prova di qualifica U14 3° prova U20 Campionato Regionale (S),FASI,Regional / local,Youth,FED:FASI:YOUTH,direct federation-level evidence,True,False
2024-02-22,HP Comp,CEC,Regional / local,Senior / Open,FED:CEC,direct federation-level evidence,True,False
2024-02-24,ACA Youth BOULDERING Local (Jr/A/B) - Blocs,CEC,Regional / local youth,Youth,FED:CEC:YOUTH,direct federation-level evidence,True,False
2024-02-24,Coppa Italia 2° prova (B),FASI,National series,Senior / Open,FED:FASI,direct federation-level evidence,True,False
2024-03-02,ACA Youth BOULDERING Local (C/D) - Trailhead,CEC,Regional / local youth,Youth,FED:CEC:YOUTH,direct federation-level evidence,True,False
2024-03-02,1. Deutscher Jugendcup (B) 2024 - Düsseldorf,DIGITALROCK,Regional / local youth,Youth,SHARED_BRIDGE_ONLY,valid shared-skill evidence without a governed direct target-head label,True,False
2024-03-02,Sicilia 2° prova di qualifica U14 U20. campionato Regionale (B),FASI,Regional / local,Youth,FED:FASI:YOUTH,direct federation-level evidence,True,False
2024-03-02,TAA Campionato Regionale (L),FASI,Regional / local,Senior / Open,FED:FASI,direct federation-level evidence,True,False
2024-03-03,Trial nazionale Boulder,FASI,Regional / local,Senior / Open,FED:FASI,direct federation-level evidence,True,False
2024-03-09,Qualifikationslehrgang Jugend B Bouldern / Trainingslehrgang Jungend A - DAV Boulderhalle Bayreuth ,DIGITALROCK,Regional / local youth,Youth,SHARED_BRIDGE_ONLY,valid shared-skill evidence without a governed direct target-head label,True,False
2024-03-09,Coppa Italia 3° prova (B),FASI,National series,Senior / Open,FED:FASI,direct federation-level evidence,True,False
2024-03-09,Trial U16 2° prova (B),FASI,Regional / local,Senior / Open,FED:FASI,direct federation-level evidence,True,False
2024-03-09,SAC Swiss Climbing Cup 2024 (B) - Spinnerei Indoor Ibach,SAC-CAS,National series,Senior / Open,FED:SAC-CAS,direct federation-level evidence,True,False
2024-03-10,Kids Cup Bouldern Region Nord-Ost-Bayern offen für Oberbayern - Kletterzentrum Bayreuth ,DIGITALROCK,Regional / local youth,Youth,SHARED_BRIDGE_ONLY,valid shared-skill evidence without a governed direct target-head label,True,False
2024-03-10,FVG 3° prova di qualifica U14-U20 Senior (L),FASI,Regional / local,Youth,FED:FASI:YOUTH,direct federation-level evidence,True,False
2024-03-16,2. Deutscher Jugendcup (B) 2024 - Stuttgart,DIGITALROCK,Regional / local youth,Youth,SHARED_BRIDGE_ONLY,valid shared-skill evidence without a governed direct target-head label,True,False
2024-03-16,Veneto 4° prova di qualifica U20 Campionato Regionale (L),FASI,Regional / local,Youth,FED:FASI:YOUTH,direct federation-level evidence,True,False
2024-03-16,IFSC European Cup Lublin 2024,IFSC,Continental series,Senior / Open,IFSC_REG:EUROPE,direct IFSC regional/continental evidence,True,False
2024-03-17,Lazio 1ª prova U20 Senior  (L),FASI,Regional / local,Youth,FED:FASI:YOUTH,direct federation-level evidence,True,False
2024-03-17,Liguria 4° prova di qualifica U20 1° prova Senior (L),FASI,Regional / local,Youth,FED:FASI:YOUTH,direct federation-level evidence,True,False
2024-03-17,Sardegna 3° prova di qualifica U20 Senior (L),FASI,Regional / local,Youth,FED:FASI:YOUTH,direct federation-level evidence,True,False
2024-03-17,Sicilia 3° prova di qualifica U20. Campionato Regionale (L),FASI,Regional / local,Youth,FED:FASI:YOUTH,direct federation-level evidence,True,False
2024-03-17,Toscana 5° prova di qualifica U20 Senior (B),FASI,Regional / local,Youth,FED:FASI:YOUTH,direct federation-level evidence,True,False
2024-03-17,IFSC Youth European Cup Lublin 2024,IFSC,Continental series youth,Youth,IFSC_REG:EUROPE:YOUTH,direct IFSC regional/continental evidence,True,False
2024-03-23,Campionato Italiano (B),FASI,National championship,Senior / Open,FED:FASI,direct federation-level evidence,True,False
2024-03-23,SAC Swiss Climbing Cup 2024 (B) - Boulder Arena Sursee,SAC-CAS,National series,Senior / Open,FED:SAC-CAS,direct federation-level evidence,True,False
2024-03-23,Sparta Fight Kids,VL-GLOBAL,Regional / local youth,Youth,SHARED_BRIDGE_ONLY,valid shared-skill evidence without a governed direct target-head label,True,False
2024-03-24,Emilia-Romagna Campionato Regionale 3° prova (L),FASI,Regional / local,Senior / Open,FED:FASI,direct federation-level evidence,True,False
2024-03-24,Macro NO 4° prova di qualifica U20 Senior 1° prova (S),FASI,Regional / local,Youth,FED:FASI:YOUTH,direct federation-level evidence,True,False
2024-03-24,Macro NO 5° prova di qualifica U14 (S),FASI,Regional / local,Senior / Open,FED:FASI,direct federation-level evidence,True,False
2024-04-05,IFSC Youth European Cup Curno 2024,IFSC,Continental series youth,Youth,IFSC_REG:EUROPE:YOUTH,direct IFSC regional/continental evidence,True,False
2024-04-06,ACA Youth BOULDERING Provincials - CCC,CEC,Regional / local youth,Youth,FED:CEC:YOUTH,direct federation-level evidence,True,False
2024-04-06,Marche prova di qualifica  2° U14 - 4° U20 Senior (B),FASI,Regional / local,Youth,FED:FASI:YOUTH,direct federation-level evidence,True,False
2024-04-07,Abruzzo-Molise 5° prova di qualifica U14 U20 Senior (S),FASI,Regional / local,Youth,FED:FASI:YOUTH,direct federation-level evidence,True,False
2024-04-07,Macro NO 5° prova di qualifica U20 Senior 2° prova (L),FASI,Regional / local,Youth,FED:FASI:YOUTH,direct federation-level evidence,True,False
2024-04-07,Valle d'Aosta Campionato Regionale 2° prova (L),FASI,Regional / local,Senior / Open,FED:FASI,direct federation-level evidence,True,False
2024-04-08,IFSC World Cup Keqiao 2024,IFSC,World series,Senior / Open,WC,direct adult World series/World championship evidence,True,False
2024-04-12,IFSC World Cup Wujiang 2024,IFSC,World series,Senior / Open,WC,direct adult World series/World championship evidence,True,False
2024-04-13, Bayerische Meisterschaft Bouldern Jugend B und A/Junioren*innen - DAV Boulderzentrum Thalkirchen ,DIGITALROCK,Regional / local youth,Youth,SHARED_BRIDGE_ONLY,valid shared-skill evidence without a governed direct target-head label,True,False
2024-04-13,BWJC Bouldern Heilbronn,DIGITALROCK,Regional / local youth,Youth,SHARED_BRIDGE_ONLY,valid shared-skill evidence without a governed direct target-head label,True,False
2024-04-13,Offene Nord-Ostdeutsche Meisterschaft Speed,DIGITALROCK,National championship youth,Youth,SHARED_BRIDGE_ONLY,valid shared-skill evidence without a governed direct target-head label,True,False
2024-04-13,offene NRW-Landesmeisterschaft Bouldern 2024 | Prisma - Wuppertal,DIGITALROCK,Regional / local youth,Youth,SHARED_BRIDGE_ONLY,valid shared-skill evidence without a governed direct target-head label,True,False
2024-04-13,Lazio 2ª prova U20 Senior (L),FASI,Regional / local,Youth,FED:FASI:YOUTH,direct federation-level evidence,True,False
2024-04-13,Copa España 2024 - 1a Prueba Bloque - 1a Prueba Velocidad,FEDME,Regional / local,Senior / Open,FED:FEDME,direct federation-level evidence,True,False
2024-04-14,Lazio 1ª prova U14 U20 Senior (S),FASI,Regional / local,Youth,FED:FASI:YOUTH,direct federation-level evidence,True,False
2024-04-14,Liguria 5° prova di qualifica U20 2° prova Senior (L),FASI,Regional / local,Youth,FED:FASI:YOUTH,direct federation-level evidence,True,False
2024-04-14,Lombardia 4° prova di qualifica U18-U20 Campionato Regionale 2° prova (L),FASI,Regional / local,Youth,FED:FASI:YOUTH,direct federation-level evidence,True,False
2024-04-20,Youth Eastern Regionals 23/24,CEC,Regional / local youth,Youth,FED:CEC:YOUTH,direct federation-level evidence,True,False
2024-04-20,Youth Western Regionals 23/24,CEC,Regional / local youth,Youth,FED:CEC:YOUTH,direct federation-level evidence,True,False
2024-04-20,Sicilia 5° prova di qualifica U14 U20 Senior (B),FASI,Regional / local,Youth,FED:FASI:YOUTH,direct federation-level evidence,True,False
2024-04-20,IFSC Youth European Cup Soure 2024,IFSC,Continental series youth,Youth,IFSC_REG:EUROPE:YOUTH,direct IFSC regional/continental evidence,True,False
2024-04-21,Abruzzo-Molise 6° prova di qualifica U14 U20 Senior (L),FASI,Regional / local,Youth,FED:FASI:YOUTH,direct federation-level evidence,True,False
2024-04-21,Macro NO  qualifica U14 - U20 Senior 2° prova (S),FASI,Regional / local,Youth,FED:FASI:YOUTH,direct federation-level evidence,True,False
2024-04-24,"NACS Training Center (B,L,S)",USAC,Continental / cross-border,Senior / Open,NACS,direct NACS evidence,True,False
2024-04-26,IFSC European Cup Klagenfurt 2024,IFSC,Continental series,Senior / Open,IFSC_REG:EUROPE,direct IFSC regional/continental evidence,True,False
2024-04-27,Kids Cup Lead Region Schwaben offen für Nord-Ost-Bayern - Kletterzentrum Augsburg ,DIGITALROCK,Regional / local youth,Youth,SHARED_BRIDGE_ONLY,valid shared-skill evidence without a governed direct target-head label,True,False
2024-04-27,Offene RLP Meisterschaft Bouldern RockTown Kaiserslautern,DIGITALROCK,Regional / local youth,Youth,SHARED_BRIDGE_ONLY,valid shared-skill evidence without a governed direct target-head label,True,False
2024-04-27,Coppa Italia 2° prova (S) 1° prova (L),FASI,National series,Senior / Open,FED:FASI,direct federation-level evidence,True,False
2024-04-28, 1. Bayerischer Speed Cup/ Kids Cup Jugend D bis A/Junioren*innen im DAV Kletterzentrum Augsburg ,DIGITALROCK,Regional / local youth,Youth,SHARED_BRIDGE_ONLY,valid shared-skill evidence without a governed direct target-head label,True,False
2024-05-03,IFSC World Cup Salt Lake City 2024,IFSC,World series,Senior / Open,WC,direct adult World series/World championship evidence,True,False
2024-05-03,IFSC Youth European Cup Graz 2024,IFSC,Continental series youth,Youth,IFSC_REG:EUROPE:YOUTH,direct IFSC regional/continental evidence,True,False
2024-05-04,ACA Youth LEAD Provincials - U of A,CEC,Regional / local youth,Youth,FED:CEC:YOUTH,direct federation-level evidence,True,False
2024-05-04,Kids Cup Bouldern Region Oberbayern offen für Schwaben -  DAV Kletterzentrum Freimann/ Sektion USC ,DIGITALROCK,Regional / local youth,Youth,SHARED_BRIDGE_ONLY,valid shared-skill evidence without a governed direct target-head label,True,False
2024-05-04,Offene Sächsische/Berliner Meisterschaft Bouldern,DIGITALROCK,Regional / local youth,Youth,SHARED_BRIDGE_ONLY,valid shared-skill evidence without a governed direct target-head label,True,False
2024-05-05,Liguria 6° prova di qualifica U14 U20 (S),FASI,Regional / local,Youth,FED:FASI:YOUTH,direct federation-level evidence,True,False
2024-05-11,BWJC Bouldern - Boulderkitchen Freiburg,DIGITALROCK,Regional / local youth,Youth,SHARED_BRIDGE_ONLY,valid shared-skill evidence without a governed direct target-head label,True,False
2024-05-11,Coppa Italia 3° prova (S) 2° prova (L),FASI,National series,Senior / Open,FED:FASI,direct federation-level evidence,True,False
2024-05-12,Lazio 2ª prova U14 U20 Senior (S),FASI,Regional / local,Youth,FED:FASI:YOUTH,direct federation-level evidence,True,False
2024-05-12,Liguria 7° prova di qualifica U14 U20 (S),FASI,Regional / local,Youth,FED:FASI:YOUTH,direct federation-level evidence,True,False
2024-05-12,Lombardia Campionato Regionale (S),FASI,Regional / local,Senior / Open,FED:FASI,direct federation-level evidence,True,False
2024-05-16,Youth Boulder National Championships,CEC,National championship youth,Youth,FED:CEC:YOUTH,direct federation-level evidence,True,False
2024-05-16,Olympic Qualifier Series Shanghai 2024,IFSC,World major,Senior / Open,OLYM_SCENARIO_INPUT,"Olympic/OQS evidence informs an exact scenario, not a fitted head",True,False
2024-05-18,Kids Cup Bouldern Region Schwaben offen für Nord-Ost-Bayern - Boulderhalle Kraftwerk - Biesenhofen,DIGITALROCK,Regional / local youth,Youth,SHARED_BRIDGE_ONLY,valid shared-skill evidence without a governed direct target-head label,True,False
2024-05-19,Sicilia 6° prova di qualifica U20 Senior (L),FASI,Regional / local,Youth,FED:FASI:YOUTH,direct federation-level evidence,True,False
2024-05-20,Youth Lead National Championships,CEC,National championship youth,Youth,FED:CEC:YOUTH,direct federation-level evidence,True,False
2024-05-24,IFSC Youth European Cup Mezzolombardo 2024,IFSC,Continental series youth,Youth,IFSC_REG:EUROPE:YOUTH,direct IFSC regional/continental evidence,True,False
2024-05-25,Offene Hessische Speedmeisterschaft in Darmstadt,DIGITALROCK,Regional / local youth,Youth,SHARED_BRIDGE_ONLY,valid shared-skill evidence without a governed direct target-head label,True,False
2024-05-25,Offene NRW-Landesmeisterschaft Speed 2024 | Wupperwände - Wuppertal,DIGITALROCK,Regional / local youth,Youth,SHARED_BRIDGE_ONLY,valid shared-skill evidence without a governed direct target-head label,True,False
2024-05-25,Coppa Italia 3° prova (L),FASI,National series,Senior / Open,FED:FASI,direct federation-level evidence,True,False
2024-05-25,IFSC European Cup Mezzolombardo 2024,IFSC,Continental series,Senior / Open,IFSC_REG:EUROPE,direct IFSC regional/continental evidence,True,False
2024-05-25,Boulder-Schweizermeisterschaften 2024 im Rahmen des SAC Swiss Climbing Cup - Quadrel Domat/Ems,SAC-CAS,National championship,Senior / Open,FED:SAC-CAS,direct federation-level evidence,True,False
2024-05-25,Zürcher Klettermeisterschaft 2024 (Lead) - Griffig Uster,SAC-CAS,Regional / local,Senior / Open,FED:SAC-CAS,direct federation-level evidence,True,False
2024-05-25,10 Jahre Boulderplanet,VL-GLOBAL,Regional / local,Senior / Open,SHARED_BRIDGE_ONLY,valid shared-skill evidence without a governed direct target-head label,True,False
2024-06-01,1. Qualifikationslehrgang Jugend B Lead / Trainingslehrgang Jungend A - Bad-Windsheim,DIGITALROCK,Regional / local youth,Youth,SHARED_BRIDGE_ONLY,valid shared-skill evidence without a governed direct target-head label,True,False
2024-06-01,SAC Swiss & Youth Climbing Cup 2024 (S) - Grimper.ch Villeneuve,SAC-CAS,Regional / local,Youth,FED:SAC-CAS:YOUTH,direct federation-level evidence,True,False
2024-06-02, 2. Bayerischer Speed Cup/ Kids Cup Jugend D bis A/Junioren*innen im Kletterzentrum Bad-Windsheim ,DIGITALROCK,Regional / local youth,Youth,SHARED_BRIDGE_ONLY,valid shared-skill evidence without a governed direct target-head label,True,False
2024-06-06,NACS Vail (B),USAC,Continental / cross-border,Senior / Open,NACS,direct NACS evidence,True,False
2024-06-06,NACS Vail (B) TEST,USAC,Continental / cross-border,Senior / Open,QUARANTINE,event name is explicitly labelled TEST,True,False
2024-06-07,3. Deutscher Jugendcup (S) 2024 - Kaiserslautern,DIGITALROCK,Regional / local youth,Youth,SHARED_BRIDGE_ONLY,valid shared-skill evidence without a governed direct target-head label,True,False
2024-06-07,Olympic Format Training,FEDME,Regional / local,Senior / Open,FED:FEDME,direct federation-level evidence,True,False
2024-06-08,4. Deutscher Jugendcup (L) 2024 - Kaiserslautern,DIGITALROCK,Regional / local youth,Youth,SHARED_BRIDGE_ONLY,valid shared-skill evidence without a governed direct target-head label,True,False
2024-06-08,Compsimulation Lead Gaswerk Wädenswil U14 bis Elite,SAC-CAS,Regional / local,Senior / Open,FED:SAC-CAS,direct federation-level evidence,True,False
2024-06-12,Climbing District Arc'Teryx Takover,VL-GLOBAL,Regional / local,Senior / Open,SHARED_BRIDGE_ONLY,valid shared-skill evidence without a governed direct target-head label,True,False
2024-06-13,Campeonato de España 2024 de Dificultad,FEDME,National championship,Senior / Open,FED:FEDME,direct federation-level evidence,True,False
2024-06-13,Copa España 2024 - 1a Prueba Dificultad,FEDME,Regional / local,Senior / Open,FED:FEDME,direct federation-level evidence,True,False
2024-06-15,Kids Cup Lead Region Oberbayern offen für Schwaben- Kletterzentrum Berchtesgaden ,DIGITALROCK,Regional / local youth,Youth,SHARED_BRIDGE_ONLY,valid shared-skill evidence without a governed direct target-head label,True,False
2024-06-16,Campionato Italiano (S),FASI,National championship,Senior / Open,FED:FASI,direct federation-level evidence,True,False
2024-06-20,Olympic Qualifier Series Budapest 2024,IFSC,World major,Senior / Open,OLYM_SCENARIO_INPUT,"Olympic/OQS evidence informs an exact scenario, not a fitted head",True,False
2024-06-21,IFSC European Cup Augsburg 2024,IFSC,Continental series,Senior / Open,IFSC_REG:EUROPE,direct IFSC regional/continental evidence,True,False
2024-06-22,2024 NACS,CEC,Continental / cross-border,Senior / Open,NACS,direct NACS evidence,True,False
2024-06-24,IFSC European Cup Innsbruck 2024,IFSC,Continental series,Senior / Open,IFSC_REG:EUROPE,direct IFSC regional/continental evidence,True,False
2024-06-26,IFSC World Cup Innsbruck 2024,IFSC,World series,Senior / Open,WC,direct adult World series/World championship evidence,True,False
2024-06-29,2. Qualifikationslehrgang Lead-Jugend B zur Bayerischen Meisterschaft - Kletterzentrum Aschaffenburg,DIGITALROCK,Regional / local youth,Youth,SHARED_BRIDGE_ONLY,valid shared-skill evidence without a governed direct target-head label,True,False
2024-06-29,Coppa Italia 4° prova (S),FASI,National series,Senior / Open,FED:FASI,direct federation-level evidence,True,False
2024-06-29,Copa España 2024 - 2a Prueba Bloque - 2a Prueba Velocidad,FEDME,Regional / local,Senior / Open,FED:FEDME,direct federation-level evidence,True,False
2024-06-30,Kids Cup Lead Region Nord-Ost-Bayern offen für Oberbayern - Kletterzentrum Aschaffenburg ,DIGITALROCK,Regional / local youth,Youth,SHARED_BRIDGE_ONLY,valid shared-skill evidence without a governed direct target-head label,True,False
2024-07-06,Offene Hessische Leadmeisterschaft in Darmstadt Jugend (Region West),DIGITALROCK,Regional / local youth,Youth,SHARED_BRIDGE_ONLY,valid shared-skill evidence without a governed direct target-head label,True,False
2024-07-06,Campionato Italiano (L),FASI,National championship,Senior / Open,FED:FASI,direct federation-level evidence,True,False
2024-07-12,IFSC World Cup Chamonix 2024,IFSC,World series,Senior / Open,WC,direct adult World series/World championship evidence,True,False
2024-07-13,IFSC Youth European Cup Dornbirn 2024,IFSC,Continental series youth,Youth,IFSC_REG:EUROPE:YOUTH,direct IFSC regional/continental evidence,True,False
2024-07-17,IFSC World Cup Briançon 2024,IFSC,World series,Senior / Open,WC,direct adult World series/World championship evidence,True,False
2024-07-19,IFSC Youth European Cup Žilina 2024,IFSC,Continental series youth,Youth,IFSC_REG:EUROPE:YOUTH,direct IFSC regional/continental evidence,True,False
2024-07-20, Bayerische Meisterschaft Lead Jugend B und A/Junioren*innen - Bambule Nürnberg ,DIGITALROCK,Regional / local youth,Youth,SHARED_BRIDGE_ONLY,valid shared-skill evidence without a governed direct target-head label,True,False
2024-07-20,BW Open Speed Jugend C Bad Wimpfen,DIGITALROCK,Regional / local youth,Youth,SHARED_BRIDGE_ONLY,valid shared-skill evidence without a governed direct target-head label,True,False
2024-07-21,BWJC Speed Mannheim,DIGITALROCK,Regional / local youth,Youth,SHARED_BRIDGE_ONLY,valid shared-skill evidence without a governed direct target-head label,True,False
2024-07-26,Olympic Games Paris 2024,IFSC,World major,Senior / Open,OLYM_SCENARIO_INPUT,"Olympic/OQS evidence informs an exact scenario, not a fitted head",True,False
2024-07-31,MTH (Team-Version),VL-GLOBAL,Regional / local,Senior / Open,SHARED_BRIDGE_ONLY,valid shared-skill evidence without a governed direct target-head label,True,False
2024-08-01,Test event,CEC,Regional / local,Senior / Open,QUARANTINE,event name is explicitly labelled TEST,True,False
2024-08-09,Custom cup event,CEC,Regional / local,Senior / Open,FED:CEC,direct federation-level evidence,True,False
2024-08-12,Beat the Heat 2024 - Woche 1+2 (Boulder),VL-GLOBAL,Regional / local,Senior / Open,SHARED_BRIDGE_ONLY,valid shared-skill evidence without a governed direct target-head label,True,False
2024-08-12,Beat the Heat 2024 - Woche 1-3 (Challenges),VL-GLOBAL,Regional / local,Senior / Open,SHARED_BRIDGE_ONLY,valid shared-skill evidence without a governed direct target-head label,True,False
2024-08-17,ACA Open Bouldering Local,CEC,Regional / local,Senior / Open,FED:CEC,direct federation-level evidence,True,False
2024-08-19,Beat the Heat 2024 - Woche 2 + 3 (Lead),VL-GLOBAL,Regional / local,Senior / Open,SHARED_BRIDGE_ONLY,valid shared-skill evidence without a governed direct target-head label,True,False
2024-08-22,IFSC Youth World Championships Guiyang 2024,IFSC,World major youth,Youth,IFSC_WORLD_YOUTH,"direct Youth World evidence; transition context, not adult WC evidence",True,False
2024-08-24,Offene RLP Meisterschaft Speed Jugend D&C | Peak 24 RPTU Kaiserslautern,DIGITALROCK,Regional / local youth,Youth,SHARED_BRIDGE_ONLY,valid shared-skill evidence without a governed direct target-head label,True,False
2024-08-24,Westdeutsche Meisterschaft Speed 2024 | Peak 17 RPTU Kaiserslautern,DIGITALROCK,National championship youth,Youth,SHARED_BRIDGE_ONLY,valid shared-skill evidence without a governed direct target-head label,True,False
2024-08-27,IFSC European Championships Villars 2024,IFSC,Continental championship,Senior / Open,IFSC_REG:EUROPE,direct IFSC regional/continental evidence,True,False
2024-08-30,Tenaya Cup - Bulderterminalen - Round 1,VL-GLOBAL,Regional / local,Senior / Open,SHARED_BRIDGE_ONLY,valid shared-skill evidence without a governed direct target-head label,True,False
2024-08-31,offene NRW-Landesmeisterschaft Lead 2024 | chimpanzodrome - Frechen,DIGITALROCK,Regional / local youth,Youth,SHARED_BRIDGE_ONLY,valid shared-skill evidence without a governed direct target-head label,True,False
2024-08-31,Sverigecupen x Bouldering League,VL-GLOBAL,Regional / local,Senior / Open,SHARED_BRIDGE_ONLY,valid shared-skill evidence without a governed direct target-head label,True,False
2024-09-01,Boulder Manija,VL-GLOBAL,Regional / local,Senior / Open,SHARED_BRIDGE_ONLY,valid shared-skill evidence without a governed direct target-head label,True,False
2024-09-01,Boulder Manija,VL-GLOBAL,Regional / local youth,Youth,SHARED_BRIDGE_ONLY,valid shared-skill evidence without a governed direct target-head label,True,False
2024-09-02,Beat the Heat 2024 - Woche 4 (mixed),VL-GLOBAL,Regional / local,Senior / Open,SHARED_BRIDGE_ONLY,valid shared-skill evidence without a governed direct target-head label,True,False
2024-09-06,IFSC World Cup Koper 2024,IFSC,World series,Senior / Open,WC,direct adult World series/World championship evidence,True,False
2024-09-07,"Offene Rheinland-Pfalz Meisterschaft Lead, Pfalz Rock Frankenthal",DIGITALROCK,Regional / local youth,Youth,SHARED_BRIDGE_ONLY,valid shared-skill evidence without a governed direct target-head label,True,False
2024-09-07,SAC Swiss Climbing Cup 2024 (L) - Griffig Uster,SAC-CAS,National series,Senior / Open,FED:SAC-CAS,direct federation-level evidence,True,False
2024-09-09,FISU University Championships Koper 2024,IFSC,International other,Senior / Open,SHARED_BRIDGE_ONLY,valid shared-skill evidence without a governed direct target-head label,True,False
2024-09-13,Boulder Jam - Tromsö klatresenter - September 2024,VL-GLOBAL,Regional / local,Senior / Open,SHARED_BRIDGE_ONLY,valid shared-skill evidence without a governed direct target-head label,True,False
2024-09-13,Boulder Jam - Tromsö klatresenter - September 2024,VL-GLOBAL,Regional / local youth,Youth,SHARED_BRIDGE_ONLY,valid shared-skill evidence without a governed direct target-head label,True,False
2024-09-14,5. Deutscher Jugendcup (L) 2024 - Wetzlar,DIGITALROCK,Regional / local youth,Youth,SHARED_BRIDGE_ONLY,valid shared-skill evidence without a governed direct target-head label,True,False
2024-09-14,IFSC European Cup Casalecchio di Reno 2024,IFSC,Continental series,Senior / Open,IFSC_REG:EUROPE,direct IFSC regional/continental evidence,True,False
2024-09-14,Speed-Schweizermeisterschaften 2024 im Rahmen des SAC Swiss & Youth Climbing Cup - Kletterzentrum Gaswerk Wädenswil,SAC-CAS,National championship,Youth,FED:SAC-CAS:YOUTH,direct federation-level evidence,True,False
2024-09-14,"NACS GOAT (L,S)",USAC,Continental / cross-border,Senior / Open,NACS,direct NACS evidence,True,False
2024-09-20,IFSC World Cup Prague 2024,IFSC,World series,Senior / Open,WC,direct adult World series/World championship evidence,True,False
2024-09-21,BWJC Speed Offenburg,DIGITALROCK,Regional / local youth,Youth,SHARED_BRIDGE_ONLY,valid shared-skill evidence without a governed direct target-head label,True,False
2024-09-21,Offene Norddeutsche Meisterschaft Lead -  DAV Kletterzentrum Hamburg,DIGITALROCK,National championship youth,Youth,SHARED_BRIDGE_ONLY,valid shared-skill evidence without a governed direct target-head label,True,False
2024-09-21,IFSC Youth European Cup Ostermundigen 2024,IFSC,Continental series youth,Youth,IFSC_REG:EUROPE:YOUTH,direct IFSC regional/continental evidence,True,False
2024-09-25,IFSC Youth European Championships Troyes 2024,IFSC,Continental championship youth,Youth,IFSC_REG:EUROPE:YOUTH,direct IFSC regional/continental evidence,True,False
2024-09-28,BWJC Lead Stuttgart,DIGITALROCK,Regional / local youth,Youth,SHARED_BRIDGE_ONLY,valid shared-skill evidence without a governed direct target-head label,True,False
2024-09-28,Offene Sächsische/Berliner Meisterschaft Lead,DIGITALROCK,Regional / local youth,Youth,SHARED_BRIDGE_ONLY,valid shared-skill evidence without a governed direct target-head label,True,False
2024-09-28,Swiss Parkour Championships 2024,VL-GLOBAL,Regional / local,Senior / Open,SHARED_BRIDGE_ONLY,valid shared-skill evidence without a governed direct target-head label,True,False
2024-10-02,IFSC World Cup Seoul 2024,IFSC,World series,Senior / Open,WC,direct adult World series/World championship evidence,True,False
2024-10-03,Copa España 2024 - 2a Prueba Dificultad,FEDME,Regional / local,Senior / Open,FED:FEDME,direct federation-level evidence,True,False
2024-10-04,2024 NACS Lead & Speed,CEC,Continental / cross-border,Senior / Open,NACS,direct NACS evidence,True,False
2024-10-05,6. Deutscher Jugendcup (S) 2024 - Leipzig,DIGITALROCK,Regional / local youth,Youth,SHARED_BRIDGE_ONLY,valid shared-skill evidence without a governed direct target-head label,True,False
2024-10-05,IFSC European Cup Genova 2024,IFSC,Continental series,Senior / Open,IFSC_REG:EUROPE,direct IFSC regional/continental evidence,True,False
2024-10-10,IFSC Asian Championships Tai'an 2024,IFSC,Continental championship,Senior / Open,IFSC_REG:ASIA,direct IFSC regional/continental evidence,True,False
2024-10-12,10.Nürnberger Bouldercup 2024,VL-GLOBAL,Regional / local youth,Youth,SHARED_BRIDGE_ONLY,valid shared-skill evidence without a governed direct target-head label,True,False
2024-10-12,Conquer the walls 2024,VL-GLOBAL,Regional / local,Senior / Open,SHARED_BRIDGE_ONLY,valid shared-skill evidence without a governed direct target-head label,True,False
2024-10-15,IFSC South America Cup Ibarra 2024,IFSC,International other,Senior / Open,SHARED_BRIDGE_ONLY,valid shared-skill evidence without a governed direct target-head label,True,False
2024-10-18,IFSC Madrid 4 Speed,IFSC,International other,Senior / Open,SHARED_BRIDGE_ONLY,valid shared-skill evidence without a governed direct target-head label,True,False
2024-10-18,Arge Alp 2024,VL-GLOBAL,Regional / local,Senior / Open,SHARED_BRIDGE_ONLY,valid shared-skill evidence without a governed direct target-head label,True,False
2024-10-19,BWJC Lead Reutlingen,DIGITALROCK,Regional / local youth,Youth,SHARED_BRIDGE_ONLY,valid shared-skill evidence without a governed direct target-head label,True,False
2024-10-20,Emilia Romagna Campionato Regionale 1° prova (B),FASI,Regional / local,Senior / Open,FED:FASI,direct federation-level evidence,True,False
2024-10-20,IFSC Madrid Speed,IFSC,International other,Senior / Open,SHARED_BRIDGE_ONLY,valid shared-skill evidence without a governed direct target-head label,True,False
2024-10-24,Copa España 2024 - 3a Prueba Dificultad,FEDME,Regional / local,Senior / Open,FED:FEDME,direct federation-level evidence,True,False
2024-10-26,ACA Open Bouldering Provincials 2024,CEC,Regional / local,Senior / Open,FED:CEC,direct federation-level evidence,True,False
2024-10-26,Lead-Schweizermeisterschaft 2024 im Rahmen des SAC Swiss Climbing Cup - Kraftreaktor Lenzburg,SAC-CAS,National championship,Senior / Open,FED:SAC-CAS,direct federation-level evidence,True,False
2024-10-27,ACA Open Lead Provincials 2024,CEC,Regional / local,Senior / Open,FED:CEC,direct federation-level evidence,True,False
2024-11-02,ACA Open Speed Local,CEC,Regional / local,Senior / Open,FED:CEC,direct federation-level evidence,True,False
2024-11-02,ACA Open Speed Local,CEC,Regional / local youth,Youth,FED:CEC:YOUTH,direct federation-level evidence,True,False
2024-11-02,Offene norddeutsche Jugendmeisterschaft Bouldern - Osnabloc in Osnabrück ,DIGITALROCK,Regional / local youth,Youth,SHARED_BRIDGE_ONLY,valid shared-skill evidence without a governed direct target-head label,True,False
2024-11-02,Qualitag Militär,VL-GLOBAL,Regional / local,Senior / Open,SHARED_BRIDGE_ONLY,valid shared-skill evidence without a governed direct target-head label,True,False
2024-11-02,The Bridge 02.11.24,VL-GLOBAL,Regional / local,Senior / Open,SHARED_BRIDGE_ONLY,valid shared-skill evidence without a governed direct target-head label,True,False
2024-11-04,VELS Winter-Cup 2024,VL-GLOBAL,Regional / local,Senior / Open,SHARED_BRIDGE_ONLY,valid shared-skill evidence without a governed direct target-head label,True,False
2024-11-09,Offene Hessische Bouldermeisterschaft Jugend D,DIGITALROCK,Regional / local youth,Youth,SHARED_BRIDGE_ONLY,valid shared-skill evidence without a governed direct target-head label,True,False
2024-11-09,Liguria Campionato Regionale 1° prova (B),FASI,Regional / local,Senior / Open,FED:FASI,direct federation-level evidence,True,False
2024-11-09,Campeonato de España 2024 de Bloque,FEDME,National championship,Senior / Open,FED:FEDME,direct federation-level evidence,True,False
2024-11-09,Copa España 2024 - 3a Prueba Bloque,FEDME,Regional / local,Senior / Open,FED:FEDME,direct federation-level evidence,True,False
2024-11-09,Blokfest - Round 1 - The Castle,VL-GLOBAL,Regional / local,Senior / Open,SHARED_BRIDGE_ONLY,valid shared-skill evidence without a governed direct target-head label,True,False
2024-11-09,Blokfest - Round 1 - The Castle,VL-GLOBAL,Regional / local masters,Senior / Open,SHARED_BRIDGE_ONLY,valid shared-skill evidence without a governed direct target-head label,True,False
2024-11-09,Blokfest - Round 1 - The Castle,VL-GLOBAL,Regional / local youth,Youth,SHARED_BRIDGE_ONLY,valid shared-skill evidence without a governed direct target-head label,True,False
2024-11-10,Lazio Campionato Regionale Senior 1ª prova (B),FASI,Regional / local,Senior / Open,FED:FASI,direct federation-level evidence,True,False
2024-11-11,NEOM IFSC Masters 2024,IFSC,International other,Senior / Open,SHARED_BRIDGE_ONLY,valid shared-skill evidence without a governed direct target-head label,True,False
2024-11-14,IFSC Youth Asian Championships Jamshedpur 2024,IFSC,Continental championship youth,Youth,IFSC_REG:ASIA:YOUTH,direct IFSC regional/continental evidence,True,False
2024-11-16,IFSC Oceania Championships Perth 2024,IFSC,Continental championship,Senior / Open,IFSC_REG:OCEANIA,direct IFSC regional/continental evidence,True,False
2024-11-16,Zürcher Klettermeisterschaft 2024 (Boulder) - Minimum Zürich,SAC-CAS,Regional / local,Senior / Open,FED:SAC-CAS,direct federation-level evidence,True,False
2024-11-16,Balkan Sport Climbing Championship (Boulder) 2024,VL-GLOBAL,Regional / local youth,Youth,SHARED_BRIDGE_ONLY,valid shared-skill evidence without a governed direct target-head label,True,False
2024-11-16,Contest BlocUP,VL-GLOBAL,Regional / local,Senior / Open,SHARED_BRIDGE_ONLY,valid shared-skill evidence without a governed direct target-head label,True,False
2024-11-17,National Bouldering Championship + Open (Adults),VL-GLOBAL,Regional / local,Senior / Open,SHARED_BRIDGE_ONLY,valid shared-skill evidence without a governed direct target-head label,True,False
2024-11-20,IFSC Pan American Championships Santiago 2024,IFSC,Continental championship,Senior / Open,IFSC_REG:PAN_AMERICA,direct IFSC regional/continental evidence,True,False
2024-11-21,2024-2025 Senior National Championships,CEC,National championship,Senior / Open,FED:CEC,direct federation-level evidence,True,False
2024-11-22,1ªPrueba The Climb Winter Cup 2024,VL-GLOBAL,Regional / local,Senior / Open,SHARED_BRIDGE_ONLY,valid shared-skill evidence without a governed direct target-head label,True,False
2024-11-23,Regiocup Zentralschweiz - Spinnerei Indoor,VL-GLOBAL,Regional / local youth,Youth,SHARED_BRIDGE_ONLY,valid shared-skill evidence without a governed direct target-head label,True,False
2024-11-24,Emilia Romagna Campionato Regionale 2° prova (B),FASI,Regional / local,Senior / Open,FED:FASI,direct federation-level evidence,True,False
2024-11-24,Piemonte Campionato Regionale 1° prova (B),FASI,Regional / local,Senior / Open,FED:FASI,direct federation-level evidence,True,False
2024-11-24,Valle d'Aosta Campionato Regionale 1° prova (B),FASI,Regional / local,Senior / Open,FED:FASI,direct federation-level evidence,True,False
2024-11-26,Test Event 2,VL-GLOBAL,Regional / local,Senior / Open,QUARANTINE,event name is explicitly labelled TEST,True,False
2024-11-29,IFSC South America Cup Mar del Plata 2024,IFSC,International other,Senior / Open,SHARED_BRIDGE_ONLY,valid shared-skill evidence without a governed direct target-head label,True,False
2024-11-29,Sparta Volumen Fight 2024,VL-GLOBAL,Regional / local,Senior / Open,SHARED_BRIDGE_ONLY,valid shared-skill evidence without a governed direct target-head label,True,False
2024-11-30,7. Offene Stadtmeisterschaft Lead im Kletterzentrum Darmstadt,DIGITALROCK,Regional / local,Senior / Open,SHARED_BRIDGE_ONLY,valid shared-skill evidence without a governed direct target-head label,True,False
2024-11-30,Campeonato de España 2024 de Velocidad,FEDME,National championship,Senior / Open,FED:FEDME,direct federation-level evidence,True,False
2024-11-30,Copa España 2024 - 3a Prueba Velocidad,FEDME,Regional / local,Senior / Open,FED:FEDME,direct federation-level evidence,True,False
2024-11-30,BLX Bouldering League - Plant-Factory Edition,VL-GLOBAL,Regional / local,Senior / Open,SHARED_BRIDGE_ONLY,valid shared-skill evidence without a governed direct target-head label,True,False
2024-11-30,Test Event for Saul :-),VL-GLOBAL,Regional / local,Senior / Open,QUARANTINE,event name is explicitly labelled TEST,True,False
2024-11-30,Total Boulder,VL-GLOBAL,Regional / local,Senior / Open,SHARED_BRIDGE_ONLY,valid shared-skill evidence without a governed direct target-head label,True,False
2024-12-01,Puglia Campionato Regionale (B),FASI,Regional / local,Senior / Open,FED:FASI,direct federation-level evidence,True,False
2024-12-01,National Lead Championship + Open (Adults),VL-GLOBAL,Regional / local,Senior / Open,SHARED_BRIDGE_ONLY,valid shared-skill evidence without a governed direct target-head label,True,False
2024-12-03,Test Norway,VL-GLOBAL,Regional / local,Senior / Open,QUARANTINE,event name is explicitly labelled TEST,True,False
2024-12-07,ACA Youth C/D Boulder Local + Tier 2 (FINALS ONLY),CEC,Regional / local youth,Youth,FED:CEC:YOUTH,direct federation-level evidence,True,False
2024-12-07,Test event (hidden),CEC,Regional / local,Senior / Open,QUARANTINE,event name is explicitly labelled TEST,True,False
2024-12-07,IFSC Oceania Championships Sydney 2024,IFSC,Continental championship,Senior / Open,IFSC_REG:OCEANIA,direct IFSC regional/continental evidence,True,False
2024-12-08,2024 ACA Open Speed Provincials,CEC,Regional / local,Senior / Open,FED:CEC,direct federation-level evidence,True,False
2024-12-08,2024 ACA Open Speed Provincials,CEC,Regional / local youth,Youth,FED:CEC:YOUTH,direct federation-level evidence,True,False
2024-12-13,2ªPrueba The Climb Winter Cup 2024,VL-GLOBAL,Regional / local,Senior / Open,SHARED_BRIDGE_ONLY,valid shared-skill evidence without a governed direct target-head label,True,False
2024-12-14,Test Blocs Comp (hidden),CEC,Regional / local,Senior / Open,QUARANTINE,event name is explicitly labelled TEST,True,False
2024-12-14,Youth B/A and Junior Boulder Local,CEC,Regional / local youth,Youth,FED:CEC:YOUTH,direct federation-level evidence,True,False
2024-12-14,IFSC South America Cup Curitiba 2024,IFSC,International other,Senior / Open,SHARED_BRIDGE_ONLY,valid shared-skill evidence without a governed direct target-head label,True,False
2024-12-14,Adventcup 2024,VL-GLOBAL,Regional / local,Senior / Open,SHARED_BRIDGE_ONLY,valid shared-skill evidence without a governed direct target-head label,True,False
2024-12-14,Adventcup 2024,VL-GLOBAL,Regional / local youth,Youth,SHARED_BRIDGE_ONLY,valid shared-skill evidence without a governed direct target-head label,True,False
2024-12-14,Adventcup 2024 Finale,VL-GLOBAL,Regional / local,Senior / Open,SHARED_BRIDGE_ONLY,valid shared-skill evidence without a governed direct target-head label,True,False
2024-12-14,Blokfest - Round 2 - Yonder,VL-GLOBAL,Regional / local,Senior / Open,SHARED_BRIDGE_ONLY,valid shared-skill evidence without a governed direct target-head label,True,False
2024-12-14,Blokfest - Round 2 - Yonder,VL-GLOBAL,Regional / local masters,Senior / Open,SHARED_BRIDGE_ONLY,valid shared-skill evidence without a governed direct target-head label,True,False
2024-12-14,Blokfest - Round 2 - Yonder,VL-GLOBAL,Regional / local youth,Youth,SHARED_BRIDGE_ONLY,valid shared-skill evidence without a governed direct target-head label,True,False
2024-12-15,Lazio Campionato Regionale Senior 2ª prova (B),FASI,Regional / local,Senior / Open,FED:FASI,direct federation-level evidence,True,False
2024-12-15,Piemonte Campionato Regionale 2° prova (B),FASI,Regional / local,Senior / Open,FED:FASI,direct federation-level evidence,True,False
2024-12-15,Valle d'Aosta Campionato Regionale 2° prova (B),FASI,Regional / local,Senior / Open,FED:FASI,direct federation-level evidence,True,False
2024-12-21,Liguria Campionato Regionale 2° prova (B),FASI,Regional / local,Senior / Open,FED:FASI,direct federation-level evidence,True,False
2024-12-22,Lombardia Campionato Regionale 1° prova (B),FASI,Regional / local,Senior / Open,FED:FASI,direct federation-level evidence,True,False
2024-12-23,Christmas Cup - Stuntwerk Krefeld 2024,VL-GLOBAL,Regional / local,Senior / Open,SHARED_BRIDGE_ONLY,valid shared-skill evidence without a governed direct target-head label,True,False
2025-01-04,Regiocup Zentralschweiz - Granit Indoor,VL-GLOBAL,Regional / local youth,Youth,SHARED_BRIDGE_ONLY,valid shared-skill evidence without a governed direct target-head label,True,False
2025-01-07,Allgäu Moves 2025,VL-GLOBAL,Regional / local youth,Youth,SHARED_BRIDGE_ONLY,valid shared-skill evidence without a governed direct target-head label,True,False
2025-01-10,3ªPrueba The Climb Winter Cup 2024,VL-GLOBAL,Regional / local,Senior / Open,SHARED_BRIDGE_ONLY,valid shared-skill evidence without a governed direct target-head label,True,False
2025-01-11,Youth B/A and Junior Lead Local - Elevation Place Canmore,CEC,Regional / local youth,Youth,FED:CEC:YOUTH,direct federation-level evidence,True,False
2025-01-11,B-DAY Cup 2025,VL-GLOBAL,Regional / local,Senior / Open,SHARED_BRIDGE_ONLY,valid shared-skill evidence without a governed direct target-head label,True,False
2025-01-12,ACA - Youth C/D Bolder Elevated,CEC,Regional / local youth,Youth,FED:CEC:YOUTH,direct federation-level evidence,True,False
2025-01-13,Boulderbar Kilter Comp 2025,VL-GLOBAL,Regional / local,Senior / Open,SHARED_BRIDGE_ONLY,valid shared-skill evidence without a governed direct target-head label,True,False
2025-01-17,Test Event,VL-GLOBAL,Regional / local,Senior / Open,QUARANTINE,event name is explicitly labelled TEST,True,False
2025-01-18,Abruzzo-Molise 1° prova di qualifica U21 Senior (B),FASI,Regional / local,Youth,FED:FASI:YOUTH,direct federation-level evidence,True,False
2025-01-19,Emilia Romagna Campionato Regionale 3° prova (B),FASI,Regional / local,Senior / Open,FED:FASI,direct federation-level evidence,True,False
2025-01-19,Liguria Campionato Regionale 3° prova (B),FASI,Regional / local,Senior / Open,FED:FASI,direct federation-level evidence,True,False
2025-01-19,Veneto 1° prova di qualifica U21 Senior (B),FASI,Regional / local,Youth,FED:FASI:YOUTH,direct federation-level evidence,True,False
2025-01-23,Test Event,VL-GLOBAL,Regional / local,Senior / Open,QUARANTINE,event name is explicitly labelled TEST,True,False
2025-01-24,2025 HP Competition,CEC,Regional / local,Senior / Open,FED:CEC,direct federation-level evidence,True,False
2025-01-24,Climb till death,VL-GLOBAL,Regional / local,Senior / Open,SHARED_BRIDGE_ONLY,valid shared-skill evidence without a governed direct target-head label,True,False
2025-01-25,ACA Youth C/D Boulder Local + Tier 2 (Coulee),CEC,Regional / local youth,Youth,FED:CEC:YOUTH,direct federation-level evidence,True,False
2025-01-25,Sparta Fight 2025,VL-GLOBAL,Regional / local,Senior / Open,SHARED_BRIDGE_ONLY,valid shared-skill evidence without a governed direct target-head label,True,False
2025-01-26,FVG 1° prova di qualifica U21 Senior (B),FASI,Regional / local,Youth,FED:FASI:YOUTH,direct federation-level evidence,True,False
2025-01-26,Lazio Campionato Regionale Senior 3ª prova (B),FASI,Regional / local,Senior / Open,FED:FASI,direct federation-level evidence,True,False
2025-01-26,Sicilia 2° prova di qualifica U15 U21 Senior (S),FASI,Regional / local,Youth,FED:FASI:YOUTH,direct federation-level evidence,True,False
2025-01-26,Toscana 1° prova di qualifica U21 senior (B),FASI,Regional / local,Youth,FED:FASI:YOUTH,direct federation-level evidence,True,False
2025-01-26,Veneto 2° prova di qualifica U21 Senior (B),FASI,Regional / local,Youth,FED:FASI:YOUTH,direct federation-level evidence,True,False
2025-01-26,Test Lider Yarışma,VL-GLOBAL,Regional / local,Senior / Open,QUARANTINE,event name is explicitly labelled TEST,True,False
2025-01-31,Boulderplanet - Flotter Freitag Januar 2025,VL-GLOBAL,Regional / local,Senior / Open,SHARED_BRIDGE_ONLY,valid shared-skill evidence without a governed direct target-head label,True,False
2025-02-01,Youth B/A + Jr. Boulder Local - Grip It Nelson,CEC,Regional / local youth,Youth,FED:CEC:YOUTH,direct federation-level evidence,True,False
2025-02-01,TAA Campionato Regionale (B),FASI,Regional / local,Senior / Open,FED:FASI,direct federation-level evidence,True,False
2025-02-01,BUYUKLER TURKIYE SAMPIYONASI 1,VL-GLOBAL,Regional / local,Senior / Open,SHARED_BRIDGE_ONLY,valid shared-skill evidence without a governed direct target-head label,True,False
2025-02-01,Regiocup Zentralschweiz - Sursee,VL-GLOBAL,Regional / local youth,Youth,SHARED_BRIDGE_ONLY,valid shared-skill evidence without a governed direct target-head label,True,False
2025-02-02,Lombardia Campionato Regionale 2° prova (B),FASI,Regional / local,Senior / Open,FED:FASI,direct federation-level evidence,True,False
2025-02-02,Marche 1° prova di qualifica U21 Senior (B),FASI,Regional / local,Youth,FED:FASI:YOUTH,direct federation-level evidence,True,False
2025-02-02,Veneto 1° prova di qualifica U15 3° U21 Senior (S),FASI,Regional / local,Youth,FED:FASI:YOUTH,direct federation-level evidence,True,False
2025-02-04,The Carnival 2025,VL-GLOBAL,Regional / local,Senior / Open,SHARED_BRIDGE_ONLY,valid shared-skill evidence without a governed direct target-head label,True,False
2025-02-07,Practice Plastic #2,VL-GLOBAL,Regional / local,Senior / Open,SHARED_BRIDGE_ONLY,valid shared-skill evidence without a governed direct target-head label,True,False
2025-02-08,Coppa Italia 1° prova (B),FASI,National series,Senior / Open,FED:FASI,direct federation-level evidence,True,False
2025-02-08,Blokfest - Round 3 - Volume 1,VL-GLOBAL,Regional / local,Senior / Open,SHARED_BRIDGE_ONLY,valid shared-skill evidence without a governed direct target-head label,True,False
2025-02-08,Blokfest - Round 3 - Volume 1,VL-GLOBAL,Regional / local masters,Senior / Open,SHARED_BRIDGE_ONLY,valid shared-skill evidence without a governed direct target-head label,True,False
2025-02-08,Blokfest - Round 3 - Volume 1,VL-GLOBAL,Regional / local youth,Youth,SHARED_BRIDGE_ONLY,valid shared-skill evidence without a governed direct target-head label,True,False
2025-02-10,TEST COKLU PUANLANMA,VL-GLOBAL,Regional / local,Senior / Open,QUARANTINE,event name is explicitly labelled TEST,True,False
2025-02-13,Test,VL-GLOBAL,Regional / local,Senior / Open,QUARANTINE,event name is explicitly labelled TEST,True,False
2025-02-14,Bouldering test,CEC,Regional / local,Senior / Open,QUARANTINE,event name is explicitly labelled TEST,True,False
2025-02-15,Speed Nationals 2025,CEC,National championship,Senior / Open,FED:CEC,direct federation-level evidence,True,False
2025-02-15,Speed Nationals 2025,CEC,National championship youth,Youth,FED:CEC:YOUTH,direct federation-level evidence,True,False
2025-02-15,Gencler (Genc-Genc A-B) -1 Bouldering Türkiye Sampiyonası-1,VL-GLOBAL,Regional / local youth,Youth,SHARED_BRIDGE_ONLY,valid shared-skill evidence without a governed direct target-head label,True,False
2025-02-16,Emilia Romagna 3° prova di qualifica U19-21 Senior (L),FASI,Regional / local,Youth,FED:FASI:YOUTH,direct federation-level evidence,True,False
2025-02-16,Veneto prova di qualifica U15 U21 Senior (S),FASI,Regional / local,Youth,FED:FASI:YOUTH,direct federation-level evidence,True,False
2025-02-22,Test lead,CEC,Regional / local,Senior / Open,QUARANTINE,event name is explicitly labelled TEST,True,False
2025-02-22,Youth B/A + Jr. Lead Local Bolder Elevated,CEC,Regional / local youth,Youth,FED:CEC:YOUTH,direct federation-level evidence,True,False
2025-02-22,Coppa Italia 2° prova (B),FASI,National series,Senior / Open,FED:FASI,direct federation-level evidence,True,False
2025-02-22,IFSC Oceania Cup Mount Maunganui 2025,IFSC,Continental series,Senior / Open,IFSC_REG:OCEANIA,direct IFSC regional/continental evidence,True,False
2025-02-23,Youth C/D Top Rope Local + Tier 2 (CCC Hanger),CEC,Regional / local youth,Youth,FED:CEC:YOUTH,direct federation-level evidence,True,False
2025-02-23,Sicilia 3° prova di qualifica U21 Senior (B),FASI,Regional / local,Youth,FED:FASI:YOUTH,direct federation-level evidence,True,False
2025-02-28,Test Dolomate,VL-GLOBAL,Regional / local,Senior / Open,QUARANTINE,event name is explicitly labelled TEST,True,False
2025-02-28,Test Lead,VL-GLOBAL,Regional / local,Senior / Open,QUARANTINE,event name is explicitly labelled TEST,True,False
2025-02-28,Test outside boulder,VL-GLOBAL,Regional / local,Senior / Open,QUARANTINE,event name is explicitly labelled TEST,True,False
2025-03-01,Blokfest - Round 4 - Parthian Wandsworth,VL-GLOBAL,Regional / local,Senior / Open,SHARED_BRIDGE_ONLY,valid shared-skill evidence without a governed direct target-head label,True,False
2025-03-01,Blokfest - Round 4 - Parthian Wandsworth,VL-GLOBAL,Regional / local masters,Senior / Open,SHARED_BRIDGE_ONLY,valid shared-skill evidence without a governed direct target-head label,True,False
2025-03-01,Blokfest - Round 4 - Parthian Wandsworth,VL-GLOBAL,Regional / local youth,Youth,SHARED_BRIDGE_ONLY,valid shared-skill evidence without a governed direct target-head label,True,False
2025-03-01,Büyükler Lider Türkiye Sampiyonasi -1-,VL-GLOBAL,Regional / local,Senior / Open,SHARED_BRIDGE_ONLY,valid shared-skill evidence without a governed direct target-head label,True,False
2025-03-02,Toscana 2° prova di qualifica U21 senior (B),FASI,Regional / local,Youth,FED:FASI:YOUTH,direct federation-level evidence,True,False
2025-03-06,Test Kraftreaktor,VL-GLOBAL,Regional / local,Senior / Open,QUARANTINE,event name is explicitly labelled TEST,True,False
2025-03-07,IFSC European Cup Munich 2025,IFSC,Continental series,Senior / Open,IFSC_REG:EUROPE,direct IFSC regional/continental evidence,True,False
2025-03-08,Youth C/D Boulder Provincials (Bolder Elevated),CEC,Regional / local youth,Youth,FED:CEC:YOUTH,direct federation-level evidence,True,False
2025-03-08,IFSC Asian Cup Hong Kong 2025,IFSC,Continental series,Senior / Open,IFSC_REG:ASIA,direct IFSC regional/continental evidence,True,False
2025-03-09,Emilia Romagna 4° prova di qualifica U19-21 Senior (L),FASI,Regional / local,Youth,FED:FASI:YOUTH,direct federation-level evidence,True,False
2025-03-09,Liguria 4° prova di qualifica U21 Senior (L),FASI,Regional / local,Youth,FED:FASI:YOUTH,direct federation-level evidence,True,False
2025-03-09,Macro NO 2° prova di qualifica U21 Senior (L),FASI,Regional / local,Youth,FED:FASI:YOUTH,direct federation-level evidence,True,False
2025-03-09,Sardegna prova di qualifica U21 - Senior (L),FASI,Regional / local,Youth,FED:FASI:YOUTH,direct federation-level evidence,True,False
2025-03-09,Sicilia 4° prova di qualifica U21 Senior (B),FASI,Regional / local,Youth,FED:FASI:YOUTH,direct federation-level evidence,True,False
2025-03-09,Toscana prova di qualifica U19-21 Senior (L),FASI,Regional / local,Youth,FED:FASI:YOUTH,direct federation-level evidence,True,False
2025-03-10,Test Isparta National Team,VL-GLOBAL,Regional / local,Senior / Open,QUARANTINE,event name is explicitly labelled TEST,True,False
2025-03-10,Test Isparta National Team,VL-GLOBAL,Regional / local youth,Youth,QUARANTINE,event name is explicitly labelled TEST,True,False
2025-03-12,2025 National Team Trials,USAC,Regional / local,Senior / Open,FED:USAC,direct federation-level evidence,True,False
2025-03-14,Boulderplanet - Flotter Freitag März 2025,VL-GLOBAL,Regional / local,Senior / Open,SHARED_BRIDGE_ONLY,valid shared-skill evidence without a governed direct target-head label,True,False
2025-03-15,Campionato Italiano (B),FASI,National championship,Senior / Open,FED:FASI,direct federation-level evidence,True,False
2025-03-15,IKSUs etthundra,VL-GLOBAL,Regional / local,Senior / Open,SHARED_BRIDGE_ONLY,valid shared-skill evidence without a governed direct target-head label,True,False
2025-03-15,VELS-X-Masters Volume 1,VL-GLOBAL,Regional / local,Senior / Open,SHARED_BRIDGE_ONLY,valid shared-skill evidence without a governed direct target-head label,True,False
2025-03-16,Youth B/A/Jr. Boulder Provincials (Niche),CEC,Regional / local youth,Youth,FED:CEC:YOUTH,direct federation-level evidence,True,False
2025-03-21,Test Event Kletterkirche,VL-GLOBAL,Regional / local,Senior / Open,QUARANTINE,event name is explicitly labelled TEST,True,False
2025-03-21,Test ISKU,VL-GLOBAL,Regional / local,Senior / Open,QUARANTINE,event name is explicitly labelled TEST,True,False
2025-03-22,Coppa Italia 1° prova (S),FASI,National series,Senior / Open,FED:FASI,direct federation-level evidence,True,False
2025-03-22,Sicilia 5° prova di qualifica U15 U21 Senior (L),FASI,Regional / local,Youth,FED:FASI:YOUTH,direct federation-level evidence,True,False
2025-03-22,TAA prova di qualifica U15- U21 - Campionato Regionale (L),FASI,Regional / local,Youth,FED:FASI:YOUTH,direct federation-level evidence,True,False
2025-03-22,"Compsimulation (B): Minimum Flüela (U19, Elite)",SAC-CAS,Regional / local,Youth,FED:SAC-CAS:YOUTH,direct federation-level evidence,True,False
2025-03-22,Bouldering League X #3 - Houdinicupen,VL-GLOBAL,Regional / local,Senior / Open,SHARED_BRIDGE_ONLY,valid shared-skill evidence without a governed direct target-head label,True,False
2025-03-22,"Gençler (Gençler, Genç A-B) Lider Türkiye Şampiyonası-1",VL-GLOBAL,Regional / local youth,Youth,SHARED_BRIDGE_ONLY,valid shared-skill evidence without a governed direct target-head label,True,False
2025-03-23,Abruzzo-Molise 3° prova di qualifica U21 Senior (B),FASI,Regional / local,Youth,FED:FASI:YOUTH,direct federation-level evidence,True,False
2025-03-23,Lazio 1ª prova di qualifica U21 Senior (L),FASI,Regional / local,Youth,FED:FASI:YOUTH,direct federation-level evidence,True,False
2025-03-23,Sardegna Campionato regionale 2° prova (B),FASI,Regional / local,Senior / Open,FED:FASI,direct federation-level evidence,True,False
2025-03-28,Test Lead/TR Flash,USAC,Regional / local youth,Youth,QUARANTINE,event name is explicitly labelled TEST,True,False
2025-03-29,Coppa Italia 3° prova (B),FASI,National series,Senior / Open,FED:FASI,direct federation-level evidence,True,False
2025-03-29,FVG  prova di qualifica U19-21 Senior (L),FASI,Regional / local,Youth,FED:FASI:YOUTH,direct federation-level evidence,True,False
2025-03-29,Veneto prova di qualifica U21 Senior (L),FASI,Regional / local,Youth,FED:FASI:YOUTH,direct federation-level evidence,True,False
2025-03-29,Blokfest - Round 5 - Parthian Southampton,VL-GLOBAL,Regional / local,Senior / Open,SHARED_BRIDGE_ONLY,valid shared-skill evidence without a governed direct target-head label,True,False
2025-03-29,Blokfest - Round 5 - Parthian Southampton,VL-GLOBAL,Regional / local masters,Senior / Open,SHARED_BRIDGE_ONLY,valid shared-skill evidence without a governed direct target-head label,True,False
2025-03-29,Blokfest - Round 5 - Parthian Southampton,VL-GLOBAL,Regional / local youth,Youth,SHARED_BRIDGE_ONLY,valid shared-skill evidence without a governed direct target-head label,True,False
2025-03-30,Abruzzo-Molise 4° prova di qualifica U15 U21 Senior (S),FASI,Regional / local,Youth,FED:FASI:YOUTH,direct federation-level evidence,True,False
2025-03-30,Lazio 1ª prova di qualifica U15-21 (S),FASI,Regional / local,Youth,FED:FASI:YOUTH,direct federation-level evidence,True,False
2025-04-05,ACA Lead & Top Rope Provincials,CEC,Regional / local youth,Youth,FED:CEC:YOUTH,direct federation-level evidence,True,False
2025-04-05,Lazio 2ª prova di qualifica U21 Senior (L),FASI,Regional / local,Youth,FED:FASI:YOUTH,direct federation-level evidence,True,False
2025-04-05,IFSC European Cup Rome 2025,IFSC,Continental series,Senior / Open,IFSC_REG:EUROPE,direct IFSC regional/continental evidence,True,False
2025-04-05,2025 NACS Greenville,USAC,Continental / cross-border,Senior / Open,NACS,direct NACS evidence,True,False
2025-04-05,2025 NACS Greenville U17,USAC,Continental / cross-border,Youth,NACS:YOUTH,direct NACS evidence,True,False
2025-04-05,R32 Rock & Ropes (Lead/TR MDR),USAC,Regional / local youth,Youth,FED:USAC:YOUTH,direct federation-level evidence,True,False
2025-04-05,R52 Ibex (Lead/TR CRP),USAC,Regional / local youth,Youth,FED:USAC:YOUTH,direct federation-level evidence,True,False
2025-04-05,5-6 Nisan Ankara Hız Yarışması,VL-GLOBAL,Regional / local,Senior / Open,SHARED_BRIDGE_ONLY,valid shared-skill evidence without a governed direct target-head label,True,False
2025-04-05,5-6 Nisan Ankara Hız Yarışması,VL-GLOBAL,Regional / local youth,Youth,SHARED_BRIDGE_ONLY,valid shared-skill evidence without a governed direct target-head label,True,False
2025-04-05,Plastic Fantastic 6,VL-GLOBAL,Regional / local,Senior / Open,SHARED_BRIDGE_ONLY,valid shared-skill evidence without a governed direct target-head label,True,False
2025-04-06,Liguria 6° prova di qualifica U15 U21 Senior (S),FASI,Regional / local,Youth,FED:FASI:YOUTH,direct federation-level evidence,True,False
2025-04-06,Lombardia Campionato Regionale (L),FASI,Regional / local,Senior / Open,FED:FASI,direct federation-level evidence,True,False
2025-04-06,Macro NO 4° prova di qualifica U21 Senior (L),FASI,Regional / local,Youth,FED:FASI:YOUTH,direct federation-level evidence,True,False
2025-04-06,Toscana 3° prova di qualifica U21 senior (B),FASI,Regional / local,Youth,FED:FASI:YOUTH,direct federation-level evidence,True,False
2025-04-06,Valle d'Aosta Campionato Regionale (L),FASI,Regional / local,Senior / Open,FED:FASI,direct federation-level evidence,True,False
2025-04-06,R41 Movement Centennial (Lead/TR MDR),USAC,Regional / local youth,Youth,FED:USAC:YOUTH,direct federation-level evidence,True,False
2025-04-11,Test Speed 1,VL-GLOBAL,Regional / local,Senior / Open,QUARANTINE,event name is explicitly labelled TEST,True,False
2025-04-12,Coppa Italia 1° prova (L) 2° prova (S),FASI,National series,Senior / Open,FED:FASI,direct federation-level evidence,True,False
2025-04-12,Umbria 1° prova di qualifica U15 U21 Senior (B),FASI,Regional / local,Youth,FED:FASI:YOUTH,direct federation-level evidence,True,False
2025-04-12,2025 NACS Murfreesboro,USAC,Continental / cross-border,Senior / Open,NACS,direct NACS evidence,True,False
2025-04-12,2025 NACS Murfreesboro U17,USAC,Continental / cross-border,Youth,NACS:YOUTH,direct NACS evidence,True,False
2025-04-12,R41 The Silos (Lead/TR MDR),USAC,Regional / local youth,Youth,FED:USAC:YOUTH,direct federation-level evidence,True,False
2025-04-12,R82 Reach (Lead/TR Flash),USAC,Regional / local youth,Youth,FED:USAC:YOUTH,direct federation-level evidence,True,False
2025-04-12,"SPOR TIRMANIŞ MINIKLER, KUCUKLER, YILDIZLAR TURKIYE SAMPIYONASI-1 (B)",VL-GLOBAL,Regional / local youth,Youth,SHARED_BRIDGE_ONLY,valid shared-skill evidence without a governed direct target-head label,True,False
2025-04-13,Macro NO 5° prova di qualifica U15 U21 Senior (S),FASI,Regional / local,Youth,FED:FASI:YOUTH,direct federation-level evidence,True,False
2025-04-13,Sardegna 3° prova di qualifica U21 Senior (B),FASI,Regional / local,Youth,FED:FASI:YOUTH,direct federation-level evidence,True,False
2025-04-13,Collegiate Training Mock Comp (Boulder ISO),USAC,Regional / local,Senior / Open,FED:USAC,direct federation-level evidence,True,False
2025-04-14,TEST EGİTİM BOULDER,VL-GLOBAL,Regional / local,Senior / Open,QUARANTINE,event name is explicitly labelled TEST,True,False
2025-04-14,TEST EGİTİM BOULDER,VL-GLOBAL,Regional / local youth,Youth,QUARANTINE,event name is explicitly labelled TEST,True,False
2025-04-18,IFSC World Cup Keqiao 2025,IFSC,World series,Senior / Open,WC,direct adult World series/World championship evidence,True,False
2025-04-18,SPKA Test Event,VL-GLOBAL,Regional / local,Senior / Open,QUARANTINE,event name is explicitly labelled TEST,True,False
2025-04-19,The Carnival Lead 2025,VL-GLOBAL,Regional / local,Senior / Open,SHARED_BRIDGE_ONLY,valid shared-skill evidence without a governed direct target-head label,True,False
2025-04-22,SPKA Test Event 2,VL-GLOBAL,Regional / local,Senior / Open,QUARANTINE,event name is explicitly labelled TEST,True,False
2025-04-24,Test Vertikon Judges,VL-GLOBAL,Regional / local,Senior / Open,QUARANTINE,event name is explicitly labelled TEST,True,False
2025-04-25,IFSC World Cup Wujiang 2025,IFSC,World series,Senior / Open,WC,direct adult World series/World championship evidence,True,False
2025-04-25,Test Event,VL-GLOBAL,Regional / local youth,Youth,QUARANTINE,event name is explicitly labelled TEST,True,False
2025-04-25,Test Magic Wood,VL-GLOBAL,Regional / local,Senior / Open,QUARANTINE,event name is explicitly labelled TEST,True,False
2025-04-25,Test Ontario,VL-GLOBAL,Regional / local,Senior / Open,QUARANTINE,event name is explicitly labelled TEST,True,False
2025-04-25,Test Speed,VL-GLOBAL,Regional / local,Senior / Open,QUARANTINE,event name is explicitly labelled TEST,True,False
2025-04-25,Test Vienna 2025,VL-GLOBAL,Regional / local,Senior / Open,QUARANTINE,event name is explicitly labelled TEST,True,False
2025-04-26,Youth Eastern Regionals 24/25,CEC,Regional / local youth,Youth,FED:CEC:YOUTH,direct federation-level evidence,True,False
2025-04-26,Youth Western Regionals 24/25,CEC,Regional / local youth,Youth,FED:CEC:YOUTH,direct federation-level evidence,True,False
2025-04-26,IFSC Youth European Cup Soure 2025,IFSC,Continental series youth,Youth,IFSC_REG:EUROPE:YOUTH,direct IFSC regional/continental evidence,True,False
2025-04-26,Jarní boulder otvírák 1.skupina 14:15--16:45,VL-GLOBAL,Regional / local,Senior / Open,SHARED_BRIDGE_ONLY,valid shared-skill evidence without a governed direct target-head label,True,False
2025-04-26,Jarní boulder otvírák 2.skupina 17:00-19:30,VL-GLOBAL,Regional / local,Senior / Open,SHARED_BRIDGE_ONLY,valid shared-skill evidence without a governed direct target-head label,True,False
2025-04-26,"Spor Tirmanis Minikler,Kucukler,Yildizlar Turkiye Sampiyonasi - 1 (L)",VL-GLOBAL,Regional / local youth,Youth,SHARED_BRIDGE_ONLY,valid shared-skill evidence without a governed direct target-head label,True,False
2025-04-27,Abruzzo-Molise prova di qualifica U15-U21 Senior (L),FASI,Regional / local,Youth,FED:FASI:YOUTH,direct federation-level evidence,True,False
2025-04-27,FVG prova di qualifica U21 Senior (B),FASI,Regional / local,Youth,FED:FASI:YOUTH,direct federation-level evidence,True,False
2025-04-30,Kletterei Opens,VL-GLOBAL,Regional / local,Senior / Open,SHARED_BRIDGE_ONLY,valid shared-skill evidence without a governed direct target-head label,True,False
2025-05-02,IFSC World Cup Bali 2025,IFSC,World series,Senior / Open,WC,direct adult World series/World championship evidence,True,False
2025-05-03,2025 NACS,CEC,Continental / cross-border,Senior / Open,NACS,direct NACS evidence,True,False
2025-05-03,Veneto prova di qualifica U15 U21 Senior (L),FASI,Regional / local,Youth,FED:FASI:YOUTH,direct federation-level evidence,True,False
2025-05-03,IFSC European Cup Brussels 2025,IFSC,Continental series,Senior / Open,IFSC_REG:EUROPE,direct IFSC regional/continental evidence,True,False
2025-05-04,Liguria prova di qualifica 8° U15 7° U21 (S),FASI,Regional / local,Youth,FED:FASI:YOUTH,direct federation-level evidence,True,False
2025-05-04,Puglia Campionato regionale 1° prova (B),FASI,Regional / local,Senior / Open,FED:FASI,direct federation-level evidence,True,False
2025-05-04,Sicilia 6° prova di qualifica U21 (S),FASI,Regional / local,Youth,FED:FASI:YOUTH,direct federation-level evidence,True,False
2025-05-04,Championnat valaisan de bloc des jeunes U15-U17,VL-GLOBAL,Regional / local youth,Youth,SHARED_BRIDGE_ONLY,valid shared-skill evidence without a governed direct target-head label,True,False
2025-05-04,Championnat valaisan de bloc des jeunes U9-U11-U13,VL-GLOBAL,Regional / local youth,Youth,SHARED_BRIDGE_ONLY,valid shared-skill evidence without a governed direct target-head label,True,False
2025-05-04,Championnat valaisan de bloc des jeunes U9-U11-U13,VL-GLOBAL,Regional / local,Youth,SHARED_BRIDGE_ONLY,valid shared-skill evidence without a governed direct target-head label,True,False
2025-05-09,Boulderplanet - Flotter Freitag Mai 2025,VL-GLOBAL,Regional / local,Senior / Open,SHARED_BRIDGE_ONLY,valid shared-skill evidence without a governed direct target-head label,True,False
2025-05-09,Test Dublin,VL-GLOBAL,Regional / local,Senior / Open,QUARANTINE,event name is explicitly labelled TEST,True,False
2025-05-10,Coppa Italia 2° prova (L) 3° prova (S),FASI,National series,Senior / Open,FED:FASI,direct federation-level evidence,True,False
2025-05-10,IFSC Youth European Cup Graz 2025,IFSC,Continental series youth,Youth,IFSC_REG:EUROPE:YOUTH,direct IFSC regional/continental evidence,True,False
2025-05-10,Bächli Bergsport Swiss Climbing Cup 2025 (B) - Grimper.ch Lausanne - Grimper.ch Lausanne,SAC-CAS,National series,Senior / Open,FED:SAC-CAS,direct federation-level evidence,True,False
2025-05-10,R41 Lead/TR Regionals,USAC,Regional / local youth,Youth,FED:USAC:YOUTH,direct federation-level evidence,True,False
2025-05-11,"Lazio 2ª prova di qualifica U15, U21 e Senior (S)",FASI,Regional / local,Youth,FED:FASI:YOUTH,direct federation-level evidence,True,False
2025-05-11,Macro NO 6° prova di qualifica U15 U21 Senior (S),FASI,Regional / local,Youth,FED:FASI:YOUTH,direct federation-level evidence,True,False
2025-05-11,Toscana 4° prova di qualifica U21 senior (B),FASI,Regional / local,Youth,FED:FASI:YOUTH,direct federation-level evidence,True,False
2025-05-15,2024-2025 Youth Boulder National Championships (Boulder & Lead),CEC,National championship youth,Youth,FED:CEC:YOUTH,direct federation-level evidence,True,False
2025-05-15,IFSC Youth European Championships Curno 2025,IFSC,Continental championship youth,Youth,IFSC_REG:EUROPE:YOUTH,direct IFSC regional/continental evidence,True,False
2025-05-15,1ªPrueba The Climb Summer Cup 2025,VL-GLOBAL,Regional / local,Senior / Open,SHARED_BRIDGE_ONLY,valid shared-skill evidence without a governed direct target-head label,True,False
2025-05-15,Test Event Ireland,VL-GLOBAL,Regional / local,Senior / Open,QUARANTINE,event name is explicitly labelled TEST,True,False
2025-05-16,IFSC World Cup Curitiba 2025,IFSC,World series,Senior / Open,WC,direct adult World series/World championship evidence,True,False
2025-05-16,Test Speed,VL-GLOBAL,Regional / local,Senior / Open,QUARANTINE,event name is explicitly labelled TEST,True,False
2025-05-17,Zürcher Klettermeisterschaft 2025 (Lead) - Griffig Uster,SAC-CAS,Regional / local,Senior / Open,FED:SAC-CAS,direct federation-level evidence,True,False
2025-05-17,R71 Speed QST,USAC,Regional / local,Senior / Open,FED:USAC,direct federation-level evidence,True,False
2025-05-18,Abruzzo-Molise prova di qualifica U21 Senior (B),FASI,Regional / local,Youth,FED:FASI:YOUTH,direct federation-level evidence,True,False
2025-05-23,IFSC World Cup Salt Lake City 2025,IFSC,World series,Senior / Open,WC,direct adult World series/World championship evidence,True,False
2025-05-23,Test Event Ireland,VL-GLOBAL,Regional / local,Senior / Open,QUARANTINE,event name is explicitly labelled TEST,True,False
2025-05-24,IFSC Youth European Cup Molde 2025,IFSC,Continental series youth,Youth,IFSC_REG:EUROPE:YOUTH,direct IFSC regional/continental evidence,True,False
2025-05-24,PPL Bistrica Težavnost - TEST,VL-GLOBAL,Regional / local,Senior / Open,QUARANTINE,event name is explicitly labelled TEST,True,False
2025-05-25,Marche prova di qualifica Senior (L),FASI,Regional / local,Senior / Open,FED:FASI,direct federation-level evidence,True,False
2025-05-31,1a Prueba Copa España Dificultad,FEDME,Regional / local,Senior / Open,FED:FEDME,direct federation-level evidence,True,False
2025-05-31,Campeonato España Dificultad,FEDME,Regional / local,Senior / Open,FED:FEDME,direct federation-level evidence,True,False
2025-05-31,IFSC World Cup Denver 2025,IFSC,World series,Senior / Open,WC,direct adult World series/World championship evidence,True,False
2025-05-31,Boulder-Schweizermeisterschaften 2025 im Rahmen des Bächli Bergsport Swiss Climbing Cup - Bouba Baden,SAC-CAS,National championship,Senior / Open,FED:SAC-CAS,direct federation-level evidence,True,False
2025-05-31,D7 Lead/TR Divisional,USAC,Regional / local youth,Youth,FED:USAC:YOUTH,direct federation-level evidence,True,False
2025-05-31,Denver Speed WC Practice Event,USAC,Regional / local,Senior / Open,FED:USAC,direct federation-level evidence,True,False
2025-06-01,Pohorska Plezalna Liga - Težavnost,VL-GLOBAL,Regional / local,Senior / Open,SHARED_BRIDGE_ONLY,valid shared-skill evidence without a governed direct target-head label,True,False
2025-06-01,Test Titan Wall,VL-GLOBAL,Regional / local,Senior / Open,QUARANTINE,event name is explicitly labelled TEST,True,False
2025-06-05,2025 CELSIUS Youth Climbing Wave 1,USAC,Regional / local youth,Youth,FED:USAC:YOUTH,direct federation-level evidence,True,False
2025-06-05,"2025 NACS Vail, CO",USAC,Continental / cross-border,Senior / Open,NACS,direct NACS evidence,True,False
2025-06-05,2ªPrueba The Climb Summer Cup 2025,VL-GLOBAL,Regional / local,Senior / Open,SHARED_BRIDGE_ONLY,valid shared-skill evidence without a governed direct target-head label,True,False
2025-06-05,Magic Mountain Bouldering Festival,VL-GLOBAL,Regional / local,Senior / Open,SHARED_BRIDGE_ONLY,valid shared-skill evidence without a governed direct target-head label,True,False
2025-06-05,Test,VL-GLOBAL,Regional / local youth,Youth,QUARANTINE,event name is explicitly labelled TEST,True,False
2025-06-06,IFSC World Cup Prague 2025,IFSC,World series,Senior / Open,WC,direct adult World series/World championship evidence,True,False
2025-06-06,IFSC Youth European Cup Mezzolombardo 2025,IFSC,Continental series youth,Youth,IFSC_REG:EUROPE:YOUTH,direct IFSC regional/continental evidence,True,False
2025-06-06,Test Boulderproject,VL-GLOBAL,Regional / local,Senior / Open,QUARANTINE,event name is explicitly labelled TEST,True,False
2025-06-06,Test Five Ten,VL-GLOBAL,Regional / local,Senior / Open,QUARANTINE,event name is explicitly labelled TEST,True,False
2025-06-07,IFSC European Cup Mezzolombardo 2025,IFSC,Continental series,Senior / Open,IFSC_REG:EUROPE,direct IFSC regional/continental evidence,True,False
2025-06-07,Grande Prise - Boulder Plauschwettkampf - Bouba Baden,SAC-CAS,Regional / local,Senior / Open,FED:SAC-CAS,direct federation-level evidence,True,False
2025-06-07,Zürcher Klettermeisterschaft 2025 (Boulder) - Bouba Baden,SAC-CAS,Regional / local,Senior / Open,FED:SAC-CAS,direct federation-level evidence,True,False
2025-06-07,2025 YETI Youth Climbing- Speed,USAC,Regional / local youth,Youth,FED:USAC:YOUTH,direct federation-level evidence,True,False
2025-06-07,Irish Lead Championships,VL-GLOBAL,Regional / local,Senior / Open,SHARED_BRIDGE_ONLY,valid shared-skill evidence without a governed direct target-head label,True,False
2025-06-07,Irish Lead Championships,VL-GLOBAL,Regional / local youth,Youth,SHARED_BRIDGE_ONLY,valid shared-skill evidence without a governed direct target-head label,True,False
2025-06-08,2025 CELSIUS Citizen Climbing Wave 1,USAC,Regional / local,Senior / Open,FED:USAC,direct federation-level evidence,True,False
2025-06-08,2025 CELSIUS Citizen Climbing Wave 1,USAC,Regional / local masters,Senior / Open,FED:USAC,direct federation-level evidence,True,False
2025-06-08,2025 CELSIUS Citizen Climbing Wave 2,USAC,Regional / local,Senior / Open,FED:USAC,direct federation-level evidence,True,False
2025-06-08,2025 CELSIUS Citizen Climbing Wave 2,USAC,Regional / local masters,Senior / Open,FED:USAC,direct federation-level evidence,True,False
2025-06-08,2025 CELSIUS Youth Climbing Wave 2,USAC,Regional / local youth,Youth,FED:USAC:YOUTH,direct federation-level evidence,True,False
2025-06-08,2025 YETI Speed Showdown,USAC,Regional / local,Senior / Open,FED:USAC,direct federation-level evidence,True,False
2025-06-13,IFSC World Cup Bern 2025,IFSC,World series,Senior / Open,WC,direct adult World series/World championship evidence,True,False
2025-06-13,Test Belfast,VL-GLOBAL,Regional / local,Senior / Open,QUARANTINE,event name is explicitly labelled TEST,True,False
2025-06-14,Coppa Italia 3° prova (L),FASI,National series,Senior / Open,FED:FASI,direct federation-level evidence,True,False
2025-06-14,IFSC European Cup Zakopane 2025,IFSC,Continental series,Senior / Open,IFSC_REG:EUROPE,direct IFSC regional/continental evidence,True,False
2025-06-14,IFSC Youth European Cup Sukoró 2025,IFSC,Continental series youth,Youth,IFSC_REG:EUROPE:YOUTH,direct IFSC regional/continental evidence,True,False
2025-06-14,Bouldering League X #4: Summer Jam,VL-GLOBAL,Regional / local,Senior / Open,SHARED_BRIDGE_ONLY,valid shared-skill evidence without a governed direct target-head label,True,False
2025-06-15,IFSC Youth European Cup Zakopane 2025,IFSC,Continental series youth,Youth,IFSC_REG:EUROPE:YOUTH,direct IFSC regional/continental evidence,True,False
2025-06-18,Bockstars - Vol.7,VL-GLOBAL,Regional / local,Senior / Open,SHARED_BRIDGE_ONLY,valid shared-skill evidence without a governed direct target-head label,True,False
2025-06-18,Bockstars - Vol.7,VL-GLOBAL,Regional / local youth,Youth,SHARED_BRIDGE_ONLY,valid shared-skill evidence without a governed direct target-head label,True,False
2025-06-18,test2,VL-GLOBAL,Regional / local,Senior / Open,QUARANTINE,event name is explicitly labelled TEST,True,False
2025-06-19,3ªPrueba The Climb Summer Cup 2025,VL-GLOBAL,Regional / local,Senior / Open,SHARED_BRIDGE_ONLY,valid shared-skill evidence without a governed direct target-head label,True,False
2025-06-20,2025 NACS,CEC,Continental / cross-border,Senior / Open,NACS,direct NACS evidence,True,False
2025-06-20,2025 NACS,CEC,Continental / cross-border youth,Youth,SHARED_BRIDGE_ONLY,valid shared-skill evidence without a governed direct target-head label,True,False
2025-06-20,Test Event,VL-GLOBAL,Regional / local,Senior / Open,QUARANTINE,event name is explicitly labelled TEST,True,False
2025-06-21,IFSC European Cup Campitello di Fassa 2025,IFSC,Continental series,Senior / Open,IFSC_REG:EUROPE,direct IFSC regional/continental evidence,True,False
2025-06-21,Bächli Bergsport Swiss & Youth Climbing Cup 2025 (S) - O'bloc Ostermundigen,SAC-CAS,Regional / local,Youth,FED:SAC-CAS:YOUTH,direct federation-level evidence,True,False
2025-06-25,IFSC World Cup Innsbruck 2025,IFSC,World series,Senior / Open,WC,direct adult World series/World championship evidence,True,False
2025-06-28,Coppa Italia 4° prova (S),FASI,National series,Senior / Open,FED:FASI,direct federation-level evidence,True,False
2025-06-28,Speed Test,VL-GLOBAL,Regional / local,Senior / Open,QUARANTINE,event name is explicitly labelled TEST,True,False
2025-06-28,Speed Test,VL-GLOBAL,Regional / local youth,Youth,QUARANTINE,event name is explicitly labelled TEST,True,False
2025-06-30,Get High 2025 Quali - urban apes Berlin Friedrichshain,VL-GLOBAL,Regional / local,Senior / Open,SHARED_BRIDGE_ONLY,valid shared-skill evidence without a governed direct target-head label,True,False
2025-06-30,Test Event BB Belfast,VL-GLOBAL,Regional / local,Senior / Open,QUARANTINE,event name is explicitly labelled TEST,True,False
2025-06-30,Test Event BB Belfast,VL-GLOBAL,Regional / local youth,Youth,QUARANTINE,event name is explicitly labelled TEST,True,False
2025-07-01,Get High 2025 Quali - Café Kraft Nürnberg,VL-GLOBAL,Regional / local,Senior / Open,SHARED_BRIDGE_ONLY,valid shared-skill evidence without a governed direct target-head label,True,False
2025-07-01,Sparta Summer Fight 2025,VL-GLOBAL,Regional / local,Senior / Open,SHARED_BRIDGE_ONLY,valid shared-skill evidence without a governed direct target-head label,True,False
2025-07-02,Get High 2025 Quali - der steinbock Nürnberg,VL-GLOBAL,Regional / local,Senior / Open,SHARED_BRIDGE_ONLY,valid shared-skill evidence without a governed direct target-head label,True,False
2025-07-02,Get High 2025 Quali - urban apes Kiel,VL-GLOBAL,Regional / local,Senior / Open,SHARED_BRIDGE_ONLY,valid shared-skill evidence without a governed direct target-head label,True,False
2025-07-03,Climbing Cult Party 2025,VL-GLOBAL,Regional / local,Senior / Open,SHARED_BRIDGE_ONLY,valid shared-skill evidence without a governed direct target-head label,True,False
2025-07-03,Climbing Cult Party 2025,VL-GLOBAL,Regional / local youth,Youth,SHARED_BRIDGE_ONLY,valid shared-skill evidence without a governed direct target-head label,True,False
2025-07-03,Get High 2025 Quali - urban apes Bright Site Berlin,VL-GLOBAL,Regional / local,Senior / Open,SHARED_BRIDGE_ONLY,valid shared-skill evidence without a governed direct target-head label,True,False
2025-07-04,IFSC European Cup Ostermundigen 2025,IFSC,Continental series,Senior / Open,IFSC_REG:EUROPE,direct IFSC regional/continental evidence,True,False
2025-07-04,Boulderplanet - Flotter Freitag Juli 2025,VL-GLOBAL,Regional / local,Senior / Open,SHARED_BRIDGE_ONLY,valid shared-skill evidence without a governed direct target-head label,True,False
2025-07-05,IFSC World Cup Krakow 2025,IFSC,World series,Senior / Open,WC,direct adult World series/World championship evidence,True,False
2025-07-07,Get High 2025 Quali - urban apes Lüneburg,VL-GLOBAL,Regional / local,Senior / Open,SHARED_BRIDGE_ONLY,valid shared-skill evidence without a governed direct target-head label,True,False
2025-07-10,2024 Hakemler için Test,VL-GLOBAL,Regional / local,Senior / Open,QUARANTINE,event name is explicitly labelled TEST,True,False
2025-07-10,2024 Hakemler için Test,VL-GLOBAL,Regional / local youth,Youth,QUARANTINE,event name is explicitly labelled TEST,True,False
2025-07-11,IFSC World Cup Chamonix 2025,IFSC,World series,Senior / Open,WC,direct adult World series/World championship evidence,True,False
2025-07-14,Get High 2025 Quali - urban apes Hamburg Ost,VL-GLOBAL,Regional / local,Senior / Open,SHARED_BRIDGE_ONLY,valid shared-skill evidence without a governed direct target-head label,True,False
2025-07-16,Get High 2025 Quali - urban apes Hamburg West,VL-GLOBAL,Regional / local,Senior / Open,SHARED_BRIDGE_ONLY,valid shared-skill evidence without a governed direct target-head label,True,False
2025-07-17,TEST SPEED CLİMBİNG 1,VL-GLOBAL,Regional / local,Senior / Open,QUARANTINE,event name is explicitly labelled TEST,True,False
2025-07-17,TEST SPEED CLİMBİNG 1,VL-GLOBAL,Regional / local youth,Youth,QUARANTINE,event name is explicitly labelled TEST,True,False
2025-07-18,IFSC World Cup Comunidad de Madrid 2025,IFSC,World series,Senior / Open,WC,direct adult World series/World championship evidence,True,False
2025-07-18,SM-Boulder 2025 U17/U19/U21,VL-GLOBAL,Regional / local youth,Youth,SHARED_BRIDGE_ONLY,valid shared-skill evidence without a governed direct target-head label,True,False
2025-07-19,IFSC Youth European Cup Bologna 2025,IFSC,Continental series youth,Youth,IFSC_REG:EUROPE:YOUTH,direct IFSC regional/continental evidence,True,False
2025-07-19,Test Routenbau,VL-GLOBAL,Regional / local,Senior / Open,QUARANTINE,event name is explicitly labelled TEST,True,False
2025-07-19,VELS-X-Masters Volume 2,VL-GLOBAL,Regional / local,Senior / Open,SHARED_BRIDGE_ONLY,valid shared-skill evidence without a governed direct target-head label,True,False
2025-07-25,Demo DeepWater,VL-GLOBAL,Regional / local,Senior / Open,SHARED_BRIDGE_ONLY,valid shared-skill evidence without a governed direct target-head label,True,False
2025-07-26,Testevent Boulder,SAC-CAS,Regional / local,Senior / Open,FED:SAC-CAS,direct federation-level evidence,True,False
2025-07-26,Kölner Bouldermeisterschaft 2025,VL-GLOBAL,Regional / local,Senior / Open,SHARED_BRIDGE_ONLY,valid shared-skill evidence without a governed direct target-head label,True,False
2025-07-28,IFSC Youth World Championships Helsinki 2025,IFSC,World major youth,Youth,IFSC_WORLD_YOUTH,"direct Youth World evidence; transition context, not adult WC evidence",True,False
2025-08-01,TEST EGITİM,VL-GLOBAL,Regional / local,Senior / Open,QUARANTINE,event name is explicitly labelled TEST,True,False
2025-08-01,TEST EGITİM,VL-GLOBAL,Regional / local youth,Youth,QUARANTINE,event name is explicitly labelled TEST,True,False
2025-08-01,Test Event 1,VL-GLOBAL,Regional / local,Senior / Open,QUARANTINE,event name is explicitly labelled TEST,True,False
2025-08-01,Test Lead,VL-GLOBAL,Regional / local,Senior / Open,QUARANTINE,event name is explicitly labelled TEST,True,False
2025-08-02,Test Team Point,VL-GLOBAL,Regional / local youth,Youth,QUARANTINE,event name is explicitly labelled TEST,True,False
2025-08-07,The World Games Chengdu 2025,IFSC,International other youth,Youth,SHARED_BRIDGE_ONLY,valid shared-skill evidence without a governed direct target-head label,True,False
2025-08-08,Speed Test 2,VL-GLOBAL,Regional / local,Senior / Open,QUARANTINE,event name is explicitly labelled TEST,True,False
2025-08-16,IFSC Youth European Cup St. Pölten 2025,IFSC,Continental series youth,Youth,IFSC_REG:EUROPE:YOUTH,direct IFSC regional/continental evidence,True,False
2025-08-16,Bächli Bergsport Swiss Climbing Cup 2025 (L) - Nationales Leistungszentrum Biel,SAC-CAS,National series,Senior / Open,FED:SAC-CAS,direct federation-level evidence,True,False
2025-08-17,IFSC European Cup St. Pölten 2025,IFSC,Continental series,Senior / Open,IFSC_REG:EUROPE,direct IFSC regional/continental evidence,True,False
2025-08-20,IFSC Youth Asian Championships Guiyang 2025,IFSC,Continental championship youth,Youth,IFSC_REG:ASIA:YOUTH,direct IFSC regional/continental evidence,True,False
2025-08-22,"2025 NACS Salt Lake City, UT",USAC,Continental / cross-border,Senior / Open,NACS,direct NACS evidence,True,False
2025-08-22,Sparta Summer Fight 2025 Final,VL-GLOBAL,Regional / local,Senior / Open,SHARED_BRIDGE_ONLY,valid shared-skill evidence without a governed direct target-head label,True,False
2025-08-23,Bächli Bergsport Swiss & Youth Climbing Cup 2025 (S)/Tageswertung - Kletterzentrum Gaswerk Wädenswil,SAC-CAS,Regional / local,Youth,FED:SAC-CAS:YOUTH,direct federation-level evidence,True,False
2025-08-23,Speed-Schweizermeisterschaften 2025 im Rahmen des BYCC & BSCC/nur Schweizer/innen -  Kletterzentrum Gaswerk Wädenswil,SAC-CAS,National championship,Senior / Open,FED:SAC-CAS,direct federation-level evidence,True,False
2025-08-25,Get High 2025 Quali - der steinbock Zirndorf,VL-GLOBAL,Regional / local,Senior / Open,SHARED_BRIDGE_ONLY,valid shared-skill evidence without a governed direct target-head label,True,False
2025-08-25,Get High 2025 Quali - urban apes Hamburg St. Pauli,VL-GLOBAL,Regional / local,Senior / Open,SHARED_BRIDGE_ONLY,valid shared-skill evidence without a governed direct target-head label,True,False
2025-08-26,Get High 2025 Quali - urban apes Basement Berlin,VL-GLOBAL,Regional / local,Senior / Open,SHARED_BRIDGE_ONLY,valid shared-skill evidence without a governed direct target-head label,True,False
2025-08-27,Get High 2025 Quali - der steinbock Linz,VL-GLOBAL,Regional / local,Senior / Open,SHARED_BRIDGE_ONLY,valid shared-skill evidence without a governed direct target-head label,True,False
2025-08-27,Get High 2025 Quali - urban apes Lübeck,VL-GLOBAL,Regional / local,Senior / Open,SHARED_BRIDGE_ONLY,valid shared-skill evidence without a governed direct target-head label,True,False
2025-08-27,Get High 2025 Quali - urban apes Norderstedt,VL-GLOBAL,Regional / local,Senior / Open,SHARED_BRIDGE_ONLY,valid shared-skill evidence without a governed direct target-head label,True,False
2025-08-28,IFSC Youth European Championships Žilina 2025,IFSC,Continental championship youth,Youth,IFSC_REG:EUROPE:YOUTH,direct IFSC regional/continental evidence,True,False
2025-08-28,Get High 2025 Quali - der steinbock Erlangen,VL-GLOBAL,Regional / local,Senior / Open,SHARED_BRIDGE_ONLY,valid shared-skill evidence without a governed direct target-head label,True,False
2025-08-28,Get High 2025 Quali - der steinbock Konstanz,VL-GLOBAL,Regional / local,Senior / Open,SHARED_BRIDGE_ONLY,valid shared-skill evidence without a governed direct target-head label,True,False
2025-08-28,Get High 2025 Quali - der steinbock Passau,VL-GLOBAL,Regional / local,Senior / Open,SHARED_BRIDGE_ONLY,valid shared-skill evidence without a governed direct target-head label,True,False
2025-08-28,Get High 2025 Quali - urban apes Hannover,VL-GLOBAL,Regional / local,Senior / Open,SHARED_BRIDGE_ONLY,valid shared-skill evidence without a governed direct target-head label,True,False
2025-08-29,IFSC Asian Cup Almaty 2025,IFSC,Continental series,Senior / Open,IFSC_REG:ASIA,direct IFSC regional/continental evidence,True,False
2025-08-29,Test Jam,VL-GLOBAL,Regional / local,Senior / Open,QUARANTINE,event name is explicitly labelled TEST,True,False
2025-08-29,Test Jam Mode,VL-GLOBAL,Regional / local,Senior / Open,QUARANTINE,event name is explicitly labelled TEST,True,False
2025-08-29,Test Scotland,VL-GLOBAL,Regional / local,Senior / Open,QUARANTINE,event name is explicitly labelled TEST,True,False
2025-08-29,Test UA,VL-GLOBAL,Regional / local,Senior / Open,QUARANTINE,event name is explicitly labelled TEST,True,False
2025-08-30,Zürcher Klettermeisterschaft 2025 (Lead) - 6a plus Winterthur,SAC-CAS,Regional / local,Senior / Open,FED:SAC-CAS,direct federation-level evidence,True,False
2025-08-30,Kölner Bouldermeisterschaft 2025 - Super Finale,VL-GLOBAL,Regional / local,Senior / Open,SHARED_BRIDGE_ONLY,valid shared-skill evidence without a governed direct target-head label,True,False
2025-08-30,Test Event,VL-GLOBAL,Regional / local,Senior / Open,QUARANTINE,event name is explicitly labelled TEST,True,False
2025-08-30,Test Finale,VL-GLOBAL,Regional / local,Senior / Open,QUARANTINE,event name is explicitly labelled TEST,True,False
2025-08-30,The Big Bang - Boulderworld Belfast,VL-GLOBAL,Regional / local,Senior / Open,SHARED_BRIDGE_ONLY,valid shared-skill evidence without a governed direct target-head label,True,False
2025-08-30,The Big Bang - Boulderworld Belfast,VL-GLOBAL,Regional / local youth,Youth,SHARED_BRIDGE_ONLY,valid shared-skill evidence without a governed direct target-head label,True,False
2025-09-03,Get High 2025 Quali - urban apes Berlin Wedding,VL-GLOBAL,Regional / local,Senior / Open,SHARED_BRIDGE_ONLY,valid shared-skill evidence without a governed direct target-head label,True,False
2025-09-05,1a Prueba Copa España Velocidad,FEDME,Regional / local,Senior / Open,FED:FEDME,direct federation-level evidence,True,False
2025-09-05,Campeonato España Velocidad,FEDME,Regional / local,Senior / Open,FED:FEDME,direct federation-level evidence,True,False
2025-09-05,IFSC World Cup Koper 2025,IFSC,World series,Senior / Open,WC,direct adult World series/World championship evidence,True,False
2025-09-05,Test Event,VL-GLOBAL,Regional / local,Senior / Open,QUARANTINE,event name is explicitly labelled TEST,True,False
2025-09-06,1a Prueba Copa España Bloque,FEDME,Regional / local,Senior / Open,FED:FEDME,direct federation-level evidence,True,False
2025-09-06,Campeonato España Bloque,FEDME,Regional / local,Senior / Open,FED:FEDME,direct federation-level evidence,True,False
2025-09-06,Youth Climbing Series Round 1(Boulder),VL-GLOBAL,Regional / local youth,Youth,SHARED_BRIDGE_ONLY,valid shared-skill evidence without a governed direct target-head label,True,False
2025-09-08,Vienna Boulder Tour 2025 - Kletteranlage Flakturm,VL-GLOBAL,Regional / local,Senior / Open,SHARED_BRIDGE_ONLY,valid shared-skill evidence without a governed direct target-head label,True,False
2025-09-12,IFSC World Cup Guiyang 2025,IFSC,World series,Senior / Open,WC,direct adult World series/World championship evidence,True,False
2025-09-12,Round 1: Plant Factory Edition,VL-GLOBAL,Regional / local,Senior / Open,SHARED_BRIDGE_ONLY,valid shared-skill evidence without a governed direct target-head label,True,False
2025-09-12,Test Valencia,VL-GLOBAL,Regional / local,Senior / Open,QUARANTINE,event name is explicitly labelled TEST,True,False
2025-09-13,Speed test,CEC,Regional / local,Senior / Open,QUARANTINE,event name is explicitly labelled TEST,True,False
2025-09-13,IFSC European Cup Hamburg 2025,IFSC,Continental series,Senior / Open,IFSC_REG:EUROPE,direct IFSC regional/continental evidence,True,False
2025-09-13,IFSC Youth European Cup Imst 2025,IFSC,Continental series youth,Youth,IFSC_REG:EUROPE:YOUTH,direct IFSC regional/continental evidence,True,False
2025-09-13,Testevent Speed,SAC-CAS,Regional / local,Senior / Open,FED:SAC-CAS,direct federation-level evidence,True,False
2025-09-13,SPC: Skill Finals,VL-GLOBAL,Regional / local,Senior / Open,SHARED_BRIDGE_ONLY,valid shared-skill evidence without a governed direct target-head label,True,False
2025-09-13,Valais Wallis Lead championship U15-U17,VL-GLOBAL,Regional / local youth,Youth,SHARED_BRIDGE_ONLY,valid shared-skill evidence without a governed direct target-head label,True,False
2025-09-13,Valais Wallis Lead championship U9-U13,VL-GLOBAL,Regional / local,Youth,SHARED_BRIDGE_ONLY,valid shared-skill evidence without a governed direct target-head label,True,False
2025-09-13,Valais Wallis Lead championship U9-U13,VL-GLOBAL,Regional / local youth,Youth,SHARED_BRIDGE_ONLY,valid shared-skill evidence without a governed direct target-head label,True,False
2025-09-15,Vienna Boulder Tour 2025 - Kletterhalle Wien,VL-GLOBAL,Regional / local,Senior / Open,SHARED_BRIDGE_ONLY,valid shared-skill evidence without a governed direct target-head label,True,False
2025-09-19,Boulderplanet - Flotter Freitag September 2025,VL-GLOBAL,Regional / local,Senior / Open,SHARED_BRIDGE_ONLY,valid shared-skill evidence without a governed direct target-head label,True,False
2025-09-20,September Summit,CEC,Regional / local,Senior / Open,FED:CEC,direct federation-level evidence,True,False
2025-09-20,September Summit,CEC,Regional / local youth,Youth,FED:CEC:YOUTH,direct federation-level evidence,True,False
2025-09-20,Test new bouldering,CEC,Regional / local,Senior / Open,QUARANTINE,event name is explicitly labelled TEST,True,False
2025-09-20,2a Prueba Copa España Bloque,FEDME,Regional / local,Senior / Open,FED:FEDME,direct federation-level evidence,True,False
2025-09-20,2a Prueba Copa España Velocidad,FEDME,Regional / local,Senior / Open,FED:FEDME,direct federation-level evidence,True,False
2025-09-20,Conquer the Walls - 2025,VL-GLOBAL,Regional / local,Senior / Open,SHARED_BRIDGE_ONLY,valid shared-skill evidence without a governed direct target-head label,True,False
2025-09-20,Minneapolis Boulderfest 2025,VL-GLOBAL,Regional / local,Senior / Open,SHARED_BRIDGE_ONLY,valid shared-skill evidence without a governed direct target-head label,True,False
2025-09-20,Youth Climbing Series Round 2(Routes),VL-GLOBAL,Regional / local youth,Youth,SHARED_BRIDGE_ONLY,valid shared-skill evidence without a governed direct target-head label,True,False
2025-09-21,IFSC World Championships Seoul 2025,IFSC,World major,Senior / Open,WC,direct adult World series/World championship evidence,True,False
2025-09-26,Test Boulderbar,VL-GLOBAL,Regional / local,Senior / Open,QUARANTINE,event name is explicitly labelled TEST,True,False
2025-09-26,Turkish Mountaineering Federation International Open Boulder Championship,VL-GLOBAL,Regional / local,Senior / Open,SHARED_BRIDGE_ONLY,valid shared-skill evidence without a governed direct target-head label,True,False
2025-09-27,Gravity Wars V,CEC,Regional / local,Senior / Open,FED:CEC,direct federation-level evidence,True,False
2025-09-27,Gravity Wars V,CEC,Regional / local youth,Youth,FED:CEC:YOUTH,direct federation-level evidence,True,False
2025-09-27,OCF Senior Boulder Qualifier,CEC,Regional / local,Senior / Open,FED:CEC,direct federation-level evidence,True,False
2025-09-27,Training Lead|TR Modified Redpoint 2,USAC,Regional / local youth,Youth,FED:USAC:YOUTH,direct federation-level evidence,True,False
2025-09-27,Bloccstock 2025,VL-GLOBAL,Regional / local,Senior / Open,SHARED_BRIDGE_ONLY,valid shared-skill evidence without a governed direct target-head label,True,False
2025-09-27,SM-Yläköysi 2025 U11/U13/U15,VL-GLOBAL,Regional / local youth,Youth,SHARED_BRIDGE_ONLY,valid shared-skill evidence without a governed direct target-head label,True,False
2025-09-27,Test Heilbronn,VL-GLOBAL,Regional / local,Senior / Open,QUARANTINE,event name is explicitly labelled TEST,True,False
2025-09-29,Vienna Boulder Tour 2025 - Klettercenter Rotpunkt,VL-GLOBAL,Regional / local,Senior / Open,SHARED_BRIDGE_ONLY,valid shared-skill evidence without a governed direct target-head label,True,False
2025-09-30,Practice event,USAC,Regional / local,Senior / Open,FED:USAC,direct federation-level evidence,True,False
2025-10-01,MO test,USAC,Regional / local,Senior / Open,QUARANTINE,event name is explicitly labelled TEST,True,False
2025-10-04,"Campionato Italiano (L, S)",FASI,National championship,Senior / Open,FED:FASI,direct federation-level evidence,True,False
2025-10-04,2a Prueba Copa España Dificultad,FEDME,Regional / local,Senior / Open,FED:FEDME,direct federation-level evidence,True,False
2025-10-04,R11 Riverfront Rock Gym QE 2025-26,USAC,Regional / local youth,Youth,FED:USAC:YOUTH,direct federation-level evidence,True,False
2025-10-04,R22 Commons Climbing Gym QE 2025-26,USAC,Regional / local youth,Youth,FED:USAC:YOUTH,direct federation-level evidence,True,False
2025-10-04,R32 Mesa Rim Academy QE 2025-26,USAC,Regional / local youth,Youth,FED:USAC:YOUTH,direct federation-level evidence,True,False
2025-10-04,R41 GRAVITY BEAR Bouldering Gym QE 2025-26,USAC,Regional / local youth,Youth,FED:USAC:YOUTH,direct federation-level evidence,True,False
2025-10-04,R51 Movement - Grapevine QE 2025-26,USAC,Regional / local youth,Youth,FED:USAC:YOUTH,direct federation-level evidence,True,False
2025-10-04,"R52 Ozark Climbing Gym QE 2025-26 (U17, U19, U20 Only)",USAC,Regional / local youth,Youth,FED:USAC:YOUTH,direct federation-level evidence,True,False
2025-10-04,R91 Central Rock Gym - West Hartford QE 2025-26,USAC,Regional / local youth,Youth,FED:USAC:YOUTH,direct federation-level evidence,True,False
2025-10-04,R92 EVO Rock + Fitness - Portland QE 2025-26,USAC,Regional / local youth,Youth,FED:USAC:YOUTH,direct federation-level evidence,True,False
2025-10-04,Val's Lead|TR Classic Redpoint Test,USAC,Regional / local youth,Youth,QUARANTINE,event name is explicitly labelled TEST,True,False
2025-10-04,AZ Boulderfest,VL-GLOBAL,Regional / local,Senior / Open,SHARED_BRIDGE_ONLY,valid shared-skill evidence without a governed direct target-head label,True,False
2025-10-04,Berlin Boulder Bash 2025,VL-GLOBAL,Regional / local,Senior / Open,SHARED_BRIDGE_ONLY,valid shared-skill evidence without a governed direct target-head label,True,False
2025-10-04,GET HIGH FINALS 2025,VL-GLOBAL,Regional / local,Senior / Open,SHARED_BRIDGE_ONLY,valid shared-skill evidence without a governed direct target-head label,True,False
2025-10-04,SM-Lead 2025 U17/U19/U21,VL-GLOBAL,Regional / local youth,Youth,SHARED_BRIDGE_ONLY,valid shared-skill evidence without a governed direct target-head label,True,False
2025-10-04,"SPOR TIRMANIS GENCLER, GENC A-B KATEGORILERI BOULDERING TURKIYE KUPASI",VL-GLOBAL,Regional / local youth,Youth,SHARED_BRIDGE_ONLY,valid shared-skill evidence without a governed direct target-head label,True,False
2025-10-04,Test Berlin,VL-GLOBAL,Regional / local,Senior / Open,QUARANTINE,event name is explicitly labelled TEST,True,False
2025-10-04,Youth Climbing Series Round 3(Boulder),VL-GLOBAL,Regional / local youth,Youth,SHARED_BRIDGE_ONLY,valid shared-skill evidence without a governed direct target-head label,True,False
2025-10-05,OCF Speed Qualifier #1 - Pinnacle Cup,CEC,Regional / local,Senior / Open,FED:CEC,direct federation-level evidence,True,False
2025-10-05,OCF Speed Qualifier #1 - Pinnacle Cup,CEC,Regional / local youth,Youth,FED:CEC:YOUTH,direct federation-level evidence,True,False
2025-10-05,092525 Training Modified Redpoint (Boulder),USAC,Regional / local youth,Youth,FED:USAC:YOUTH,direct federation-level evidence,True,False
2025-10-05,R21 The Oaks QE 2025-26,USAC,Regional / local youth,Youth,FED:USAC:YOUTH,direct federation-level evidence,True,False
2025-10-05,"R52 Boulders and Brews QE 2025-26 (U11, U13, U15 Only)",USAC,Regional / local youth,Youth,FED:USAC:YOUTH,direct federation-level evidence,True,False
2025-10-06,Vienna Boulder Tour 2025 - Kletteranlage Klosterneuburg,VL-GLOBAL,Regional / local,Senior / Open,SHARED_BRIDGE_ONLY,valid shared-skill evidence without a governed direct target-head label,True,False
2025-10-11,OCF Speed Qualifier #2,CEC,Regional / local,Senior / Open,FED:CEC,direct federation-level evidence,True,False
2025-10-11,OCF Speed Qualifier #2,CEC,Regional / local youth,Youth,FED:CEC:YOUTH,direct federation-level evidence,True,False
2025-10-11,Pop & Lock 8,CEC,Regional / local,Senior / Open,FED:CEC,direct federation-level evidence,True,False
2025-10-11,Pop & Lock 8,CEC,Regional / local youth,Youth,FED:CEC:YOUTH,direct federation-level evidence,True,False
2025-10-11,Lead-Schweizermeisterschaften 2025 im Rahmen des Bächli Bergsport Swiss Climbing Cup - Grimper.ch Meyrin-Satigny,SAC-CAS,National championship,Senior / Open,FED:SAC-CAS,direct federation-level evidence,True,False
2025-10-11,R11 Momentum Indoor Climbing - SODO QE 2025-26,USAC,Regional / local youth,Youth,FED:USAC:YOUTH,direct federation-level evidence,True,False
2025-10-11,R12 TOMO Bouldering Club QE 2025-26,USAC,Regional / local youth,Youth,FED:USAC:YOUTH,direct federation-level evidence,True,False
2025-10-11,R21 Mesa Rim Reno QE 2025-26,USAC,Regional / local youth,Youth,FED:USAC:YOUTH,direct federation-level evidence,True,False
2025-10-11,"R21 Mesa Rim Reno QST 2025-26 (U15, U17, U19, U20 only)",USAC,Regional / local youth,Youth,FED:USAC:YOUTH,direct federation-level evidence,True,False
2025-10-11,R22 Momentum - Lehi QE 2025-26,USAC,Regional / local youth,Youth,FED:USAC:YOUTH,direct federation-level evidence,True,False
2025-10-11,R32 Rock Fitness Climbing Gym QE 2025-26,USAC,Regional / local youth,Youth,FED:USAC:YOUTH,direct federation-level evidence,True,False
2025-10-11,R42 Whetstone Climbing QE 2025-26,USAC,Regional / local youth,Youth,FED:USAC:YOUTH,direct federation-level evidence,True,False
2025-10-11,R52 The Crag Nashville QE 2025-26,USAC,Regional / local youth,Youth,FED:USAC:YOUTH,direct federation-level evidence,True,False
2025-10-11,R62 Climb Cincy QE 2025-26,USAC,Regional / local youth,Youth,FED:USAC:YOUTH,direct federation-level evidence,True,False
2025-10-11,"R71 Central Rock Gym - Kennesaw QST 2025-26 (U13, U15, U17, U19, U20 only)",USAC,Regional / local youth,Youth,FED:USAC:YOUTH,direct federation-level evidence,True,False
2025-10-11,R81 The Boulder Yard QE 2025-26,USAC,Regional / local youth,Youth,FED:USAC:YOUTH,direct federation-level evidence,True,False
2025-10-11,R91 The Gravity Vault - Poughkeepsie QE 2025-26,USAC,Regional / local youth,Youth,FED:USAC:YOUTH,direct federation-level evidence,True,False
2025-10-11,R92 NH Climbing and Fitness QE 2025-26,USAC,Regional / local youth,Youth,FED:USAC:YOUTH,direct federation-level evidence,True,False
2025-10-11,2025 Boulderfest - DC,VL-GLOBAL,Regional / local,Senior / Open,SHARED_BRIDGE_ONLY,valid shared-skill evidence without a governed direct target-head label,True,False
2025-10-11,VELS-X-Masters Volume 3,VL-GLOBAL,Regional / local,Senior / Open,SHARED_BRIDGE_ONLY,valid shared-skill evidence without a governed direct target-head label,True,False
2025-10-12,R82 GOAT Climbing Gym QE 2025-26,USAC,Regional / local youth,Youth,FED:USAC:YOUTH,direct federation-level evidence,True,False
2025-10-12,BARCELONA CLIMBING LEAGUE,VL-GLOBAL,Regional / local,Senior / Open,SHARED_BRIDGE_ONLY,valid shared-skill evidence without a governed direct target-head label,True,False
2025-10-13,GAVA CLIMBING LEAGUE,VL-GLOBAL,Regional / local,Senior / Open,SHARED_BRIDGE_ONLY,valid shared-skill evidence without a governed direct target-head label,True,False
2025-10-13,Vienna Boulder Tour 2025 - das flash,VL-GLOBAL,Regional / local,Senior / Open,SHARED_BRIDGE_ONLY,valid shared-skill evidence without a governed direct target-head label,True,False
2025-10-16,Test Refonte,CEC,Regional / local,Senior / Open,QUARANTINE,event name is explicitly labelled TEST,True,False
2025-10-18,TEST Lead Event,CEC,Regional / local,Senior / Open,QUARANTINE,event name is explicitly labelled TEST,True,False
2025-10-18,3a Prueba Copa España Dificultad,FEDME,Regional / local,Senior / Open,FED:FEDME,direct federation-level evidence,True,False
2025-10-18,Testevent Lead,SAC-CAS,Regional / local,Senior / Open,FED:SAC-CAS,direct federation-level evidence,True,False
2025-10-18,R11 Uplift Climbing QE 2025-26,USAC,Regional / local youth,Youth,FED:USAC:YOUTH,direct federation-level evidence,True,False
2025-10-18,R12 Bend Endurance Academy QE 2025-26,USAC,Regional / local youth,Youth,FED:USAC:YOUTH,direct federation-level evidence,True,False
2025-10-18,R22 Grip Bouldering QE 2025-26,USAC,Regional / local youth,Youth,FED:USAC:YOUTH,direct federation-level evidence,True,False
2025-10-18,R31 Long Beach Rising QE 2025-26,USAC,Regional / local youth,Youth,FED:USAC:YOUTH,direct federation-level evidence,True,False
2025-10-18,R32 Gecko Climbing Gym QE 2025-26,USAC,Regional / local youth,Youth,FED:USAC:YOUTH,direct federation-level evidence,True,False
2025-10-18,R41 Ubergrippen Indoor Climbing Crag QE 2025-26,USAC,Regional / local youth,Youth,FED:USAC:YOUTH,direct federation-level evidence,True,False
2025-10-18,R52 Memphis Rox QE 2025-26,USAC,Regional / local youth,Youth,FED:USAC:YOUTH,direct federation-level evidence,True,False
2025-10-18,R61 First Ascent Arlington Heights QE/QST 2025-26,USAC,Regional / local youth,Youth,FED:USAC:YOUTH,direct federation-level evidence,True,False
2025-10-18,R71 Active Climbing Augusta QE 2025-26,USAC,Regional / local youth,Youth,FED:USAC:YOUTH,direct federation-level evidence,True,False
2025-10-18,R72 Triangle Rock Club - Salvage Yard QE 2025-26,USAC,Regional / local youth,Youth,FED:USAC:YOUTH,direct federation-level evidence,True,False
2025-10-18,R82 Gravity Vault Montclair QE 2025-26,USAC,Regional / local youth,Youth,FED:USAC:YOUTH,direct federation-level evidence,True,False
2025-10-18,Training Flash (Boulder),USAC,Regional / local youth,Youth,FED:USAC:YOUTH,direct federation-level evidence,True,False
2025-10-18,Training Modified Redpoint (Boulder),USAC,Regional / local youth,Youth,FED:USAC:YOUTH,direct federation-level evidence,True,False
2025-10-18,Training Modified Redpoint (Lead|TR),USAC,Regional / local youth,Youth,FED:USAC:YOUTH,direct federation-level evidence,True,False
2025-10-18,Büyükler Lider Türkiye Kupası Samsun,VL-GLOBAL,Regional / local,Senior / Open,SHARED_BRIDGE_ONLY,valid shared-skill evidence without a governed direct target-head label,True,False
2025-10-18,Tromsø Buldrejam,VL-GLOBAL,Regional / local,Senior / Open,SHARED_BRIDGE_ONLY,valid shared-skill evidence without a governed direct target-head label,True,False
2025-10-18,Tromsø Buldrejam,VL-GLOBAL,Regional / local youth,Youth,SHARED_BRIDGE_ONLY,valid shared-skill evidence without a governed direct target-head label,True,False
2025-10-18,Youth Climbing Series Round 4 (Routes),VL-GLOBAL,Regional / local youth,Youth,SHARED_BRIDGE_ONLY,valid shared-skill evidence without a governed direct target-head label,True,False
2025-10-19,Emilia Romagna - Campionato Regionale 1° prova (B),FASI,Regional / local,Senior / Open,FED:FASI,direct federation-level evidence,True,False
2025-10-19,MO CRP,USAC,Regional / local,Senior / Open,FED:USAC,direct federation-level evidence,True,False
2025-10-19,R21 Session Climbing QE 2025-26,USAC,Regional / local youth,Youth,FED:USAC:YOUTH,direct federation-level evidence,True,False
2025-10-19,Test Blockhelden,VL-GLOBAL,Regional / local,Senior / Open,QUARANTINE,event name is explicitly labelled TEST,True,False
2025-10-23,International Speed Master Meishan 2025,IFSC,International other,Senior / Open,SHARED_BRIDGE_ONLY,valid shared-skill evidence without a governed direct target-head label,True,False
2025-10-24,IFSC European Cup Laval 2025,IFSC,Continental series,Senior / Open,IFSC_REG:EUROPE,direct IFSC regional/continental evidence,True,False
2025-10-24,EVENTO PRUEBA BUNKER,VL-GLOBAL,Regional / local,Senior / Open,SHARED_BRIDGE_ONLY,valid shared-skill evidence without a governed direct target-head label,True,False
2025-10-24,VESO 2025 2.0,VL-GLOBAL,Regional / local,Senior / Open,SHARED_BRIDGE_ONLY,valid shared-skill evidence without a governed direct target-head label,True,False
2025-10-24,VESO 2025 2.0,VL-GLOBAL,Regional / local youth,Youth,SHARED_BRIDGE_ONLY,valid shared-skill evidence without a governed direct target-head label,True,False
2025-10-25,ACA Youth B/A/Jr Boulder Local ARQ Cranbrook,CEC,Regional / local youth,Youth,FED:CEC:YOUTH,direct federation-level evidence,True,False
2025-10-25,SCBC Tier 2 Boulder Event,CEC,Regional / local,Senior / Open,FED:CEC,direct federation-level evidence,True,False
2025-10-25,SCBC Tier 2 Boulder Event,CEC,Regional / local youth,Youth,FED:CEC:YOUTH,direct federation-level evidence,True,False
2025-10-25,3a Prueba Copa España Bloque,FEDME,Regional / local,Senior / Open,FED:FEDME,direct federation-level evidence,True,False
2025-10-25,3a Prueba Copa España Velocidad,FEDME,Regional / local,Senior / Open,FED:FEDME,direct federation-level evidence,True,False
2025-10-25,IFSC Youth European Cup Laval 2025,IFSC,Continental series youth,Youth,IFSC_REG:EUROPE:YOUTH,direct IFSC regional/continental evidence,True,False
2025-10-25,Collegiate Training Modified Redpoint (Lead|Top Rope),USAC,Regional / local,Senior / Open,FED:USAC,direct federation-level evidence,True,False
2025-10-25,R11 High Steppe Climbing Center QE 2025-26,USAC,Regional / local youth,Youth,FED:USAC:YOUTH,direct federation-level evidence,True,False
2025-10-25,R22 Momentum Fort Union QE 2025-26,USAC,Regional / local youth,Youth,FED:USAC:YOUTH,direct federation-level evidence,True,False
2025-10-25,R31 Sender One Lakewood QE 2025-26,USAC,Regional / local youth,Youth,FED:USAC:YOUTH,direct federation-level evidence,True,False
2025-10-25,"R42 Longmont Climbing Collective QST 2025-26 (U15, U17, U19, U20 only)",USAC,Regional / local youth,Youth,FED:USAC:YOUTH,direct federation-level evidence,True,False
2025-10-25,R51 Canyons Rock Climbing QE 2025-26,USAC,Regional / local youth,Youth,FED:USAC:YOUTH,direct federation-level evidence,True,False
2025-10-25,R52 Ibex Climbing Gym QE 2025-26,USAC,Regional / local youth,Youth,FED:USAC:YOUTH,direct federation-level evidence,True,False
2025-10-25,R61 Vertical Endeavors Twin Cities Bouldering QE 2025-26,USAC,Regional / local youth,Youth,FED:USAC:YOUTH,direct federation-level evidence,True,False
2025-10-25,R62 EPIC Climbing and Fitness QE/QST 2025-26,USAC,Regional / local youth,Youth,FED:USAC:YOUTH,direct federation-level evidence,True,False
2025-10-25,R71 Central Rock Gym - Atlanta Bouldering QE 2025-26,USAC,Regional / local youth,Youth,FED:USAC:YOUTH,direct federation-level evidence,True,False
2025-10-25,R71 DynoClimb QE 2025-26,USAC,Regional / local youth,Youth,FED:USAC:YOUTH,direct federation-level evidence,True,False
2025-10-25,R72 BlocHaven QE 2025-26,USAC,Regional / local youth,Youth,FED:USAC:YOUTH,direct federation-level evidence,True,False
2025-10-25,R81 State Climb QE 2025-26,USAC,Regional / local youth,Youth,FED:USAC:YOUTH,direct federation-level evidence,True,False
2025-10-25,R82 Central Rock Gym - Syracuse QE 2025-26,USAC,Regional / local youth,Youth,FED:USAC:YOUTH,direct federation-level evidence,True,False
2025-10-25,R91 The Gravity Vault - Westbury QE 2025-26,USAC,Regional / local youth,Youth,FED:USAC:YOUTH,direct federation-level evidence,True,False
2025-10-25,R92 Salt Pump Climbing Co QE 2025-26,USAC,Regional / local youth,Youth,FED:USAC:YOUTH,direct federation-level evidence,True,False
2025-10-25,Boulderfest - Brooklyn,VL-GLOBAL,Regional / local,Senior / Open,SHARED_BRIDGE_ONLY,valid shared-skill evidence without a governed direct target-head label,True,False
2025-10-25,Contest BlocUP,VL-GLOBAL,Regional / local,Senior / Open,SHARED_BRIDGE_ONLY,valid shared-skill evidence without a governed direct target-head label,True,False
2025-10-25,Test - Boulderfest Brooklyn,VL-GLOBAL,Regional / local,Senior / Open,QUARANTINE,event name is explicitly labelled TEST,True,False
2025-10-25,VESO 2025 1.0,VL-GLOBAL,Regional / local,Senior / Open,SHARED_BRIDGE_ONLY,valid shared-skill evidence without a governed direct target-head label,True,False
2025-10-25,VESO 2025 1.0,VL-GLOBAL,Regional / local youth,Youth,SHARED_BRIDGE_ONLY,valid shared-skill evidence without a governed direct target-head label,True,False
2025-10-26,Boulder Test,CEC,Regional / local,Senior / Open,QUARANTINE,event name is explicitly labelled TEST,True,False
2025-10-26,Boulder Test,CEC,Regional / local youth,Youth,QUARANTINE,event name is explicitly labelled TEST,True,False
2025-10-26,SCBC Speed Local,CEC,Regional / local,Senior / Open,FED:CEC,direct federation-level evidence,True,False
2025-10-26,SCBC Speed Local,CEC,Regional / local youth,Youth,FED:CEC:YOUTH,direct federation-level evidence,True,False
2025-10-26,Speed Test,CEC,Regional / local,Senior / Open,QUARANTINE,event name is explicitly labelled TEST,True,False
2025-10-26,Speed Test,CEC,Regional / local youth,Youth,QUARANTINE,event name is explicitly labelled TEST,True,False
2025-10-26,R12 Multnomah Athletic Club QE 2025-26,USAC,Regional / local youth,Youth,FED:USAC:YOUTH,direct federation-level evidence,True,False
2025-10-26,R42 G1 Climbing + Fitness QE 2025-26,USAC,Regional / local youth,Youth,FED:USAC:YOUTH,direct federation-level evidence,True,False
2025-10-27,Boulder League Madrid,VL-GLOBAL,Regional / local,Senior / Open,SHARED_BRIDGE_ONLY,valid shared-skill evidence without a governed direct target-head label,True,False
2025-10-30,Test Event,VL-GLOBAL,Regional / local,Senior / Open,QUARANTINE,event name is explicitly labelled TEST,True,False
2025-10-31,IFSC European Cup Toulouse-Tournefeuille 2025,IFSC,Continental series,Senior / Open,IFSC_REG:EUROPE,direct IFSC regional/continental evidence,True,False
2025-10-31,Boulderplanet - Flotter Freitag Oktober 2025,VL-GLOBAL,Regional / local,Senior / Open,SHARED_BRIDGE_ONLY,valid shared-skill evidence without a governed direct target-head label,True,False
2025-11-01,OCF Speed Provincials,CEC,Regional / local,Senior / Open,FED:CEC,direct federation-level evidence,True,False
2025-11-01,OCF Speed Provincials,CEC,Regional / local youth,Youth,FED:CEC:YOUTH,direct federation-level evidence,True,False
2025-11-01,IFSC Youth European Cup Toulouse-Tournefeuille 2025,IFSC,Continental series youth,Youth,IFSC_REG:EUROPE:YOUTH,direct IFSC regional/continental evidence,True,False
2025-11-01,The Bridge - Boulderplausch mit Finale - Bouba Baden,SAC-CAS,Regional / local,Senior / Open,FED:SAC-CAS,direct federation-level evidence,True,False
2025-11-01,R11 Rock Shop Climbing QE 2025-26,USAC,Regional / local youth,Youth,FED:USAC:YOUTH,direct federation-level evidence,True,False
2025-11-01,R12 Brimstone Boulders QE 2025-26,USAC,Regional / local youth,Youth,FED:USAC:YOUTH,direct federation-level evidence,True,False
2025-11-01,R21 Alpine Climbing Adventure Fitness QE 2025-26,USAC,Regional / local youth,Youth,FED:USAC:YOUTH,direct federation-level evidence,True,False
2025-11-01,R32 Climbmax Rock Gym QE 2025-26,USAC,Regional / local youth,Youth,FED:USAC:YOUTH,direct federation-level evidence,True,False
2025-11-01,R41 Stratus Climbing QE 2025-26,USAC,Regional / local youth,Youth,FED:USAC:YOUTH,direct federation-level evidence,True,False
2025-11-01,R42 ABC Climbing QE 2025-26,USAC,Regional / local youth,Youth,FED:USAC:YOUTH,direct federation-level evidence,True,False
2025-11-01,R51 Mesa Rim - Austin QE 2025-26,USAC,Regional / local youth,Youth,FED:USAC:YOUTH,direct federation-level evidence,True,False
2025-11-01,R52 Climb Nashville West QE 2025-26,USAC,Regional / local youth,Youth,FED:USAC:YOUTH,direct federation-level evidence,True,False
2025-11-01,R61 Climb Iowa East Village QE 2025-26,USAC,Regional / local youth,Youth,FED:USAC:YOUTH,direct federation-level evidence,True,False
2025-11-01,R62 Apex Climbing Gym QE 2025-26,USAC,Regional / local youth,Youth,FED:USAC:YOUTH,direct federation-level evidence,True,False
2025-11-01,R81 Send It QE 2025-26,USAC,Regional / local youth,Youth,FED:USAC:YOUTH,direct federation-level evidence,True,False
2025-11-01,R82 Method Climbing QE 2025-26,USAC,Regional / local youth,Youth,FED:USAC:YOUTH,direct federation-level evidence,True,False
2025-11-01,R92 Metrorock - Littleton QE 2025-26,USAC,Regional / local youth,Youth,FED:USAC:YOUTH,direct federation-level evidence,True,False
2025-11-01,Test Event - Flash 3 Routes,USAC,Regional / local youth,Youth,QUARANTINE,event name is explicitly labelled TEST,True,False
2025-11-01,Boulderfest Boston,VL-GLOBAL,Regional / local,Senior / Open,SHARED_BRIDGE_ONLY,valid shared-skill evidence without a governed direct target-head label,True,False
2025-11-01,Test Boulderfest Bos,VL-GLOBAL,Regional / local,Senior / Open,QUARANTINE,event name is explicitly labelled TEST,True,False
2025-11-02,SCBC Speed Local #2,CEC,Regional / local,Senior / Open,FED:CEC,direct federation-level evidence,True,False
2025-11-02,SCBC Speed Local #2,CEC,Regional / local youth,Youth,FED:CEC:YOUTH,direct federation-level evidence,True,False
2025-11-03,Get High 2025 Finals Test,VL-GLOBAL,Regional / local,Senior / Open,QUARANTINE,event name is explicitly labelled TEST,True,False
2025-11-03,Vienna Boulder Tour 2025 - blockfabrik,VL-GLOBAL,Regional / local,Senior / Open,SHARED_BRIDGE_ONLY,valid shared-skill evidence without a governed direct target-head label,True,False
2025-11-07,Pratique pour nouveau HJ,CEC,Regional / local youth,Youth,FED:CEC:YOUTH,direct federation-level evidence,True,False
2025-11-08,ACA Youth B/A/Jr/Open Lead Local CCC Hanger Calgary,CEC,Regional / local youth,Youth,FED:CEC:YOUTH,direct federation-level evidence,True,False
2025-11-08,ACA Youth B/A/Jr/Open Lead Local CCC Hanger Calgary,CEC,Regional / local,Youth,FED:CEC:YOUTH,direct federation-level evidence,True,False
2025-11-08,D1 Bloc #1 Délire Ste-Foy,CEC,Regional / local youth,Youth,FED:CEC:YOUTH,direct federation-level evidence,True,False
2025-11-08,Jam Format Test,CEC,Regional / local youth,Youth,QUARANTINE,event name is explicitly labelled TEST,True,False
2025-11-08,November Sessions,CEC,Regional / local,Senior / Open,FED:CEC,direct federation-level evidence,True,False
2025-11-08,November Sessions,CEC,Regional / local youth,Youth,FED:CEC:YOUTH,direct federation-level evidence,True,False
2025-11-08,OCF Senior Lead Qualifier,CEC,Regional / local,Senior / Open,FED:CEC,direct federation-level evidence,True,False
2025-11-08,R12 Bend Rock Gym QE 2025-26,USAC,Regional / local youth,Youth,FED:USAC:YOUTH,direct federation-level evidence,True,False
2025-11-08,R21 Bridges Rock Gym QE 2025-26,USAC,Regional / local youth,Youth,FED:USAC:YOUTH,direct federation-level evidence,True,False
2025-11-08,R22 Spire Climbing + Fitness - Main Facility QE 2025-26,USAC,Regional / local youth,Youth,FED:USAC:YOUTH,direct federation-level evidence,True,False
2025-11-08,R31 The Pad - Santa Barbara QE 2025-26,USAC,Regional / local youth,Youth,FED:USAC:YOUTH,direct federation-level evidence,True,False
2025-11-08,R41 Eagle Climbing + Fitness QE 2025-26,USAC,Regional / local youth,Youth,FED:USAC:YOUTH,direct federation-level evidence,True,False
2025-11-08,R51 Armadillo Boulders QE 2025-26,USAC,Regional / local youth,Youth,FED:USAC:YOUTH,direct federation-level evidence,True,False
2025-11-08,R52 Upper Limits - Chesterfield QE 2025-26,USAC,Regional / local youth,Youth,FED:USAC:YOUTH,direct federation-level evidence,True,False
2025-11-08,R61 Vertical Endeavors Glendale Heights QE 2025-26,USAC,Regional / local youth,Youth,FED:USAC:YOUTH,direct federation-level evidence,True,False
2025-11-08,R71 The Edge Rock Gym Jacksonville QE 2025-26,USAC,Regional / local youth,Youth,FED:USAC:YOUTH,direct federation-level evidence,True,False
2025-11-08,R71 The Overlook Boulder & Fitness QE 2025-26,USAC,Regional / local youth,Youth,FED:USAC:YOUTH,direct federation-level evidence,True,False
2025-11-08,R72 Ruckus Climbing Gym QE 2025-26,USAC,Regional / local youth,Youth,FED:USAC:YOUTH,direct federation-level evidence,True,False
2025-11-08,R91 Rock Climb Fairfield QE 2025-26,USAC,Regional / local youth,Youth,FED:USAC:YOUTH,direct federation-level evidence,True,False
2025-11-08,R92 Central Rock Gym - Randolph QE 2025-26,USAC,Regional / local youth,Youth,FED:USAC:YOUTH,direct federation-level evidence,True,False
2025-11-08,Boulderfest - SEA,VL-GLOBAL,Regional / local,Senior / Open,SHARED_BRIDGE_ONLY,valid shared-skill evidence without a governed direct target-head label,True,False
2025-11-08,TEST - Boulderfest - SEA,VL-GLOBAL,Regional / local,Senior / Open,QUARANTINE,event name is explicitly labelled TEST,True,False
2025-11-08,VELS-X-Masters Finale,VL-GLOBAL,Regional / local,Senior / Open,SHARED_BRIDGE_ONLY,valid shared-skill evidence without a governed direct target-head label,True,False
2025-11-09,Lazio Campionato Regionale 1ª prova (B),FASI,Regional / local,Senior / Open,FED:FASI,direct federation-level evidence,True,False
2025-11-09,R11 Seattle Bouldering Project - Poplar QE 2025-26,USAC,Regional / local youth,Youth,FED:USAC:YOUTH,direct federation-level evidence,True,False
2025-11-09,R52 Climb So iLL QE 2025-26,USAC,Regional / local youth,Youth,FED:USAC:YOUTH,direct federation-level evidence,True,False
2025-11-09,TEst Semio,VL-GLOBAL,Regional / local,Senior / Open,QUARANTINE,event name is explicitly labelled TEST,True,False
2025-11-10,Vienna Boulder Tour 2025 - Boulder Monkeys,VL-GLOBAL,Regional / local,Senior / Open,SHARED_BRIDGE_ONLY,valid shared-skill evidence without a governed direct target-head label,True,False
2025-11-12,Test Sacramento,VL-GLOBAL,Regional / local,Senior / Open,QUARANTINE,event name is explicitly labelled TEST,True,False
2025-11-14,R22 Salt Lake Bouldering Project QE 2025-26,USAC,Regional / local youth,Youth,FED:USAC:YOUTH,direct federation-level evidence,True,False
2025-11-14,Training Flash (Lead|TR),USAC,Regional / local youth,Youth,FED:USAC:YOUTH,direct federation-level evidence,True,False
2025-11-14,Boulderfest 2025 - SLC,VL-GLOBAL,Regional / local,Senior / Open,SHARED_BRIDGE_ONLY,valid shared-skill evidence without a governed direct target-head label,True,False
2025-11-14,Naturkompaniet Cupen,VL-GLOBAL,Regional / local,Senior / Open,SHARED_BRIDGE_ONLY,valid shared-skill evidence without a governed direct target-head label,True,False
2025-11-15,ACA Youth D/C/Tier 2 Boulder Local Trailhead Red Deer,CEC,Regional / local youth,Youth,FED:CEC:YOUTH,direct federation-level evidence,True,False
2025-11-15,Difficulty Local,CEC,Regional / local,Senior / Open,FED:CEC,direct federation-level evidence,True,False
2025-11-15,Difficulty Local,CEC,Regional / local youth,Youth,FED:CEC:YOUTH,direct federation-level evidence,True,False
2025-11-15,OCF E/D/C Boulder Qualifier #1,CEC,Regional / local youth,Youth,FED:CEC:YOUTH,direct federation-level evidence,True,False
2025-11-15,Abruzzo Campionato Regionale 1° prova (B),FASI,Regional / local,Senior / Open,FED:FASI,direct federation-level evidence,True,False
2025-11-15,TAA Campionato Regionale (B),FASI,Regional / local,Senior / Open,FED:FASI,direct federation-level evidence,True,False
2025-11-15,ZKM Plauschwettkampf Erwachsene 2025 (Boulder) - Minimum Zürich,SAC-CAS,Regional / local,Senior / Open,FED:SAC-CAS,direct federation-level evidence,True,False
2025-11-15,Zürcher Klettermeisterschaft 2025 (Boulder) - Minimum Zürich,SAC-CAS,Regional / local,Senior / Open,FED:SAC-CAS,direct federation-level evidence,True,False
2025-11-15,R11 Insight Climbing Bainbridge Island  QE 2025-26,USAC,Regional / local youth,Youth,FED:USAC:YOUTH,direct federation-level evidence,True,False
2025-11-15,R32 Beta Bouldering Gym QE 2025-26,USAC,Regional / local youth,Youth,FED:USAC:YOUTH,direct federation-level evidence,True,False
2025-11-15,R32 Rockreation Costa Mesa QE 2025-26,USAC,Regional / local youth,Youth,FED:USAC:YOUTH,direct federation-level evidence,True,False
2025-11-15,R41 Gravity Lab QE 2025-26,USAC,Regional / local youth,Youth,FED:USAC:YOUTH,direct federation-level evidence,True,False
2025-11-15,R42 Movement - Boulder QE 2025-26,USAC,Regional / local youth,Youth,FED:USAC:YOUTH,direct federation-level evidence,True,False
2025-11-15,R51 Crux Climbing Center Pflugerville QE 2025-26,USAC,Regional / local youth,Youth,FED:USAC:YOUTH,direct federation-level evidence,True,False
2025-11-15,R61 Adventure Rock - Milwaukee QE 2025-26,USAC,Regional / local youth,Youth,FED:USAC:YOUTH,direct federation-level evidence,True,False
2025-11-15,R62 Shaker Rocks QE 2025-26,USAC,Regional / local youth,Youth,FED:USAC:YOUTH,direct federation-level evidence,True,False
2025-11-15,"R62 Shaker Rocks QST 2025-26 (U15, U17, U19, U20 only)",USAC,Regional / local youth,Youth,FED:USAC:YOUTH,direct federation-level evidence,True,False
2025-11-15,R71 Central Rock Gym - Citrus Park QE 2025-26,USAC,Regional / local youth,Youth,FED:USAC:YOUTH,direct federation-level evidence,True,False
2025-11-15,"R81 Sportrock RIO QST 2025-26 (U15, U17, U19, U20 only)",USAC,Regional / local youth,Youth,FED:USAC:YOUTH,direct federation-level evidence,True,False
2025-11-15,R82 Reach Climbing & Fitness QE 2025-26,USAC,Regional / local youth,Youth,FED:USAC:YOUTH,direct federation-level evidence,True,False
2025-11-15,R91 Movement - Harlem QE 2025-26,USAC,Regional / local youth,Youth,FED:USAC:YOUTH,direct federation-level evidence,True,False
2025-11-15,R92 Rock Spot Boston/Dedham QE 2025-26,USAC,Regional / local youth,Youth,FED:USAC:YOUTH,direct federation-level evidence,True,False
2025-11-15,"Gençler,Genç A,Genç B Lider Türkiye Kupası Samsun",VL-GLOBAL,Regional / local youth,Youth,SHARED_BRIDGE_ONLY,valid shared-skill evidence without a governed direct target-head label,True,False
2025-11-15,TEST - Boulderfest -SLC,VL-GLOBAL,Regional / local,Senior / Open,QUARANTINE,event name is explicitly labelled TEST,True,False
2025-11-16,ACA C/B/A/Jr/Open Speed Local CCC Rocky Calgary,CEC,Regional / local,Senior / Open,FED:CEC,direct federation-level evidence,True,False
2025-11-16,ACA C/B/A/Jr/Open Speed Local CCC Rocky Calgary,CEC,Regional / local youth,Youth,FED:CEC:YOUTH,direct federation-level evidence,True,False
2025-11-16,Basilicata campionato regionale 2° prova (B),FASI,Regional / local,Senior / Open,FED:FASI,direct federation-level evidence,True,False
2025-11-16,Campania Campionato regionale 2° prova (B),FASI,Regional / local,Senior / Open,FED:FASI,direct federation-level evidence,True,False
2025-11-16,Emilia Romagna - Campionato Regionale 2° prova (B),FASI,Regional / local,Senior / Open,FED:FASI,direct federation-level evidence,True,False
2025-11-16,Piemonte Campionato Regionale 1° prova (B),FASI,Regional / local,Senior / Open,FED:FASI,direct federation-level evidence,True,False
2025-11-16,Puglia campionato regionale 2° prova (B),FASI,Regional / local,Senior / Open,FED:FASI,direct federation-level evidence,True,False
2025-11-16,Sicilia Campionato Regionale (B),FASI,Regional / local,Senior / Open,FED:FASI,direct federation-level evidence,True,False
2025-11-16,Valle d'Aosta Campionato Regionale 1° prova (B),FASI,Regional / local,Senior / Open,FED:FASI,direct federation-level evidence,True,False
2025-11-16,R41 Climb Tulsa QE 2025-26,USAC,Regional / local youth,Youth,FED:USAC:YOUTH,direct federation-level evidence,True,False
2025-11-17,Vienna Boulder Tour 2025 - Edelweiss Walfischgasse,VL-GLOBAL,Regional / local,Senior / Open,SHARED_BRIDGE_ONLY,valid shared-skill evidence without a governed direct target-head label,True,False
2025-11-21,BUYUKLER BOULDER DENEME,VL-GLOBAL,Regional / local,Senior / Open,SHARED_BRIDGE_ONLY,valid shared-skill evidence without a governed direct target-head label,True,False
2025-11-21,Test Event,VL-GLOBAL,Regional / local,Senior / Open,QUARANTINE,event name is explicitly labelled TEST,True,False
2025-11-22,IFSC Pan American Cup Armenia 2025,IFSC,Continental series,Senior / Open,IFSC_REG:PAN_AMERICA,direct IFSC regional/continental evidence,True,False
2025-11-22,R11 Riverfront Rock Gym QE 2025-26,USAC,Regional / local youth,Youth,FED:USAC:YOUTH,direct federation-level evidence,True,False
2025-11-22,R21 Blue Granite Climbing Gym QE 2025-26,USAC,Regional / local youth,Youth,FED:USAC:YOUTH,direct federation-level evidence,True,False
2025-11-22,R41 Santa Fe Climbing Center QE 2025-26,USAC,Regional / local youth,Youth,FED:USAC:YOUTH,direct federation-level evidence,True,False
2025-11-22,R71 High Point Climbing and Fitness - Lincoln Mill QE 2025-26,USAC,Regional / local youth,Youth,FED:USAC:YOUTH,direct federation-level evidence,True,False
2025-11-22,R81 Movement Rockville QE 2025-26,USAC,Regional / local youth,Youth,FED:USAC:YOUTH,direct federation-level evidence,True,False
2025-11-22,SPOR TIRMANIS BUYUKLER BOULDER TURKIYE SAMPIYONASI,VL-GLOBAL,Regional / local,Senior / Open,SHARED_BRIDGE_ONLY,valid shared-skill evidence without a governed direct target-head label,True,False
2025-11-23,Abruzzo Campionato Regionale Senior (L),FASI,Regional / local,Senior / Open,FED:FASI,direct federation-level evidence,True,False
2025-11-23,Lazio Campionato Regionale 1ª prova (L),FASI,Regional / local,Senior / Open,FED:FASI,direct federation-level evidence,True,False
2025-11-24,Vienna Boulder Tour 2025 - Kletterhalle Marswiese,VL-GLOBAL,Regional / local,Senior / Open,SHARED_BRIDGE_ONLY,valid shared-skill evidence without a governed direct target-head label,True,False
2025-11-28,Test Final,VL-GLOBAL,Regional / local,Senior / Open,QUARANTINE,event name is explicitly labelled TEST,True,False
2025-11-29,OCF B/A/JR Lead Qualifier #1,CEC,Regional / local youth,Youth,FED:CEC:YOUTH,direct federation-level evidence,True,False
2025-11-29,Recreate R92 Issue,USAC,Regional / local youth,Youth,FED:USAC:YOUTH,direct federation-level evidence,True,False
2025-11-29,Training Classic Redpoint (Lead|TR),USAC,Regional / local youth,Youth,FED:USAC:YOUTH,direct federation-level evidence,True,False
2025-11-29,BoulderBash 2025,VL-GLOBAL,Regional / local youth,Youth,SHARED_BRIDGE_ONLY,valid shared-skill evidence without a governed direct target-head label,True,False
2025-11-29,SM-Lead 2025,VL-GLOBAL,Regional / local,Senior / Open,SHARED_BRIDGE_ONLY,valid shared-skill evidence without a governed direct target-head label,True,False
2025-11-29,Spor Tırmanış Hız (Speed) Türkiye Kupası (29-30/11/2025),VL-GLOBAL,Regional / local,Senior / Open,SHARED_BRIDGE_ONLY,valid shared-skill evidence without a governed direct target-head label,True,False
2025-11-29,Spor Tırmanış Hız (Speed) Türkiye Kupası (29-30/11/2025),VL-GLOBAL,Regional / local youth,Youth,SHARED_BRIDGE_ONLY,valid shared-skill evidence without a governed direct target-head label,True,False
2025-11-30,Basilicata campionato regionale 3° prova (B),FASI,Regional / local,Senior / Open,FED:FASI,direct federation-level evidence,True,False
2025-11-30,Campania campionato regionale 3° prova (B),FASI,Regional / local,Senior / Open,FED:FASI,direct federation-level evidence,True,False
2025-11-30,Puglia Campionato regionale 3° prova (B),FASI,Regional / local,Senior / Open,FED:FASI,direct federation-level evidence,True,False
2025-11-30,Sardegna Campionato Regionale 1° prova,FASI,Regional / local,Senior / Open,FED:FASI,direct federation-level evidence,True,False
2025-11-30,National Lead Championship + Open 2025,VL-GLOBAL,Regional / local,Senior / Open,SHARED_BRIDGE_ONLY,valid shared-skill evidence without a governed direct target-head label,True,False
2025-12-05,DENEME TEST BOULDER,VL-GLOBAL,Regional / local,Senior / Open,QUARANTINE,event name is explicitly labelled TEST,True,False
2025-12-05,Flotten-Freitag 2025 - Finale,VL-GLOBAL,Regional / local,Senior / Open,SHARED_BRIDGE_ONLY,valid shared-skill evidence without a governed direct target-head label,True,False
2025-12-05,Test Swedenm,VL-GLOBAL,Regional / local,Senior / Open,QUARANTINE,event name is explicitly labelled TEST,True,False
2025-12-05,minik küçük yıldız boulder deneme,VL-GLOBAL,Regional / local youth,Youth,SHARED_BRIDGE_ONLY,valid shared-skill evidence without a governed direct target-head label,True,False
2025-12-06,DecemberFest Allez Up,CEC,Regional / local youth,Youth,FED:CEC:YOUTH,direct federation-level evidence,True,False
2025-12-06,OCF B/A/JR Boulder Qualifier #1,CEC,Regional / local youth,Youth,FED:CEC:YOUTH,direct federation-level evidence,True,False
2025-12-06,SCBC Boulder Local - Bonfire,CEC,Regional / local,Senior / Open,FED:CEC,direct federation-level evidence,True,False
2025-12-06,SCBC Boulder Local - Bonfire,CEC,Regional / local youth,Youth,FED:CEC:YOUTH,direct federation-level evidence,True,False
2025-12-06,Youth B/A/Jr/Open Boulder Local - Blocs - Edmonton,CEC,Regional / local youth,Youth,FED:CEC:YOUTH,direct federation-level evidence,True,False
2025-12-06,Youth B/A/Jr/Open Boulder Local - Blocs - Edmonton,CEC,Regional / local,Youth,FED:CEC:YOUTH,direct federation-level evidence,True,False
2025-12-06,R12 Source Climbing Center QE 2025-26,USAC,Regional / local youth,Youth,FED:USAC:YOUTH,direct federation-level evidence,True,False
2025-12-06,R21 High Altitude Truckee QE 2025-26,USAC,Regional / local youth,Youth,FED:USAC:YOUTH,direct federation-level evidence,True,False
2025-12-06,R22 Asana Climbing Gym QE 2025-26,USAC,Regional / local youth,Youth,FED:USAC:YOUTH,direct federation-level evidence,True,False
2025-12-06,R31 The Post QE 2025-26,USAC,Regional / local youth,Youth,FED:USAC:YOUTH,direct federation-level evidence,True,False
2025-12-06,R41 Stone Age Climbing Gym - Midtown QE 2025-26,USAC,Regional / local youth,Youth,FED:USAC:YOUTH,direct federation-level evidence,True,False
2025-12-06,R42 Boulder Rock Club QE 2025-26,USAC,Regional / local youth,Youth,FED:USAC:YOUTH,direct federation-level evidence,True,False
2025-12-06,R42 Training Event,USAC,Regional / local youth,Youth,FED:USAC:YOUTH,direct federation-level evidence,True,False
2025-12-06,R52 Climb Bentonville QE 2025-26,USAC,Regional / local youth,Youth,FED:USAC:YOUTH,direct federation-level evidence,True,False
2025-12-06,R61 First Ascent Humboldt Park QE 2025-26,USAC,Regional / local youth,Youth,FED:USAC:YOUTH,direct federation-level evidence,True,False
2025-12-06,R61 Training Event,USAC,Regional / local,Senior / Open,FED:USAC,direct federation-level evidence,True,False
2025-12-06,R62 Hoosier Heights Indianapolis QE 2025-26,USAC,Regional / local youth,Youth,FED:USAC:YOUTH,direct federation-level evidence,True,False
2025-12-06,R62 Training Event,USAC,Regional / local,Senior / Open,FED:USAC,direct federation-level evidence,True,False
2025-12-06,R72 Bigfoot Climbing Gym QE 2025-26,USAC,Regional / local youth,Youth,FED:USAC:YOUTH,direct federation-level evidence,True,False
2025-12-06,R72 Training Event,USAC,Regional / local youth,Youth,FED:USAC:YOUTH,direct federation-level evidence,True,False
2025-12-06,R81 Peak Experiences - Richmond QE 2025-26,USAC,Regional / local youth,Youth,FED:USAC:YOUTH,direct federation-level evidence,True,False
2025-12-06,R82 Central Rock Gym - Buffalo QE 2025-26,USAC,Regional / local youth,Youth,FED:USAC:YOUTH,direct federation-level evidence,True,False
2025-12-06,R82 Training Event,USAC,Regional / local youth,Youth,FED:USAC:YOUTH,direct federation-level evidence,True,False
2025-12-06,R91 Central Rock Gym - Chelsea QE 2025-26,USAC,Regional / local youth,Youth,FED:USAC:YOUTH,direct federation-level evidence,True,False
2025-12-06,R91 Training Event,USAC,Regional / local youth,Youth,FED:USAC:YOUTH,direct federation-level evidence,True,False
2025-12-06,Test Scoring Jam,USAC,Regional / local,Senior / Open,QUARANTINE,event name is explicitly labelled TEST,True,False
2025-12-06,Open Bloc Vertic-Halle,VL-GLOBAL,Regional / local,Senior / Open,SHARED_BRIDGE_ONLY,valid shared-skill evidence without a governed direct target-head label,True,False
2025-12-06,"Spor Tırmanış Boulder Minikler, Küçükler, Yıldızlar Türkiye Kupası",VL-GLOBAL,Regional / local youth,Youth,SHARED_BRIDGE_ONLY,valid shared-skill evidence without a governed direct target-head label,True,False
2025-12-06,Tallinn Boulder Festival 2025,VL-GLOBAL,Regional / local,Senior / Open,SHARED_BRIDGE_ONLY,valid shared-skill evidence without a governed direct target-head label,True,False
2025-12-06,Test Tallin,VL-GLOBAL,Regional / local,Senior / Open,QUARANTINE,event name is explicitly labelled TEST,True,False
2025-12-10,TEST (Quota management),CEC,Regional / local,Senior / Open,QUARANTINE,event name is explicitly labelled TEST,True,False
2025-12-11,Sélection Provinciale Séniore BLOC,CEC,Regional / local,Senior / Open,FED:CEC,direct federation-level evidence,True,False
2025-12-12,Vienna Boulder Tour 2025 FINALE - boulderbar Hannovergasse,VL-GLOBAL,Regional / local,Senior / Open,SHARED_BRIDGE_ONLY,valid shared-skill evidence without a governed direct target-head label,True,False
2025-12-13,OCF Senior Boulder Provincials,CEC,Regional / local,Senior / Open,FED:CEC,direct federation-level evidence,True,False
2025-12-13,Youth D/C/Tier2 Top Rope Local - Bolder Elevated - Calgary,CEC,Regional / local youth,Youth,FED:CEC:YOUTH,direct federation-level evidence,True,False
2025-12-13,Sicilia Campionato Regionale (S),FASI,Regional / local,Senior / Open,FED:FASI,direct federation-level evidence,True,False
2025-12-13,R11 Seattle Bouldering Project - Upper Walls QE 2025-26,USAC,Regional / local youth,Youth,FED:USAC:YOUTH,direct federation-level evidence,True,False
2025-12-13,R21 The Studio QE 2025-26,USAC,Regional / local youth,Youth,FED:USAC:YOUTH,direct federation-level evidence,True,False
2025-12-13,R31 Rockreation Los Angeles QE 2025-26,USAC,Regional / local youth,Youth,FED:USAC:YOUTH,direct federation-level evidence,True,False
2025-12-13,R42 The Campus Climbing + Training QE 2025-26,USAC,Regional / local youth,Youth,FED:USAC:YOUTH,direct federation-level evidence,True,False
2025-12-13,R51 Stone Co. Climbing QE 2025-26,USAC,Regional / local youth,Youth,FED:USAC:YOUTH,direct federation-level evidence,True,False
2025-12-13,R52 High Point Climbing and Fitness - Cleveland QE 2025-26,USAC,Regional / local youth,Youth,FED:USAC:YOUTH,direct federation-level evidence,True,False
2025-12-13,R61 The Proving Ground QE 2025-26,USAC,Regional / local youth,Youth,FED:USAC:YOUTH,direct federation-level evidence,True,False
2025-12-13,R62 Ascend South Side QE 2025-26,USAC,Regional / local youth,Youth,FED:USAC:YOUTH,direct federation-level evidence,True,False
2025-12-13,R71 High Point Climbing and Fitness - Midcity QE 2025-26,USAC,Regional / local youth,Youth,FED:USAC:YOUTH,direct federation-level evidence,True,False
2025-12-13,R91 Movement - Gowanus QE 2025-26,USAC,Regional / local youth,Youth,FED:USAC:YOUTH,direct federation-level evidence,True,False
2025-12-13,R92 Boulder Union QE 2025-26,USAC,Regional / local youth,Youth,FED:USAC:YOUTH,direct federation-level evidence,True,False
2025-12-13,Adventcup 2025,VL-GLOBAL,Regional / local,Senior / Open,SHARED_BRIDGE_ONLY,valid shared-skill evidence without a governed direct target-head label,True,False
2025-12-13,Adventcup 2025,VL-GLOBAL,Regional / local youth,Youth,SHARED_BRIDGE_ONLY,valid shared-skill evidence without a governed direct target-head label,True,False
2025-12-13,Adventcup 25,VL-GLOBAL,Regional / local,Senior / Open,SHARED_BRIDGE_ONLY,valid shared-skill evidence without a governed direct target-head label,True,False
2025-12-14,ACA Speed Provincials,CEC,Regional / local,Senior / Open,FED:CEC,direct federation-level evidence,True,False
2025-12-14,ACA Speed Provincials,CEC,Regional / local youth,Youth,FED:CEC:YOUTH,direct federation-level evidence,True,False
2025-12-14,Basilicata campionato regionale 4° prova (B),FASI,Regional / local,Senior / Open,FED:FASI,direct federation-level evidence,True,False
2025-12-14,Campania campionato regionale 4° prova (B),FASI,Regional / local,Senior / Open,FED:FASI,direct federation-level evidence,True,False
2025-12-14,Lombardia Campionato Regionale 1° prova (B),FASI,Regional / local,Senior / Open,FED:FASI,direct federation-level evidence,True,False
2025-12-14,Piemonte Campionato Regionale 2° prova (B),FASI,Regional / local,Senior / Open,FED:FASI,direct federation-level evidence,True,False
2025-12-14,Puglia Campionato regionale 4° prova (B),FASI,Regional / local,Senior / Open,FED:FASI,direct federation-level evidence,True,False
2025-12-14,Sicilia Campionato Regionale  (L),FASI,Regional / local,Senior / Open,FED:FASI,direct federation-level evidence,True,False
2025-12-14,Valle d'Aosta Campionato Regionale 2° prova (B),FASI,Regional / local,Senior / Open,FED:FASI,direct federation-level evidence,True,False
2025-12-14,R72 Fiddlehead Farm and Forest QE 2025-26,USAC,Regional / local youth,Youth,FED:USAC:YOUTH,direct federation-level evidence,True,False
2025-12-18,Speed test,VL-GLOBAL,Regional / local,Senior / Open,QUARANTINE,event name is explicitly labelled TEST,True,False
2025-12-18,test lead,VL-GLOBAL,Regional / local,Senior / Open,QUARANTINE,event name is explicitly labelled TEST,True,False
2025-12-19,Sélection Provinciale Séniore VOIE,CEC,Regional / local,Senior / Open,FED:CEC,direct federation-level evidence,True,False
2025-12-20,SCBC Open Difficulty Provincials,CEC,Regional / local,Senior / Open,FED:CEC,direct federation-level evidence,True,False
2025-12-20,SCBC Open Difficulty Provincials,CEC,Regional / local youth,Youth,FED:CEC:YOUTH,direct federation-level evidence,True,False
2025-12-20,3. Hilden Speed Classics,VL-GLOBAL,Regional / local,Senior / Open,SHARED_BRIDGE_ONLY,valid shared-skill evidence without a governed direct target-head label,True,False
2025-12-20,3. Hilden Speed Classics,VL-GLOBAL,Regional / local youth,Youth,SHARED_BRIDGE_ONLY,valid shared-skill evidence without a governed direct target-head label,True,False
2025-12-20,Test Lead,VL-GLOBAL,Regional / local,Senior / Open,QUARANTINE,event name is explicitly labelled TEST,True,False
2025-12-21,SCBC Speed Provincials,CEC,Regional / local,Senior / Open,FED:CEC,direct federation-level evidence,True,False
2025-12-21,SCBC Speed Provincials,CEC,Regional / local youth,Youth,FED:CEC:YOUTH,direct federation-level evidence,True,False
2025-12-21,Emilia Romagna - Campionato Regionale 3° prova (B),FASI,Regional / local,Senior / Open,FED:FASI,direct federation-level evidence,True,False
2025-12-21,FVG  campionato Regionale 1° prova (B),FASI,Regional / local,Senior / Open,FED:FASI,direct federation-level evidence,True,False
2025-12-21,R21 Sacramento Pipeworks QE 2025-26,USAC,Regional / local youth,Youth,FED:USAC:YOUTH,direct federation-level evidence,True,False
2025-12-21,"R41 Denver Bouldering Club - South QE 2025-26 (U11, U13, U15 only)",USAC,Regional / local youth,Youth,FED:USAC:YOUTH,direct federation-level evidence,True,False
2025-12-27,"Spor Tırmanış Minikler, Küçükler, Yıldızlar Türkiye Kupası (Lider) – Samsun",VL-GLOBAL,Regional / local youth,Youth,SHARED_BRIDGE_ONLY,valid shared-skill evidence without a governed direct target-head label,True,False
2026-01-03,"R41 Beast Fingers Climbing QE 2025-26 (U17, U19, U20 only)",USAC,Regional / local youth,Youth,FED:USAC:YOUTH,direct federation-level evidence,True,False
2026-01-04,R42 Longmont Climbing Collective QE 2025-26,USAC,Regional / local youth,Youth,FED:USAC:YOUTH,direct federation-level evidence,True,False
2026-01-09,Event 1,VL-GLOBAL,Regional / local,Senior / Open,SHARED_BRIDGE_ONLY,valid shared-skill evidence without a governed direct target-head label,True,False
2026-01-09,Test Lead,VL-GLOBAL,Regional / local,Senior / Open,QUARANTINE,event name is explicitly labelled TEST,True,False
2026-01-10,OCF Senior Lead Provincials,CEC,Regional / local,Senior / Open,FED:CEC,direct federation-level evidence,True,False
2026-01-10,SCBC Open Boulder Provincials,CEC,Regional / local,Senior / Open,FED:CEC,direct federation-level evidence,True,False
2026-01-10,Youth B/A/Jr/Open Boulder Local Niche Jan 10/26 - 2025 Points 2,CEC,Regional / local youth,Youth,FED:CEC:YOUTH,direct federation-level evidence,True,False
2026-01-10,Youth B/A/Jr/Open Boulder Local Niche Jan 10/26 - 2025 Points 2,CEC,Regional / local,Youth,FED:CEC:YOUTH,direct federation-level evidence,True,False
2026-01-10,Liguria Campionato Regionale 1° prova (B),FASI,Regional / local,Senior / Open,FED:FASI,direct federation-level evidence,True,False
2026-01-10,MP Test CRP Boulder,USAC,Regional / local,Senior / Open,QUARANTINE,event name is explicitly labelled TEST,True,False
2026-01-10,R11 High Steppe Climbing Center QE 2025-26,USAC,Regional / local youth,Youth,FED:USAC:YOUTH,direct federation-level evidence,True,False
2026-01-10,R41 Ubergrippen - Denver QE 2025-26,USAC,Regional / local youth,Youth,FED:USAC:YOUTH,direct federation-level evidence,True,False
2026-01-10,R42 Greeley Climbing Collective QE 2025-26,USAC,Regional / local youth,Youth,FED:USAC:YOUTH,direct federation-level evidence,True,False
2026-01-10,R51 Crux Climbing Center Pflugerville QE 2025-26,USAC,Regional / local youth,Youth,FED:USAC:YOUTH,direct federation-level evidence,True,False
2026-01-10,R72 Cultivate Climbing - Foundy Street QE 2025-26,USAC,Regional / local youth,Youth,FED:USAC:YOUTH,direct federation-level evidence,True,False
2026-01-10,"R81 Sportrock Alexandria QE 2025-26 (U15, U17, U19, U20 only)",USAC,Regional / local youth,Youth,FED:USAC:YOUTH,direct federation-level evidence,True,False
2026-01-10,R92 Salt Pump Climbing Co - Scarborough QE 2025-26,USAC,Regional / local youth,Youth,FED:USAC:YOUTH,direct federation-level evidence,True,False
2026-01-11,OCF D/C Difficulty Qualifier #1,CEC,Regional / local youth,Youth,FED:CEC:YOUTH,direct federation-level evidence,True,False
2026-01-16,Event 2,VL-GLOBAL,Regional / local,Senior / Open,SHARED_BRIDGE_ONLY,valid shared-skill evidence without a governed direct target-head label,True,False
2026-01-16,Januar,VL-GLOBAL,Regional / local,Senior / Open,SHARED_BRIDGE_ONLY,valid shared-skill evidence without a governed direct target-head label,True,False
2026-01-16,Session 1,VL-GLOBAL,Regional / local,Senior / Open,SHARED_BRIDGE_ONLY,valid shared-skill evidence without a governed direct target-head label,True,False
2026-01-16,Test Canada,VL-GLOBAL,Regional / local,Senior / Open,QUARANTINE,event name is explicitly labelled TEST,True,False
2026-01-17,ACA Boulder Local Youth C/D/Tier 2 Coulee,CEC,Regional / local youth,Youth,FED:CEC:YOUTH,direct federation-level evidence,True,False
2026-01-17,OCF B/A/Jr Boulder Qualifier #2,CEC,Regional / local youth,Youth,FED:CEC:YOUTH,direct federation-level evidence,True,False
2026-01-17,Test event,CEC,Regional / local,Senior / Open,QUARANTINE,event name is explicitly labelled TEST,True,False
2026-01-17,Test event,CEC,Regional / local youth,Youth,QUARANTINE,event name is explicitly labelled TEST,True,False
2026-01-17,Abruzzo Campionato Regionale 2° prova (B),FASI,Regional / local,Senior / Open,FED:FASI,direct federation-level evidence,True,False
2026-01-17,Marche Campionato Regionale 1° prova (B),FASI,Regional / local,Senior / Open,FED:FASI,direct federation-level evidence,True,False
2026-01-17,Toscana Campionato Regionale 1° prova (B),FASI,Regional / local,Senior / Open,FED:FASI,direct federation-level evidence,True,False
2026-01-17,1a prueba Copa de Bloque FEMECV,FEDME,Regional / local,Senior / Open,FED:FEDME,direct federation-level evidence,True,False
2026-01-17,R32 Alta Boulders QE 2025-26,USAC,Regional / local youth,Youth,FED:USAC:YOUTH,direct federation-level evidence,True,False
2026-01-17,R32 Rock City Training Center QE 2025-26,USAC,Regional / local youth,Youth,FED:USAC:YOUTH,direct federation-level evidence,True,False
2026-01-17,R41 Eagle Climbing + Fitness QE 2025-26,USAC,Regional / local youth,Youth,FED:USAC:YOUTH,direct federation-level evidence,True,False
2026-01-17,R51 Momentum Indoor Climbing - Katy QE 2025-26,USAC,Regional / local youth,Youth,FED:USAC:YOUTH,direct federation-level evidence,True,False
2026-01-17,R52 Rendezvous Climbing Gym QE 2025-26,USAC,Regional / local youth,Youth,FED:USAC:YOUTH,direct federation-level evidence,True,False
2026-01-17,R61 Frontier Climbing and Fitness QE 2025-26,USAC,Regional / local youth,Youth,FED:USAC:YOUTH,direct federation-level evidence,True,False
2026-01-17,R71 High Point Climbing and Fitness - Birmingham QE 2025-26,USAC,Regional / local youth,Youth,FED:USAC:YOUTH,direct federation-level evidence,True,False
2026-01-17,R72 Inner Peaks NoDa QE 2025-26,USAC,Regional / local youth,Youth,FED:USAC:YOUTH,direct federation-level evidence,True,False
2026-01-17,R82 Reach Climbing & Fitness QE 2025-26,USAC,Regional / local youth,Youth,FED:USAC:YOUTH,direct federation-level evidence,True,False
2026-01-17,R91 Central Rock Gym - Hadley QE 2025-26,USAC,Regional / local youth,Youth,FED:USAC:YOUTH,direct federation-level evidence,True,False
2026-01-18,Lazio Campionato Regionale 2ª prova (B),FASI,Regional / local,Senior / Open,FED:FASI,direct federation-level evidence,True,False
2026-01-18,Lombardia Campionato Regionale 2° prova (B),FASI,Regional / local,Senior / Open,FED:FASI,direct federation-level evidence,True,False
2026-01-18,Veneto Campionato Regionale 1° prova (B),FASI,Regional / local,Senior / Open,FED:FASI,direct federation-level evidence,True,False
2026-01-23,Session 2,VL-GLOBAL,Regional / local,Senior / Open,SHARED_BRIDGE_ONLY,valid shared-skill evidence without a governed direct target-head label,True,False
2026-01-24,ACA Senior Boulder Provincials CCC Chinook,CEC,Regional / local,Senior / Open,FED:CEC,direct federation-level evidence,True,False
2026-01-24,ACA Senior Boulder Provincials CCC Chinook - B Development,CEC,Regional / local youth,Youth,FED:CEC:YOUTH,direct federation-level evidence,True,False
2026-01-24,Coupe QC D1 Bloc #2,CEC,Regional / local youth,Youth,FED:CEC:YOUTH,direct federation-level evidence,True,False
2026-01-24,OCF B/A/Jr Lead Qualifier #2,CEC,Regional / local youth,Youth,FED:CEC:YOUTH,direct federation-level evidence,True,False
2026-01-24,Liguria Campionato Regionale 2° prova (B),FASI,Regional / local,Senior / Open,FED:FASI,direct federation-level evidence,True,False
2026-01-24,1r Selectivo Bloque 2026,FEDME,Regional / local,Senior / Open,FED:FEDME,direct federation-level evidence,True,False
2026-01-24,R11 Edgeworks Climbing Seattle QE 2025-26,USAC,Regional / local youth,Youth,FED:USAC:YOUTH,direct federation-level evidence,True,False
2026-01-24,R21 Bridges Rock Gym QE 2025-26,USAC,Regional / local youth,Youth,FED:USAC:YOUTH,direct federation-level evidence,True,False
2026-01-24,R31 Flowstone Climbing QE 2025-26,USAC,Regional / local youth,Youth,FED:USAC:YOUTH,direct federation-level evidence,True,False
2026-01-24,R42 Ascent Studio Climbing and Fitness QE 2025-26,USAC,Regional / local youth,Youth,FED:USAC:YOUTH,direct federation-level evidence,True,False
2026-01-24,R62 Rock Mill Climbing QE 2025-26,USAC,Regional / local youth,Youth,FED:USAC:YOUTH,direct federation-level evidence,True,False
2026-01-24,R71 Escalade Rock Climbing QE 2025-26,USAC,Regional / local youth,Youth,FED:USAC:YOUTH,direct federation-level evidence,True,False
2026-01-24,R81 Send It QE 2025-26,USAC,Regional / local youth,Youth,FED:USAC:YOUTH,direct federation-level evidence,True,False
2026-01-24,R91 The Gravity Vault - Melville QE 2025-26,USAC,Regional / local youth,Youth,FED:USAC:YOUTH,direct federation-level evidence,True,False
2026-01-24,Sparta Fight 2026,VL-GLOBAL,Regional / local,Senior / Open,SHARED_BRIDGE_ONLY,valid shared-skill evidence without a governed direct target-head label,True,False
2026-01-25,ACA Senior Lead Provincials Hanger Jan 25,CEC,Regional / local,Senior / Open,FED:CEC,direct federation-level evidence,True,False
2026-01-25,ACA Senior Lead Provincials Hanger Jan 25 - B Development,CEC,Regional / local youth,Youth,FED:CEC:YOUTH,direct federation-level evidence,True,False
2026-01-25,Coupe QC D2 Bloc - Rose Bloc,CEC,Regional / local youth,Youth,FED:CEC:YOUTH,direct federation-level evidence,True,False
2026-01-25,Veneto Campionato Regionale 1° prova (S),FASI,Regional / local,Senior / Open,FED:FASI,direct federation-level evidence,True,False
2026-01-26,Test speed,CEC,Regional / local,Senior / Open,QUARANTINE,event name is explicitly labelled TEST,True,False
2026-01-26,Test speed,CEC,Regional / local youth,Youth,QUARANTINE,event name is explicitly labelled TEST,True,False
2026-01-26,The Carnival Boulder 2026,VL-GLOBAL,Regional / local,Senior / Open,SHARED_BRIDGE_ONLY,valid shared-skill evidence without a governed direct target-head label,True,False
2026-01-29,12 x 12 - Boulder Challenge - Januar,VL-GLOBAL,Regional / local,Senior / Open,SHARED_BRIDGE_ONLY,valid shared-skill evidence without a governed direct target-head label,True,False
2026-01-30,B-DAY Cup 2026,VL-GLOBAL,Regional / local,Senior / Open,SHARED_BRIDGE_ONLY,valid shared-skill evidence without a governed direct target-head label,True,False
2026-01-30,Garage Sessions - Qualification 1,VL-GLOBAL,Regional / local,Senior / Open,SHARED_BRIDGE_ONLY,valid shared-skill evidence without a governed direct target-head label,True,False
2026-01-30,Test Saarbrücken,VL-GLOBAL,Regional / local,Senior / Open,QUARANTINE,event name is explicitly labelled TEST,True,False
2026-01-31,OCF D/C Boulder Qualifier #2,CEC,Regional / local youth,Youth,FED:CEC:YOUTH,direct federation-level evidence,True,False
2026-01-31,Speed National Championships,CEC,National championship,Senior / Open,FED:CEC,direct federation-level evidence,True,False
2026-01-31,Speed National Championships,CEC,National championship youth,Youth,FED:CEC:YOUTH,direct federation-level evidence,True,False
2026-01-31,Marche 2° prova di qualifica U15 U21 (B),FASI,Regional / local,Youth,FED:FASI:YOUTH,direct federation-level evidence,True,False
2026-01-31,Marche Campionato Regionale 2° prova (B),FASI,Regional / local,Senior / Open,FED:FASI,direct federation-level evidence,True,False
2026-01-31,TAA Campionato Regionale (L),FASI,Regional / local,Senior / Open,FED:FASI,direct federation-level evidence,True,False
2026-01-31,R12 Rock Haven QE 2025-26,USAC,Regional / local youth,Youth,FED:USAC:YOUTH,direct federation-level evidence,True,False
2026-01-31,R22 Momentum Sandy QE 2025-26,USAC,Regional / local youth,Youth,FED:USAC:YOUTH,direct federation-level evidence,True,False
2026-01-31,R32 Mesa Rim Climbing Center - North City QE 2025-26,USAC,Regional / local youth,Youth,FED:USAC:YOUTH,direct federation-level evidence,True,False
2026-01-31,R41 The Spot - Denver QE 2025-26,USAC,Regional / local youth,Youth,FED:USAC:YOUTH,direct federation-level evidence,True,False
2026-01-31,R51 MoCo Bouldering and Fitness QE 2025-26,USAC,Regional / local youth,Youth,FED:USAC:YOUTH,direct federation-level evidence,True,False
2026-01-31,R62 Planet Rock - Ann Arbor QE 2025-26,USAC,Regional / local youth,Youth,FED:USAC:YOUTH,direct federation-level evidence,True,False
2026-01-31,R71 projectROCK Oakland Park QE 2025-26,USAC,Regional / local youth,Youth,FED:USAC:YOUTH,direct federation-level evidence,True,False
2026-01-31,R81 Sportrock Alexandria QE 2025-26,USAC,Regional / local youth,Youth,FED:USAC:YOUTH,direct federation-level evidence,True,False
2026-01-31,R82 Gravity Vault Brick QE 2025-26,USAC,Regional / local youth,Youth,FED:USAC:YOUTH,direct federation-level evidence,True,False
2026-01-31,R91 Mustangs Bouldering QE 2025-26,USAC,Regional / local youth,Youth,FED:USAC:YOUTH,direct federation-level evidence,True,False
2026-01-31,R92 Metrorock - Newburyport QE 2025-26,USAC,Regional / local youth,Youth,FED:USAC:YOUTH,direct federation-level evidence,True,False
2026-02-01,Emilia Romagna Campionato Regionale 1° prova (L),FASI,Regional / local,Senior / Open,FED:FASI,direct federation-level evidence,True,False
2026-02-01,Toscana Campionato Regionale (L),FASI,Regional / local,Senior / Open,FED:FASI,direct federation-level evidence,True,False
2026-02-01,R42 The Spot - Louisville QE 2025-26,USAC,Regional / local youth,Youth,FED:USAC:YOUTH,direct federation-level evidence,True,False
2026-02-01,R72 FirstHand Climbing QE 2025-26,USAC,Regional / local youth,Youth,FED:USAC:YOUTH,direct federation-level evidence,True,False
2026-02-05,Speed Qual,USAC,Regional / local,Senior / Open,FED:USAC,direct federation-level evidence,True,False
2026-02-05,Speed Time Rank TEST,USAC,Regional / local,Senior / Open,QUARANTINE,event name is explicitly labelled TEST,True,False
2026-02-07,Coupe QC D1 Voie #2 AEM,CEC,Regional / local youth,Youth,FED:CEC:YOUTH,direct federation-level evidence,True,False
2026-02-07,OCF D/C Difficulty Qualifier #2,CEC,Regional / local youth,Youth,FED:CEC:YOUTH,direct federation-level evidence,True,False
2026-02-07,SCBC Boulder Tier 2 - Pumped,CEC,Regional / local,Senior / Open,FED:CEC,direct federation-level evidence,True,False
2026-02-07,SCBC Boulder Tier 2 - Pumped,CEC,Regional / local youth,Youth,FED:CEC:YOUTH,direct federation-level evidence,True,False
2026-02-07,Coppa Italia 1° prova (B),FASI,National series,Senior / Open,FED:FASI,direct federation-level evidence,True,False
2026-02-07,R11 Insight Climbing Bremerton QE 2025-26,USAC,Regional / local youth,Youth,FED:USAC:YOUTH,direct federation-level evidence,True,False
2026-02-07,R12 Rogue Rock Gym QE 2025-26,USAC,Regional / local youth,Youth,FED:USAC:YOUTH,direct federation-level evidence,True,False
2026-02-07,R21 Granite Arch Climbing Center QE 2025-26,USAC,Regional / local youth,Youth,FED:USAC:YOUTH,direct federation-level evidence,True,False
2026-02-07,R31 Sender One Climbing Lakewood QE 2025-26,USAC,Regional / local youth,Youth,FED:USAC:YOUTH,direct federation-level evidence,True,False
2026-02-07,R32 Gripstone Climbing  QE 2025-26,USAC,Regional / local youth,Youth,FED:USAC:YOUTH,direct federation-level evidence,True,False
2026-02-07,"R41 Threshold Climbing, Fitness, and Yoga QE 2025-26",USAC,Regional / local youth,Youth,FED:USAC:YOUTH,direct federation-level evidence,True,False
2026-02-07,R41 Ubergrippen - Castlerock QE 2025-26,USAC,Regional / local youth,Youth,FED:USAC:YOUTH,direct federation-level evidence,True,False
2026-02-07,R51 inSPIRE Rock Climbing Gym QE 2025-26,USAC,Regional / local youth,Youth,FED:USAC:YOUTH,direct federation-level evidence,True,False
2026-02-07,R71 Central Rock Gym - Kennesaw QE 2025-26,USAC,Regional / local youth,Youth,FED:USAC:YOUTH,direct federation-level evidence,True,False
2026-02-07,R71 The Edge Melbourne QE 2025-26,USAC,Regional / local youth,Youth,FED:USAC:YOUTH,direct federation-level evidence,True,False
2026-02-07,R82 The Pad Climbing - Binghamton QE 2025-26,USAC,Regional / local youth,Youth,FED:USAC:YOUTH,direct federation-level evidence,True,False
2026-02-07,R91 Hudson Boulders QE 2025-26,USAC,Regional / local youth,Youth,FED:USAC:YOUTH,direct federation-level evidence,True,False
2026-02-07,R92 NH Climbing and Fitness QE 2025-26,USAC,Regional / local youth,Youth,FED:USAC:YOUTH,direct federation-level evidence,True,False
2026-02-07,Chalk it Down,VL-GLOBAL,Regional / local,Senior / Open,SHARED_BRIDGE_ONLY,valid shared-skill evidence without a governed direct target-head label,True,False
2026-02-08,FVG Campionato Regionale Lead (L),FASI,Regional / local,Senior / Open,FED:FASI,direct federation-level evidence,True,False
2026-02-08,Sardegna Campionato Regionale 2° prova,FASI,Regional / local,Senior / Open,FED:FASI,direct federation-level evidence,True,False
2026-02-08,Veneto Campionato Regionale 2° prova (S),FASI,Regional / local,Senior / Open,FED:FASI,direct federation-level evidence,True,False
2026-02-11,2026 YETI Climbing National Championships,USAC,National championship,Senior / Open,FED:USAC,direct federation-level evidence,True,False
2026-02-11,NCH Test 2,USAC,Regional / local,Senior / Open,QUARANTINE,event name is explicitly labelled TEST,True,False
2026-02-11,NCH Test 3,USAC,Regional / local,Senior / Open,QUARANTINE,event name is explicitly labelled TEST,True,False
2026-02-12,2025-2026 Senior National Championships,CEC,National championship,Senior / Open,FED:CEC,direct federation-level evidence,True,False
2026-02-12,Test NCH,USAC,Regional / local,Senior / Open,QUARANTINE,event name is explicitly labelled TEST,True,False
2026-02-13,Test Attribute,VL-GLOBAL,Regional / local,Senior / Open,QUARANTINE,event name is explicitly labelled TEST,True,False
2026-02-13,Test Q1,VL-GLOBAL,Regional / local,Senior / Open,QUARANTINE,event name is explicitly labelled TEST,True,False
2026-02-14,World Climbing Oceania Championship Mount Maunganui 2026,IFSC,Continental championship,Senior / Open,IFSC_REG:OCEANIA,direct IFSC regional/continental evidence,True,False
2026-02-14,R12 Multnomah Athletic Club QE 2025-26,USAC,Regional / local youth,Youth,FED:USAC:YOUTH,direct federation-level evidence,True,False
2026-02-14,R22 The Quarry Indoor Climbing Center QE 2025-26,USAC,Regional / local youth,Youth,FED:USAC:YOUTH,direct federation-level evidence,True,False
2026-02-14,R31 Refuge Climbing Gym QE 2025-26,USAC,Regional / local youth,Youth,FED:USAC:YOUTH,direct federation-level evidence,True,False
2026-02-14,R61 First Ascent Avondale QE 2025-26,USAC,Regional / local youth,Youth,FED:USAC:YOUTH,direct federation-level evidence,True,False
2026-02-14,R72 projectROCK Easley QE 2025-26,USAC,Regional / local youth,Youth,FED:USAC:YOUTH,direct federation-level evidence,True,False
2026-02-14,R81 Rise Up QE 2025-26,USAC,Regional / local youth,Youth,FED:USAC:YOUTH,direct federation-level evidence,True,False
2026-02-14,R82 Gravity Vault Radnor QE 2025-26,USAC,Regional / local youth,Youth,FED:USAC:YOUTH,direct federation-level evidence,True,False
2026-02-14,R91 Movement - LIC QE 2025-26,USAC,Regional / local youth,Youth,FED:USAC:YOUTH,direct federation-level evidence,True,False
2026-02-14,R92 Central Rock Gym - Stoneham QE 2025-26,USAC,Regional / local youth,Youth,FED:USAC:YOUTH,direct federation-level evidence,True,False
2026-02-15,Lazio 1° prova di qualifica U21 (B),FASI,Regional / local,Youth,FED:FASI:YOUTH,direct federation-level evidence,True,False
2026-02-20,Climb Till Death - night edition - 2026,VL-GLOBAL,Regional / local,Senior / Open,SHARED_BRIDGE_ONLY,valid shared-skill evidence without a governed direct target-head label,True,False
2026-02-20,Dolomate Test,VL-GLOBAL,Regional / local,Senior / Open,QUARANTINE,event name is explicitly labelled TEST,True,False
2026-02-20,Garage Sessions - Qualification 2,VL-GLOBAL,Regional / local,Senior / Open,SHARED_BRIDGE_ONLY,valid shared-skill evidence without a governed direct target-head label,True,False
2026-02-20,JOBO CUP,VL-GLOBAL,Regional / local,Senior / Open,SHARED_BRIDGE_ONLY,valid shared-skill evidence without a governed direct target-head label,True,False
2026-02-21,ACA Youth B/A/Jr Lead Local Elevation Place Canmore,CEC,Regional / local youth,Youth,FED:CEC:YOUTH,direct federation-level evidence,True,False
2026-02-21,SCBC Youth Difficulty - Highpoint Heroes,CEC,Regional / local youth,Youth,FED:CEC:YOUTH,direct federation-level evidence,True,False
2026-02-21,Coppa Italia 2° prova (B),FASI,National series,Senior / Open,FED:FASI,direct federation-level evidence,True,False
2026-02-21,Toscana Campionato Regionale 2° prova (B),FASI,Regional / local,Senior / Open,FED:FASI,direct federation-level evidence,True,False
2026-02-21,2n Selectivo Bloque 2026,FEDME,Regional / local,Senior / Open,FED:FEDME,direct federation-level evidence,True,False
2026-02-21,R11 Bloc Yard Bouldering Gym QE 2025-26,USAC,Regional / local youth,Youth,FED:USAC:YOUTH,direct federation-level evidence,True,False
2026-02-21,R21 Alpine Climbing Adventure Fitness QE 2025-26,USAC,Regional / local youth,Youth,FED:USAC:YOUTH,direct federation-level evidence,True,False
2026-02-21,R22 Spire Climbing + Fitness-Main Facility QE 2025-26,USAC,Regional / local youth,Youth,FED:USAC:YOUTH,direct federation-level evidence,True,False
2026-02-21,R32 Flux Training Center QE 2025-26,USAC,Regional / local youth,Youth,FED:USAC:YOUTH,direct federation-level evidence,True,False
2026-02-21,R41 Movement - Englewood QE 2025-26,USAC,Regional / local youth,Youth,FED:USAC:YOUTH,direct federation-level evidence,True,False
2026-02-21,R52 Zenith Climbing Center QE 2025-26,USAC,Regional / local youth,Youth,FED:USAC:YOUTH,direct federation-level evidence,True,False
2026-02-21,R62 Hoosier Heights Indianapolis QE 2025-26,USAC,Regional / local youth,Youth,FED:USAC:YOUTH,direct federation-level evidence,True,False
2026-02-21,R71 Active Climbing Augusta QE 2025-26,USAC,Regional / local youth,Youth,FED:USAC:YOUTH,direct federation-level evidence,True,False
2026-02-21,R71 Velocity Climbing QE 2025-26,USAC,Regional / local youth,Youth,FED:USAC:YOUTH,direct federation-level evidence,True,False
2026-02-21,R72 Triangle Rock Club - Durham QE 2025-26,USAC,Regional / local youth,Youth,FED:USAC:YOUTH,direct federation-level evidence,True,False
2026-02-21,R81 Movement Columbia QE 2025-26,USAC,Regional / local youth,Youth,FED:USAC:YOUTH,direct federation-level evidence,True,False
2026-02-21,R82 Tufas Boulder Lounge QE 2025-26,USAC,Regional / local youth,Youth,FED:USAC:YOUTH,direct federation-level evidence,True,False
2026-02-21,R92 Boston Boulder Project QE 2025-26,USAC,Regional / local youth,Youth,FED:USAC:YOUTH,direct federation-level evidence,True,False
2026-02-21,Kivi Women Only Comp 2026,VL-GLOBAL,Regional / local,Senior / Open,SHARED_BRIDGE_ONLY,valid shared-skill evidence without a governed direct target-head label,True,False
2026-02-22,ACA Youth C/D Tier 2 Local Elevation Place Canmore,CEC,Regional / local youth,Youth,FED:CEC:YOUTH,direct federation-level evidence,True,False
2026-02-22,Basilicata Campionato regionale 1° prova B),FASI,Regional / local,Senior / Open,FED:FASI,direct federation-level evidence,True,False
2026-02-22,Campania Campionato regionale 1° prova B),FASI,Regional / local,Senior / Open,FED:FASI,direct federation-level evidence,True,False
2026-02-22,Puglia Campionato regionale 1° prova B),FASI,Regional / local,Senior / Open,FED:FASI,direct federation-level evidence,True,False
2026-02-22,R41 Climb Tulsa QE 2025-26,USAC,Regional / local youth,Youth,FED:USAC:YOUTH,direct federation-level evidence,True,False
2026-02-26,12 x 12 - Boulder Challenge - Februar,VL-GLOBAL,Regional / local,Senior / Open,SHARED_BRIDGE_ONLY,valid shared-skill evidence without a governed direct target-head label,True,False
2026-02-27,Test,CEC,Regional / local,Senior / Open,QUARANTINE,event name is explicitly labelled TEST,True,False
2026-02-28,SCBC Boulder Tier 2 - Gravity Check 3.0,CEC,Regional / local,Senior / Open,FED:CEC,direct federation-level evidence,True,False
2026-02-28,SCBC Boulder Tier 2 - Gravity Check 3.0,CEC,Regional / local youth,Youth,FED:CEC:YOUTH,direct federation-level evidence,True,False
2026-02-28,World Climbing Oceania Series New South Wales 2026,IFSC,Continental series,Senior / Open,IFSC_REG:OCEANIA,direct IFSC regional/continental evidence,True,False
2026-02-28,3. Rogue Event Flash Lead (ro),USAC,Regional / local youth,Youth,FED:USAC:YOUTH,direct federation-level evidence,True,False
2026-02-28,R11 Vertical World North QE 2025-26,USAC,Regional / local youth,Youth,FED:USAC:YOUTH,direct federation-level evidence,True,False
2026-02-28,R12 Source Climbing Center QE 2025-26,USAC,Regional / local youth,Youth,FED:USAC:YOUTH,direct federation-level evidence,True,False
2026-02-28,R22 Commons Climbing Gym QE 2025-26,USAC,Regional / local youth,Youth,FED:USAC:YOUTH,direct federation-level evidence,True,False
2026-02-28,R32 Ape Index Climbing Gym QE 2025-26,USAC,Regional / local youth,Youth,FED:USAC:YOUTH,direct federation-level evidence,True,False
2026-02-28,R41 CityROCK QE 2025-26,USAC,Regional / local youth,Youth,FED:USAC:YOUTH,direct federation-level evidence,True,False
2026-02-28,R41 Stone Age Climbing Gym - North QE 2025-26,USAC,Regional / local youth,Youth,FED:USAC:YOUTH,direct federation-level evidence,True,False
2026-02-28,R52 High Point Climbing & Fitness - Memphis QE 2025-26,USAC,Regional / local youth,Youth,FED:USAC:YOUTH,direct federation-level evidence,True,False
2026-02-28,R61 Adventure Rock Walker's Point QE 2025-26,USAC,Regional / local youth,Youth,FED:USAC:YOUTH,direct federation-level evidence,True,False
2026-02-28,R62 Scrapyard Climbing Collective QE 2025-26,USAC,Regional / local youth,Youth,FED:USAC:YOUTH,direct federation-level evidence,True,False
2026-02-28,R81 Sportrock Sterling QE 2025-26,USAC,Regional / local youth,Youth,FED:USAC:YOUTH,direct federation-level evidence,True,False
2026-02-28,R82 Gravity Vault Jersey City QE 2025-26,USAC,Regional / local youth,Youth,FED:USAC:YOUTH,direct federation-level evidence,True,False
2026-02-28,R91 Rock Spot Climbing - Peace Dale QE 2025-26,USAC,Regional / local youth,Youth,FED:USAC:YOUTH,direct federation-level evidence,True,False
2026-02-28,Berner Oberland Cup 2026 - 1. Teil Qualifikation,VL-GLOBAL,Regional / local,Senior / Open,SHARED_BRIDGE_ONLY,valid shared-skill evidence without a governed direct target-head label,True,False
2026-02-28,G-Force Semi-Finals,VL-GLOBAL,Regional / local,Senior / Open,SHARED_BRIDGE_ONLY,valid shared-skill evidence without a governed direct target-head label,True,False
2026-02-28,Test Finale,VL-GLOBAL,Regional / local,Senior / Open,QUARANTINE,event name is explicitly labelled TEST,True,False
2026-03-01,G-Force Finals,VL-GLOBAL,Regional / local,Senior / Open,SHARED_BRIDGE_ONLY,valid shared-skill evidence without a governed direct target-head label,True,False
2026-03-01,Test Event,VL-GLOBAL,Regional / local,Senior / Open,QUARANTINE,event name is explicitly labelled TEST,True,False
2026-03-04,2026 National Team Trials,USAC,Regional / local,Senior / Open,FED:USAC,direct federation-level evidence,True,False
2026-03-06,Test Even Normal,VL-GLOBAL,Regional / local,Senior / Open,QUARANTINE,event name is explicitly labelled TEST,True,False
2026-03-07,ACA 2026 D/C Bouldering Provincials (Point based scoring),CEC,Regional / local youth,Youth,FED:CEC:YOUTH,direct federation-level evidence,True,False
2026-03-07,Campionato Italiano (B),FASI,National championship,Senior / Open,FED:FASI,direct federation-level evidence,True,False
2026-03-07,1a Prova Copa Catalana de Bloc,FEDME,Regional / local,Senior / Open,FED:FEDME,direct federation-level evidence,True,False
2026-03-07,2026 National Team Trials - Boulder,USAC,Regional / local,Senior / Open,FED:USAC,direct federation-level evidence,True,False
2026-03-08,Campionat de Catalunya de Velocitat,FEDME,Regional / local,Senior / Open,FED:FEDME,direct federation-level evidence,True,False
2026-03-10,Plastic Fantastic 7 (Test),VL-GLOBAL,Regional / local,Senior / Open,QUARANTINE,event name is explicitly labelled TEST,True,False
2026-03-11,Practice Plastic 7,VL-GLOBAL,Regional / local,Senior / Open,SHARED_BRIDGE_ONLY,valid shared-skill evidence without a governed direct target-head label,True,False
2026-03-12,Test Q2,VL-GLOBAL,Regional / local,Senior / Open,QUARANTINE,event name is explicitly labelled TEST,True,False
2026-03-13,SCBC Youth Provincials,CEC,Regional / local youth,Youth,FED:CEC:YOUTH,direct federation-level evidence,True,False
2026-03-14,ACA Youth B/A/Jr Boulder Provincials - CCC Chinook,CEC,Regional / local youth,Youth,FED:CEC:YOUTH,direct federation-level evidence,True,False
2026-03-14,OCF D/C Boulder Provincials,CEC,Regional / local youth,Youth,FED:CEC:YOUTH,direct federation-level evidence,True,False
2026-03-14,Coppa Italia 1° prova (S),FASI,National series,Senior / Open,FED:FASI,direct federation-level evidence,True,False
2026-03-14,Lazio 2° prova di qualifica U21 (B),FASI,Regional / local,Youth,FED:FASI:YOUTH,direct federation-level evidence,True,False
2026-03-14,1r Selectivo Dificultad 2026,FEDME,Regional / local,Senior / Open,FED:FEDME,direct federation-level evidence,True,False
2026-03-14,Plastic Fantastic Comp. Series 2026 (U17 and older) - Manola Langenthal,SAC-CAS,Regional / local youth,Youth,FED:SAC-CAS:YOUTH,direct federation-level evidence,True,False
2026-03-14,R11 Edgeworks Climbing Bellevue Youth Boulder Regional Championship,USAC,Regional / local youth,Youth,FED:USAC:YOUTH,direct federation-level evidence,True,False
2026-03-14,R12 Bend Rock Gym Youth Lead/TR Regional Championship,USAC,Regional / local youth,Youth,FED:USAC:YOUTH,direct federation-level evidence,True,False
2026-03-14,R21 Berkeley Ironworks Youth Boulder Regional Championship,USAC,Regional / local youth,Youth,FED:USAC:YOUTH,direct federation-level evidence,True,False
2026-03-14,R22 Vertical View Youth Lead/TR Regional Championship,USAC,Regional / local youth,Youth,FED:USAC:YOUTH,direct federation-level evidence,True,False
2026-03-14,R31 Long Beach Rising Youth Boulder Regional Championship,USAC,Regional / local youth,Youth,FED:USAC:YOUTH,direct federation-level evidence,True,False
2026-03-14,R32 Rocks & Ropes Youth Lead/TR Regional Championship,USAC,Regional / local youth,Youth,FED:USAC:YOUTH,direct federation-level evidence,True,False
2026-03-14,R41 Ubergrippen Castle Rock Youth Lead/TR Regional Championship,USAC,Regional / local youth,Youth,FED:USAC:YOUTH,direct federation-level evidence,True,False
2026-03-14,R51 Mesa Rim Austin Youth Boulder Regional Championship,USAC,Regional / local youth,Youth,FED:USAC:YOUTH,direct federation-level evidence,True,False
2026-03-14,R52 Climb Murfreesboro Youth Lead/TR Regional Championship,USAC,Regional / local youth,Youth,FED:USAC:YOUTH,direct federation-level evidence,True,False
2026-03-14,R61 Vertical Endeavors Bloomington Youth Lead/TR Regional Championship,USAC,Regional / local youth,Youth,FED:USAC:YOUTH,direct federation-level evidence,True,False
2026-03-14,R62 Shaker Rocks Youth Lead/TR Regional Championship,USAC,Regional / local youth,Youth,FED:USAC:YOUTH,direct federation-level evidence,True,False
2026-03-14,R71 High Point Climbing and Fitness - Birmingham Youth Boulder Regional Championship,USAC,Regional / local youth,Youth,FED:USAC:YOUTH,direct federation-level evidence,True,False
2026-03-14,R71 High Point Climbing and Fitness - Birmingham Youth Lead/TR Regional Championship,USAC,Regional / local youth,Youth,FED:USAC:YOUTH,direct federation-level evidence,True,False
2026-03-14,R72 Cultivate Climbing Foundy Youth Boulder Regional Championship,USAC,Regional / local youth,Youth,FED:USAC:YOUTH,direct federation-level evidence,True,False
2026-03-14,R81 Movement Hampden Youth Boulder Regional Championship,USAC,Regional / local youth,Youth,FED:USAC:YOUTH,direct federation-level evidence,True,False
2026-03-14,R82 Method Climbing Youth Boulder Regional Championship,USAC,Regional / local youth,Youth,FED:USAC:YOUTH,direct federation-level evidence,True,False
2026-03-14,R91 Central Rock Gym - Warwick Youth Boulder Regional Championship,USAC,Regional / local youth,Youth,FED:USAC:YOUTH,direct federation-level evidence,True,False
2026-03-14,R92 Boulder Union Youth Boulder Regional Championship,USAC,Regional / local youth,Youth,FED:USAC:YOUTH,direct federation-level evidence,True,False
2026-03-14,Regionals Boulder Flash Training,USAC,Regional / local youth,Youth,FED:USAC:YOUTH,direct federation-level evidence,True,False
2026-03-15,Liguria Campionato Regionale  1° prova (L),FASI,Regional / local,Senior / Open,FED:FASI,direct federation-level evidence,True,False
2026-03-15,Macro Nord Ovest Campionato Regionale (L),FASI,Regional / local,Senior / Open,FED:FASI,direct federation-level evidence,True,False
2026-03-15,Valle d'Aosta Campionato Regionale (L),FASI,Regional / local,Senior / Open,FED:FASI,direct federation-level evidence,True,False
2026-03-15,1r Selectivo Velocidad,FEDME,Regional / local,Senior / Open,FED:FEDME,direct federation-level evidence,True,False
2026-03-15,R12 Bend Endurance Academy Youth Boulder Regional Championship,USAC,Regional / local youth,Youth,FED:USAC:YOUTH,direct federation-level evidence,True,False
2026-03-15,R22 Asana Climbing Gym Youth Boulder Regional Championship,USAC,Regional / local youth,Youth,FED:USAC:YOUTH,direct federation-level evidence,True,False
2026-03-15,R31 Rockreation Costa Mesa Youth Lead/TR Regional Championship,USAC,Regional / local youth,Youth,FED:USAC:YOUTH,direct federation-level evidence,True,False
2026-03-15,R32 Rock Solid Climbing + Fitness Youth Boulder Regional Championship,USAC,Regional / local youth,Youth,FED:USAC:YOUTH,direct federation-level evidence,True,False
2026-03-15,R41 Movement Centennial Youth Boulder Regional Championship,USAC,Regional / local youth,Youth,FED:USAC:YOUTH,direct federation-level evidence,True,False
2026-03-15,R52 Climb Murfreesboro Youth Boulder Regional Championship,USAC,Regional / local youth,Youth,FED:USAC:YOUTH,direct federation-level evidence,True,False
2026-03-15,R61 Minneapolis Bouldering Project Youth Boulder Regional Championship,USAC,Regional / local youth,Youth,FED:USAC:YOUTH,direct federation-level evidence,True,False
2026-03-15,R72 Fiddlehead Farm and Forest Youth Lead/TR Regional Championship,USAC,Regional / local youth,Youth,FED:USAC:YOUTH,direct federation-level evidence,True,False
2026-03-15,R81 Sportrock RIO Youth Lead/TR Regional Championship,USAC,Regional / local youth,Youth,FED:USAC:YOUTH,direct federation-level evidence,True,False
2026-03-15,R82 Gravity Vault Hoboken Youth Lead/TR Regional Championship,USAC,Regional / local youth,Youth,FED:USAC:YOUTH,direct federation-level evidence,True,False
2026-03-20,Garage Sessions - Finals,VL-GLOBAL,Regional / local,Senior / Open,SHARED_BRIDGE_ONLY,valid shared-skill evidence without a governed direct target-head label,True,False
2026-03-20,Garage Sessions - Qualification 3,VL-GLOBAL,Regional / local,Senior / Open,SHARED_BRIDGE_ONLY,valid shared-skill evidence without a governed direct target-head label,True,False
2026-03-20,Test,VL-GLOBAL,Regional / local,Senior / Open,QUARANTINE,event name is explicitly labelled TEST,True,False
2026-03-21,Championnat Provincial D1 Bloc,CEC,Regional / local youth,Youth,FED:CEC:YOUTH,direct federation-level evidence,True,False
2026-03-21,Coppa Italia 3° prova (B),FASI,National series,Senior / Open,FED:FASI,direct federation-level evidence,True,False
2026-03-21,Liguria Campionato Regionale  2° prova (L),FASI,Regional / local,Senior / Open,FED:FASI,direct federation-level evidence,True,False
2026-03-21,2a Prova Copa Catalana de Bloc,FEDME,Regional / local,Senior / Open,FED:FEDME,direct federation-level evidence,True,False
2026-03-21,Campionat de Catalunya de Bloc,FEDME,Regional / local,Senior / Open,FED:FEDME,direct federation-level evidence,True,False
2026-03-21,Kivi Men Only Comp 2026,VL-GLOBAL,Regional / local,Senior / Open,SHARED_BRIDGE_ONLY,valid shared-skill evidence without a governed direct target-head label,True,False
2026-03-22,Championnat Provincial D2 Bloc,CEC,Regional / local youth,Youth,FED:CEC:YOUTH,direct federation-level evidence,True,False
2026-03-22,FVG 2° prova di qualifica U21 (B),FASI,Regional / local,Youth,FED:FASI:YOUTH,direct federation-level evidence,True,False
2026-03-22,FVG Campionato regionale 2° prova (B),FASI,Regional / local,Senior / Open,FED:FASI,direct federation-level evidence,True,False
2026-03-22,Stafftastic,VL-GLOBAL,Regional / local,Senior / Open,SHARED_BRIDGE_ONLY,valid shared-skill evidence without a governed direct target-head label,True,False
2026-03-26,OCF B/A/Jr Boulder Provincials,CEC,Regional / local youth,Youth,FED:CEC:YOUTH,direct federation-level evidence,True,False
2026-03-26,12 x 12 - Boulder Challenge - März,VL-GLOBAL,Regional / local,Senior / Open,SHARED_BRIDGE_ONLY,valid shared-skill evidence without a governed direct target-head label,True,False
2026-03-27,BLX Bouldering League - #3,VL-GLOBAL,Regional / local,Senior / Open,SHARED_BRIDGE_ONLY,valid shared-skill evidence without a governed direct target-head label,True,False
2026-03-28,TRIAL Nazionale Boulder,FASI,Regional / local,Senior / Open,FED:FASI,direct federation-level evidence,True,False
2026-03-28,Toscana Campionato Regionale 3° prova (B),FASI,Regional / local,Senior / Open,FED:FASI,direct federation-level evidence,True,False
2026-03-28,Umbria Campionato Regionale 1° prova (B),FASI,Regional / local,Senior / Open,FED:FASI,direct federation-level evidence,True,False
2026-03-28,Veneto Campionato Regionale 1° prova (L),FASI,Regional / local,Senior / Open,FED:FASI,direct federation-level evidence,True,False
2026-03-28,1a Prueba Copa España Bloque,FEDME,Regional / local,Senior / Open,FED:FEDME,direct federation-level evidence,True,False
2026-03-28,1a Prueba Copa España Velocidad,FEDME,Regional / local,Senior / Open,FED:FEDME,direct federation-level evidence,True,False
2026-03-28,Boulder Selection Event 1,SAC-CAS,Regional / local,Senior / Open,FED:SAC-CAS,direct federation-level evidence,True,False
2026-03-28,2. Rogue Event Flash Lead (ro),USAC,Regional / local youth,Youth,FED:USAC:YOUTH,direct federation-level evidence,True,False
2026-03-28,R11 Riverfront Rock Gym Youth Lead/TR Regional Championship,USAC,Regional / local youth,Youth,FED:USAC:YOUTH,direct federation-level evidence,True,False
2026-03-28,R21 Mesa Rim Reno Youth Lead/TR Regional Championship,USAC,Regional / local youth,Youth,FED:USAC:YOUTH,direct federation-level evidence,True,False
2026-03-28,R42 The Spot Louisville Youth Lead/TR Regional Championship,USAC,Regional / local youth,Youth,FED:USAC:YOUTH,direct federation-level evidence,True,False
2026-03-28,R51 Movement Plano Youth Lead/TR Regional Championship,USAC,Regional / local youth,Youth,FED:USAC:YOUTH,direct federation-level evidence,True,False
2026-03-28,R62 Ascend South Side Youth Boulder Regional Championship,USAC,Regional / local youth,Youth,FED:USAC:YOUTH,direct federation-level evidence,True,False
2026-03-28,R91 The Gravity Vault - Melville Youth Lead/TR Regional Championship,USAC,Regional / local youth,Youth,FED:USAC:YOUTH,direct federation-level evidence,True,False
2026-03-28,R92 Metrorock - Everett Youth Lead/TR Regional Championship,USAC,Regional / local youth,Youth,FED:USAC:YOUTH,direct federation-level evidence,True,False
2026-03-28,Speed 3 Rounds Test (VL),USAC,Regional / local,Senior / Open,QUARANTINE,event name is explicitly labelled TEST,True,False
2026-03-28,Berner Oberland Cup 2026 - 2. Teil Qualifikation,VL-GLOBAL,Regional / local,Senior / Open,SHARED_BRIDGE_ONLY,valid shared-skill evidence without a governed direct target-head label,True,False
2026-03-28,Berner Oberland Cup 2026 - Finale,VL-GLOBAL,Regional / local,Senior / Open,SHARED_BRIDGE_ONLY,valid shared-skill evidence without a governed direct target-head label,True,False
2026-03-29,Emilia Romagna Campionato Regionale 2° prova (L),FASI,Regional / local,Senior / Open,FED:FASI,direct federation-level evidence,True,False
2026-03-29,Lazio  Campionato Regionale 2° prova (L),FASI,Regional / local,Senior / Open,FED:FASI,direct federation-level evidence,True,False
2026-03-29,Lazio 2ª prova di qualifica U21 (L),FASI,Regional / local,Youth,FED:FASI:YOUTH,direct federation-level evidence,True,False
2026-03-29,Lombardia Campionato Regionale (L),FASI,Regional / local,Senior / Open,FED:FASI,direct federation-level evidence,True,False
2026-03-29,Macro Nord Ovest 1° prova di qualifica U15 U21 (S),FASI,Regional / local,Youth,FED:FASI:YOUTH,direct federation-level evidence,True,False
2026-03-29,Marche Campionato Regionale (L),FASI,Regional / local,Senior / Open,FED:FASI,direct federation-level evidence,True,False
2026-03-29,Piemonte Campionato Regionale 1° prova (S),FASI,Regional / local,Senior / Open,FED:FASI,direct federation-level evidence,True,False
2026-03-29,Umbria Campionato Regionale (L),FASI,Regional / local,Senior / Open,FED:FASI,direct federation-level evidence,True,False
2026-03-29,R42 Ascent Studio Climbing & Fitness Youth Boulder Regional Championship,USAC,Regional / local youth,Youth,FED:USAC:YOUTH,direct federation-level evidence,True,False
2026-04-01,Reg Test Event - Caden (Internal),USAC,Regional / local youth,Youth,QUARANTINE,event name is explicitly labelled TEST,True,False
2026-04-03,Boulder Selection Event 2,SAC-CAS,Regional / local,Senior / Open,FED:SAC-CAS,direct federation-level evidence,True,False
2026-04-08,World Climbing Asia Championship Meishan 2026,IFSC,Continental championship,Senior / Open,IFSC_REG:ASIA,direct IFSC regional/continental evidence,True,False
2026-04-10,Demo Judging,VL-GLOBAL,Regional / local,Senior / Open,SHARED_BRIDGE_ONLY,valid shared-skill evidence without a governed direct target-head label,True,False
2026-04-10,Test Ninja,VL-GLOBAL,Regional / local,Senior / Open,QUARANTINE,event name is explicitly labelled TEST,True,False
2026-04-11,ACA Lead & Top Rope Provincials - CCC Rocky,CEC,Regional / local youth,Youth,FED:CEC:YOUTH,direct federation-level evidence,True,False
2026-04-11,Championnat Provincial D1 Voie,CEC,Regional / local youth,Youth,FED:CEC:YOUTH,direct federation-level evidence,True,False
2026-04-11,OCF B/A/JR Lead Provincials,CEC,Regional / local youth,Youth,FED:CEC:YOUTH,direct federation-level evidence,True,False
2026-04-11,Coppa Italia 1° prova (L),FASI,National series,Senior / Open,FED:FASI,direct federation-level evidence,True,False
2026-04-11,1a Prueba Copa España Dificultad,FEDME,Regional / local,Senior / Open,FED:FEDME,direct federation-level evidence,True,False
2026-04-11,2n Selectivo Dificultad 2026,FEDME,Regional / local,Senior / Open,FED:FEDME,direct federation-level evidence,True,False
2026-04-11,Plastic Fantastic Comp. Series 2026 (U17 and older) - Minimum Flüela,SAC-CAS,Regional / local youth,Youth,FED:SAC-CAS:YOUTH,direct federation-level evidence,True,False
2026-04-11,Testevent Bouldering,SAC-CAS,Regional / local,Senior / Open,FED:SAC-CAS,direct federation-level evidence,True,False
2026-04-11,D1 Multnomah Athletic Club Youth Boulder Divisional Championship,USAC,Regional / local youth,Youth,FED:USAC:YOUTH,direct federation-level evidence,True,False
2026-04-11,D2 The Boulder Field Youth Boulder Divisional Championship,USAC,Regional / local youth,Youth,FED:USAC:YOUTH,direct federation-level evidence,True,False
2026-04-11,D3 Mesa Rim Academy Youth Boulder Divisional Championship,USAC,Regional / local youth,Youth,FED:USAC:YOUTH,direct federation-level evidence,True,False
2026-04-11,D4 G1 Climbing + Fitness Youth Lead/TR Divisional Championship,USAC,Regional / local youth,Youth,FED:USAC:YOUTH,direct federation-level evidence,True,False
2026-04-11,D5 Sequence Climb Youth Boulder Divisional Championship,USAC,Regional / local youth,Youth,FED:USAC:YOUTH,direct federation-level evidence,True,False
2026-04-11,D6 First Ascent Arlington Heights Youth Lead/TR Divisional Championship,USAC,Regional / local youth,Youth,FED:USAC:YOUTH,direct federation-level evidence,True,False
2026-04-11,D7 Central Rock Gym - Orlando Youth Boulder Divisional Championship,USAC,Regional / local youth,Youth,FED:USAC:YOUTH,direct federation-level evidence,True,False
2026-04-11,D8 GOAT Climbing Gym Youth Lead/TR Divisional Championship,USAC,Regional / local youth,Youth,FED:USAC:YOUTH,direct federation-level evidence,True,False
2026-04-11,D9 Central Rock Gym - Cambridge Youth Boulder Divisional Championship,USAC,Regional / local youth,Youth,FED:USAC:YOUTH,direct federation-level evidence,True,False
2026-04-11,U17/U19/U21 SM-Boulder 2026,VL-GLOBAL,Regional / local youth,Youth,SHARED_BRIDGE_ONLY,valid shared-skill evidence without a governed direct target-head label,True,False
2026-04-12,Championnat Provincial D2 Voie,CEC,Regional / local youth,Youth,FED:CEC:YOUTH,direct federation-level evidence,True,False
2026-04-12,Liguria Campionato Regionale 1° prova (S),FASI,Regional / local,Senior / Open,FED:FASI,direct federation-level evidence,True,False
2026-04-12,Macro Nord Ovest 2° prova di qualifica U15 U21 (S),FASI,Regional / local,Youth,FED:FASI:YOUTH,direct federation-level evidence,True,False
2026-04-12,Valle d'Aosta Campionato Rgionale (S),FASI,Regional / local,Senior / Open,FED:FASI,direct federation-level evidence,True,False
2026-04-12,Veneto Campionato Regionale 3° prova (B),FASI,Regional / local,Senior / Open,FED:FASI,direct federation-level evidence,True,False
2026-04-18,Youth Eastern Regionals 25/26,CEC,Regional / local youth,Youth,FED:CEC:YOUTH,direct federation-level evidence,True,False
2026-04-18,Youth Western Regionals 25/26,CEC,Regional / local youth,Youth,FED:CEC:YOUTH,direct federation-level evidence,True,False
2026-04-18,Sicilia 5° prova di qualifica U15 U21 (B),FASI,Regional / local,Youth,FED:FASI:YOUTH,direct federation-level evidence,True,False
2026-04-18,TRIAL Nazionale Lead,FASI,Regional / local,Senior / Open,FED:FASI,direct federation-level evidence,True,False
2026-04-18,Toscana Campionato Regionale 4° prova (B),FASI,Regional / local,Senior / Open,FED:FASI,direct federation-level evidence,True,False
2026-04-18,Umbria Campionato Regionale 2° prova (B),FASI,Regional / local,Senior / Open,FED:FASI,direct federation-level evidence,True,False
2026-04-18,World Climbing Europe Youth Series Soure 2026,IFSC,Continental series youth,Youth,IFSC_REG:EUROPE:YOUTH,direct IFSC regional/continental evidence,True,False
2026-04-18,Youth Benchmarking Weekend 1,VL-GLOBAL,Regional / local youth,Youth,SHARED_BRIDGE_ONLY,valid shared-skill evidence without a governed direct target-head label,True,False
2026-04-18,Youth Benchmarking Weekend 1,VL-GLOBAL,Regional / local,Youth,SHARED_BRIDGE_ONLY,valid shared-skill evidence without a governed direct target-head label,True,False
2026-04-19,Abruzzo Campionato Regionale (S),FASI,Regional / local,Senior / Open,FED:FASI,direct federation-level evidence,True,False
2026-04-19,Campionato Italiano (S),FASI,National championship,Senior / Open,FED:FASI,direct federation-level evidence,True,False
2026-04-19,FVG Campionato regionale 3° prova (B),FASI,Regional / local,Senior / Open,FED:FASI,direct federation-level evidence,True,False
2026-04-19,Lazio Campionato Regionale 1ª prova (S),FASI,Regional / local,Senior / Open,FED:FASI,direct federation-level evidence,True,False
2026-04-19,Macro Sud Campionato regionale 2° prova (B),FASI,Regional / local,Senior / Open,FED:FASI,direct federation-level evidence,True,False
2026-04-19,Youth Benchmarking Weekend 1 Roped,VL-GLOBAL,Regional / local youth,Youth,SHARED_BRIDGE_ONLY,valid shared-skill evidence without a governed direct target-head label,True,False
2026-04-22,Asian Beach Games Sanya 2026,IFSC,Continental series,Senior / Open,IFSC_REG:ASIA,direct IFSC regional/continental evidence,True,False
2026-04-23,12 x 12 - Boulder Challenge - April,VL-GLOBAL,Regional / local,Senior / Open,SHARED_BRIDGE_ONLY,valid shared-skill evidence without a governed direct target-head label,True,False
2026-04-24,Test Kids,VL-GLOBAL,Regional / local,Senior / Open,QUARANTINE,event name is explicitly labelled TEST,True,False
2026-04-25,OCF D/C Difficulty Provincials,CEC,Regional / local youth,Youth,FED:CEC:YOUTH,direct federation-level evidence,True,False
2026-04-25,Sicilia Campionato Regionale (B),FASI,Regional / local,Senior / Open,FED:FASI,direct federation-level evidence,True,False
2026-04-25,1ª Copa Andalucía Bloque Estepona,FEDME,Regional / local,Senior / Open,FED:FEDME,direct federation-level evidence,True,False
2026-04-25,3a Prova Copa Catalana de Bloc,FEDME,Regional / local,Senior / Open,FED:FEDME,direct federation-level evidence,True,False
2026-04-25,Campeonato Autonómico FEMECV de Escalada de Dificultad 2026,FEDME,Regional / local,Senior / Open,FED:FEDME,direct federation-level evidence,True,False
2026-04-25,World Climbing Europe Series Kaunas 2026,IFSC,Continental series,Senior / Open,IFSC_REG:EUROPE,direct IFSC regional/continental evidence,True,False
2026-04-25,NACS Bridgeport (Lead & Speed),USAC,Continental / cross-border,Senior / Open,NACS,direct NACS evidence,True,False
2026-04-25,Jarní boulder otvírák 2026,VL-GLOBAL,Regional / local,Senior / Open,SHARED_BRIDGE_ONLY,valid shared-skill evidence without a governed direct target-head label,True,False
2026-04-25,Nurf Skill Competition,VL-GLOBAL,Regional / local,Senior / Open,SHARED_BRIDGE_ONLY,valid shared-skill evidence without a governed direct target-head label,True,False
2026-04-26,Veneto Campionato Regionale 2° prova (L),FASI,Regional / local,Senior / Open,FED:FASI,direct federation-level evidence,True,False
2026-04-30,Speki Masters by Minimum – Minimum Flüela,SAC-CAS,Regional / local,Senior / Open,FED:SAC-CAS,direct federation-level evidence,True,False
2026-05-01,World Climbing Series Keqiao 2026,IFSC,World series,Senior / Open,WC,direct adult World series/World championship evidence,True,False
2026-05-01,Deneme - Çanakkale,VL-GLOBAL,Regional / local,Senior / Open,SHARED_BRIDGE_ONLY,valid shared-skill evidence without a governed direct target-head label,True,False
2026-05-01,Deneme - Çanakkale,VL-GLOBAL,Regional / local youth,Youth,SHARED_BRIDGE_ONLY,valid shared-skill evidence without a governed direct target-head label,True,False
2026-05-01,Test my Mind,VL-GLOBAL,Regional / local,Senior / Open,QUARANTINE,event name is explicitly labelled TEST,True,False
2026-05-02,2026 NACS Boulder,CEC,Continental / cross-border,Senior / Open,NACS,direct NACS evidence,True,False
2026-05-02,Coppa Italia 2° prova (L),FASI,National series,Senior / Open,FED:FASI,direct federation-level evidence,True,False
2026-05-02,D1 Vertical World - Seattle Youth Lead/TR Divisional Championship,USAC,Regional / local youth,Youth,FED:USAC:YOUTH,direct federation-level evidence,True,False
2026-05-02,D2 Momentum Millcreek Youth Lead/TR Divisional Championship,USAC,Regional / local youth,Youth,FED:USAC:YOUTH,direct federation-level evidence,True,False
2026-05-02,D3 Class 5 Touchstone Youth Lead/TR Divisional Championship,USAC,Regional / local youth,Youth,FED:USAC:YOUTH,direct federation-level evidence,True,False
2026-05-02,D4 The Spot Denver Youth Boulder Divisional Championship,USAC,Regional / local youth,Youth,FED:USAC:YOUTH,direct federation-level evidence,True,False
2026-05-02,D5 inSPIRE Cypress Youth Lead/TR Divisional Championship,USAC,Regional / local youth,Youth,FED:USAC:YOUTH,direct federation-level evidence,True,False
2026-05-02,D6 North Mass Boulder Youth Boulder Divisional Championship,USAC,Regional / local youth,Youth,FED:USAC:YOUTH,direct federation-level evidence,True,False
2026-05-02,D7 Inner Peaks - Matthews Youth Lead/TR Divisional Championship,USAC,Regional / local youth,Youth,FED:USAC:YOUTH,direct federation-level evidence,True,False
2026-05-02,D8 Sportrock Alexandria Youth Boulder Divisional Championship,USAC,Regional / local youth,Youth,FED:USAC:YOUTH,direct federation-level evidence,True,False
2026-05-02,D9 Central Rock Gym - Glastonbury Youth Lead/TR Divisional Championship,USAC,Regional / local youth,Youth,FED:USAC:YOUTH,direct federation-level evidence,True,False
2026-05-02,Irish Bouldering Championships 2026,VL-GLOBAL,Regional / local,Senior / Open,SHARED_BRIDGE_ONLY,valid shared-skill evidence without a governed direct target-head label,True,False
2026-05-02,Irish Bouldering Championships 2026,VL-GLOBAL,Regional / local youth,Youth,SHARED_BRIDGE_ONLY,valid shared-skill evidence without a governed direct target-head label,True,False
2026-05-02,boulder deneme,VL-GLOBAL,Regional / local,Senior / Open,SHARED_BRIDGE_ONLY,valid shared-skill evidence without a governed direct target-head label,True,False
2026-05-02,boulder deneme,VL-GLOBAL,Regional / local youth,Youth,SHARED_BRIDGE_ONLY,valid shared-skill evidence without a governed direct target-head label,True,False
2026-05-03,Liguria Campionato Regionale 2° prova (S),FASI,Regional / local,Senior / Open,FED:FASI,direct federation-level evidence,True,False
2026-05-03,3 Mayıs Deneme,VL-GLOBAL,Regional / local,Senior / Open,SHARED_BRIDGE_ONLY,valid shared-skill evidence without a governed direct target-head label,True,False
2026-05-03,3 Mayıs Deneme,VL-GLOBAL,Regional / local youth,Youth,SHARED_BRIDGE_ONLY,valid shared-skill evidence without a governed direct target-head label,True,False
2026-05-07,Veneto Campionato Regionale 3° prova (L),FASI,Regional / local,Senior / Open,FED:FASI,direct federation-level evidence,True,False
2026-05-08,World Climbing Series Wujiang 2026,IFSC,World series,Senior / Open,WC,direct adult World series/World championship evidence,True,False
2026-05-08,3 MAYIS DENEME REVİZE DOĞRU SONUÇLARI,VL-GLOBAL,Regional / local,Senior / Open,SHARED_BRIDGE_ONLY,valid shared-skill evidence without a governed direct target-head label,True,False
2026-05-08,3 MAYIS DENEME REVİZE DOĞRU SONUÇLARI,VL-GLOBAL,Regional / local youth,Youth,SHARED_BRIDGE_ONLY,valid shared-skill evidence without a governed direct target-head label,True,False
2026-05-09,2ª Prueba Copa de Escalada en Bloque FEMECV Absoluta y Juvenil,FEDME,Regional / local,Senior / Open,FED:FEDME,direct federation-level evidence,True,False
2026-05-09,World Climbing Europe Youth Series Graz 2026,IFSC,Continental series youth,Youth,IFSC_REG:EUROPE:YOUTH,direct IFSC regional/continental evidence,True,False
2026-05-09,"R71 Central Rock Gym - Kennesaw QST 2025-26 (U15, U17, U19, U20 only)",USAC,Regional / local youth,Youth,FED:USAC:YOUTH,direct federation-level evidence,True,False
2026-05-09,Sparta Fight Kids 2026,VL-GLOBAL,Regional / local youth,Youth,SHARED_BRIDGE_ONLY,valid shared-skill evidence without a governed direct target-head label,True,False
2026-05-10,Lazio Campionato Regionale 2ª prova Senior(S),FASI,Regional / local,Senior / Open,FED:FASI,direct federation-level evidence,True,False
2026-05-14,2025-26 Youth Nationals - Boulder & Lead,CEC,National championship youth,Youth,FED:CEC:YOUTH,direct federation-level evidence,True,False
2026-05-16,Campionato Italiano (L),FASI,National championship,Senior / Open,FED:FASI,direct federation-level evidence,True,False
2026-05-16,Coppa Italia 2° prova (S),FASI,National series,Senior / Open,FED:FASI,direct federation-level evidence,True,False
2026-05-16,Campeonato de Castilla y León de Escalada en Bloque Juvenil y 1ª Prueba de Copa Abs y Juv,FEDME,Regional / local,Senior / Open,FED:FEDME,direct federation-level evidence,True,False
2026-05-16,Prueba Castilla y León de Bloque - Campo Base 2026,FEDME,Regional / local,Senior / Open,FED:FEDME,direct federation-level evidence,True,False
2026-05-16,World Climbing Europe Series Liptovský Mikuláš 2026,IFSC,Continental series,Senior / Open,IFSC_REG:EUROPE,direct IFSC regional/continental evidence,True,False
2026-05-21,12 x 12 - Boulder Challenge - Mai,VL-GLOBAL,Regional / local,Senior / Open,SHARED_BRIDGE_ONLY,valid shared-skill evidence without a governed direct target-head label,True,False
2026-05-22,World Climbing Series Bern 2026,IFSC,World series,Senior / Open,WC,direct adult World series/World championship evidence,True,False
2026-05-22,BLX Bouldering League - #4,VL-GLOBAL,Regional / local,Senior / Open,SHARED_BRIDGE_ONLY,valid shared-skill evidence without a governed direct target-head label,True,False
2026-05-22,Test Event Erlangen,VL-GLOBAL,Regional / local,Senior / Open,QUARANTINE,event name is explicitly labelled TEST,True,False
2026-05-22,Test Kitchen,VL-GLOBAL,Regional / local,Senior / Open,QUARANTINE,event name is explicitly labelled TEST,True,False
2026-05-23,U11/U13/U15 SM-Boulder ja SM-Yläköysi 2026,VL-GLOBAL,Regional / local youth,Youth,SHARED_BRIDGE_ONLY,valid shared-skill evidence without a governed direct target-head label,True,False
2026-05-28,World Climbing Series Comunidad de Madrid 2026,IFSC,World series,Senior / Open,WC,direct adult World series/World championship evidence,True,False
2026-05-30,Zürcher Klettermeisterschaft 2026 (Lead) - Griffig Uster,SAC-CAS,Regional / local,Senior / Open,FED:SAC-CAS,direct federation-level evidence,True,False
2026-05-31,Valais Wallis Boulder Championship 2026 (B) Young and Adults (from U15 on) - Vertic-Hall Baltschieder,SAC-CAS,Regional / local,Youth,FED:SAC-CAS:YOUTH,direct federation-level evidence,True,False
2026-06-03,World Climbing Series Prague 2026,IFSC,World series,Senior / Open,WC,direct adult World series/World championship evidence,True,False
2026-06-04,NACS Vail (Boulder & Speed),USAC,Continental / cross-border,Senior / Open,NACS,direct NACS evidence,True,False
2026-06-06,2a Prueba Copa España Dificultad,FEDME,Regional / local,Senior / Open,FED:FEDME,direct federation-level evidence,True,False
2026-06-06,Bächli Bergsport Swiss- & Youth Climbing Cup 2026 (S)/Tageswertung - O'bloc Ostermundigen,SAC-CAS,Regional / local,Youth,FED:SAC-CAS:YOUTH,direct federation-level evidence,True,False
2026-06-06,Speed-Schweizermeisterschaften 2026 im Rahmen des BSCC & BYCC/nur Schweizer/innen - O'bloc Ostermundigen,SAC-CAS,National championship,Senior / Open,FED:SAC-CAS,direct federation-level evidence,True,False
2026-06-06,YETI Youth Climbing – Speed,USAC,Regional / local youth,Youth,FED:USAC:YOUTH,direct federation-level evidence,True,False
2026-06-06,TEST -- Bloc Beats NORD Edition -- TEST,VL-GLOBAL,Regional / local,Senior / Open,QUARANTINE,event name is explicitly labelled TEST,True,False
2026-06-06,The Climb Fest Qualifiers - Sharma Climbing Gavà,VL-GLOBAL,Regional / local,Senior / Open,SHARED_BRIDGE_ONLY,valid shared-skill evidence without a governed direct target-head label,True,False
2026-06-06,The Climb Fest Qualifiers - Sharma Climbing Madrid,VL-GLOBAL,Regional / local,Senior / Open,SHARED_BRIDGE_ONLY,valid shared-skill evidence without a governed direct target-head label,True,False
2026-06-07,CELSIUS Citizen Climbing Boulder - Wave 1,USAC,Regional / local,Senior / Open,FED:USAC,direct federation-level evidence,True,False
2026-06-07,CELSIUS Citizen Climbing Boulder - Wave 1,USAC,Regional / local masters,Senior / Open,FED:USAC,direct federation-level evidence,True,False
2026-06-07,CELSIUS Citizen Climbing Boulder - Wave 2,USAC,Regional / local,Senior / Open,FED:USAC,direct federation-level evidence,True,False
2026-06-07,CELSIUS Citizen Climbing Boulder - Wave 2,USAC,Regional / local masters,Senior / Open,FED:USAC,direct federation-level evidence,True,False
2026-06-07,YETI Speed Climbing Showdown,USAC,Regional / local,Senior / Open,FED:USAC,direct federation-level evidence,True,False
2026-06-11,World Climbing Europe Youth Championship Sukoró 2026,IFSC,Continental championship youth,Youth,IFSC_REG:EUROPE:YOUTH,direct IFSC regional/continental evidence,True,False
2026-06-13,Coppa Italia 3° prova (L),FASI,National series,Senior / Open,FED:FASI,direct federation-level evidence,True,False
2026-06-13,World Climbing Europe Youth Championship Zakopane 2026,IFSC,Continental championship youth,Youth,IFSC_REG:EUROPE:YOUTH,direct IFSC regional/continental evidence,True,False
2026-06-13,Grande Prise - Boulder Plauschwettkampf - Bouba Baden,SAC-CAS,Regional / local,Senior / Open,FED:SAC-CAS,direct federation-level evidence,True,False
2026-06-13,Zürcher Klettermeisterschaft 2026 (Boulder) - Bouba Baden,SAC-CAS,Regional / local,Senior / Open,FED:SAC-CAS,direct federation-level evidence,True,False
2026-06-13,Magic Mountain Bouldering Competion Open,VL-GLOBAL,Regional / local,Senior / Open,SHARED_BRIDGE_ONLY,valid shared-skill evidence without a governed direct target-head label,True,False
2026-06-14,World Climbing Europe Series Zakopane 2026,IFSC,Continental series,Senior / Open,IFSC_REG:EUROPE,direct IFSC regional/continental evidence,True,False
2026-06-17,World Climbing Series Innsbruck 2026,IFSC,World series,Senior / Open,WC,direct adult World series/World championship evidence,True,False
2026-06-18,12 x 12 - Boulder Challenge - Juni,VL-GLOBAL,Regional / local,Senior / Open,SHARED_BRIDGE_ONLY,valid shared-skill evidence without a governed direct target-head label,True,False
2026-06-18,Test Try Penalty Zone,VL-GLOBAL,Regional / local,Senior / Open,QUARANTINE,event name is explicitly labelled TEST,True,False
2026-06-20,3a Prueba Copa de Escalada en Bloque FEMECV Absoluta y Juvenil,FEDME,Regional / local,Senior / Open,FED:FEDME,direct federation-level evidence,True,False
2026-06-20,Campeonato Autonomico FEMECV de Escalada en Bloque,FEDME,Regional / local,Senior / Open,FED:FEDME,direct federation-level evidence,True,False
2026-06-20,Campeonato de Castilla y León de Escalada en Dificultad Juvenil y 1ª Prueba de Copa Abs y Juv,FEDME,Regional / local,Senior / Open,FED:FEDME,direct federation-level evidence,True,False
2026-06-20,Prueba Competitiva Campo Base 2026,FEDME,Regional / local,Senior / Open,FED:FEDME,direct federation-level evidence,True,False
2026-06-26,2026 NACS Lead & Speed,CEC,Continental / cross-border,Senior / Open,NACS,direct NACS evidence,True,False
2026-06-26,2026 Youth National Championship,USAC,National championship youth,Youth,FED:USAC:YOUTH,direct federation-level evidence,True,False
2026-06-26,Goat Games 2026 Classification Round,VL-GLOBAL,Regional / local,Senior / Open,SHARED_BRIDGE_ONLY,valid shared-skill evidence without a governed direct target-head label,True,False
2026-06-26,Goat Games 2026 Test Rounds,VL-GLOBAL,Regional / local,Senior / Open,QUARANTINE,event name is explicitly labelled TEST,True,False
2026-06-27,Coppa Italia 3° prova (S),FASI,National series,Senior / Open,FED:FASI,direct federation-level evidence,True,False
2026-06-27,Boulder-Schweizermeisterschaften 2026 im Rahmen des BSCC/nur Schweizer/innen - Minimum Flüela,SAC-CAS,National championship,Senior / Open,FED:SAC-CAS,direct federation-level evidence,True,False
2026-06-27,Bächli Bergsport Swiss Climbing Cup 2026 (B)/Tageswertung - Minimum Flüela,SAC-CAS,National series,Senior / Open,FED:SAC-CAS,direct federation-level evidence,True,False
2026-06-27,Irish Lead Championships 2026,VL-GLOBAL,Regional / local,Senior / Open,SHARED_BRIDGE_ONLY,valid shared-skill evidence without a governed direct target-head label,True,False
2026-06-27,Irish Lead Championships 2026,VL-GLOBAL,Regional / local youth,Youth,SHARED_BRIDGE_ONLY,valid shared-skill evidence without a governed direct target-head label,True,False
2026-06-28,Plausch Boulderparcours im Rahmen der Schweizermeisterschaft – Minimum Flüela,SAC-CAS,National championship,Senior / Open,FED:SAC-CAS,direct federation-level evidence,True,False
2026-07-01,Test,CEC,Regional / local,Senior / Open,QUARANTINE,event name is explicitly labelled TEST,True,False
2026-07-03,World Climbing Series Krakow 2026,IFSC,World series,Senior / Open,WC,direct adult World series/World championship evidence,True,False
2026-07-03,Sparta Summer Fight 2026,VL-GLOBAL,Regional / local,Senior / Open,SHARED_BRIDGE_ONLY,valid shared-skill evidence without a governed direct target-head label,True,False
2026-07-04,World Climbing Europe Youth Series Dornbirn 2026,IFSC,Continental series youth,Youth,IFSC_REG:EUROPE:YOUTH,direct IFSC regional/continental evidence,True,False
2026-07-04,Bloc Shop Open,VL-GLOBAL,Regional / local,Senior / Open,SHARED_BRIDGE_ONLY,valid shared-skill evidence without a governed direct target-head label,True,False
2026-07-10,World Climbing Series Chamonix 2026,IFSC,World series,Senior / Open,WC,direct adult World series/World championship evidence,True,False
2026-07-11,Goat Games Reborn 2026 Main Event,VL-GLOBAL,Regional / local,Senior / Open,SHARED_BRIDGE_ONLY,valid shared-skill evidence without a governed direct target-head label,True,False
2026-07-15,DENEME TEST,VL-GLOBAL,Regional / local,Senior / Open,QUARANTINE,event name is explicitly labelled TEST,True,False
2026-07-15,DENEME TEST,VL-GLOBAL,Regional / local youth,Youth,QUARANTINE,event name is explicitly labelled TEST,True,False
2026-07-16,12 x 12 - Boulder Challenge - Juli - Sommeredition ☀️,VL-GLOBAL,Regional / local,Senior / Open,SHARED_BRIDGE_ONLY,valid shared-skill evidence without a governed direct target-head label,True,False
2026-07-17,World Climbing Europe Championship Barcelona 2026,IFSC,Continental championship,Senior / Open,IFSC_REG:EUROPE,direct IFSC regional/continental evidence,True,False
2026-07-17,World Climbing Europe Series Barcelona 2026,IFSC,Continental series,Senior / Open,IFSC_REG:EUROPE,direct IFSC regional/continental evidence,True,False
2026-07-18,World Climbing Youth Championship Arco 2026,IFSC,International other youth,Youth,IFSC_WORLD_YOUTH,"direct Youth World evidence; transition context, not adult WC evidence",True,False
2026-07-25,World Climbing Pan America Series Salt Lake City 2026,IFSC,Continental series,Senior / Open,IFSC_REG:PAN_AMERICA,direct IFSC regional/continental evidence,True,False
