priority_rank,competition_id,problem_id,source_event_id,source_round_id,boulder_number,leaderboard_route_id,event_date,event_name,source_scope,source_url,event_tier,category,round_name,linked_outcomes,linked_athletes,zone_rate,top_rate,rows_with_both_board_metrics,mean_physical_metrics_available,outcome_spread,priority_rule,tag_status
1,CEC|event:224,CEC|event:224|route:23232,224,4451,1,23232,2026-05-14,2025-26 Youth Nationals - Boulder & Lead,CEC,/api/v1/category_rounds/4451/results,National championship youth,U19 Male,Semi-Finals,7,7,0.5714285714285714,0.2857142857142857,3,9.142857142857142,0.4489795918367347,"continuous ordering: reusable athletes, outcome spread, both-board coverage, physical-metric coverage, recency; no inclusion cutoff",human_demand_tags_needed
2,CEC|event:224,CEC|event:224|route:22447,224,4420,3,22447,2026-05-14,2025-26 Youth Nationals - Boulder & Lead,CEC,/api/v1/category_rounds/4420/results,National championship youth,U19 Male,Qualification,7,7,0.8571428571428571,0.2857142857142857,3,9.142857142857142,0.326530612244898,"continuous ordering: reusable athletes, outcome spread, both-board coverage, physical-metric coverage, recency; no inclusion cutoff",human_demand_tags_needed
3,CEC|event:224,CEC|event:224|route:23235,224,4451,4,23235,2026-05-14,2025-26 Youth Nationals - Boulder & Lead,CEC,/api/v1/category_rounds/4451/results,National championship youth,U19 Male,Semi-Finals,7,7,1.0,0.42857142857142855,3,9.142857142857142,0.24489795918367344,"continuous ordering: reusable athletes, outcome spread, both-board coverage, physical-metric coverage, recency; no inclusion cutoff",human_demand_tags_needed
4,CEC|event:224,CEC|event:224|route:22448,224,4420,4,22448,2026-05-14,2025-26 Youth Nationals - Boulder & Lead,CEC,/api/v1/category_rounds/4420/results,National championship youth,U19 Male,Qualification,7,7,1.0,0.7142857142857143,3,9.142857142857142,0.20408163265306123,"continuous ordering: reusable athletes, outcome spread, both-board coverage, physical-metric coverage, recency; no inclusion cutoff",human_demand_tags_needed
5,CEC|event:224,CEC|event:224|route:22450,224,4420,6,22450,2026-05-14,2025-26 Youth Nationals - Boulder & Lead,CEC,/api/v1/category_rounds/4420/results,National championship youth,U19 Male,Qualification,7,7,1.0,0.2857142857142857,3,9.142857142857142,0.20408163265306123,"continuous ordering: reusable athletes, outcome spread, both-board coverage, physical-metric coverage, recency; no inclusion cutoff",human_demand_tags_needed
6,CEC|event:224,CEC|event:224|route:23234,224,4451,3,23234,2026-05-14,2025-26 Youth Nationals - Boulder & Lead,CEC,/api/v1/category_rounds/4451/results,National championship youth,U19 Male,Semi-Finals,7,7,0.2857142857142857,0.0,3,9.142857142857142,0.20408163265306123,"continuous ordering: reusable athletes, outcome spread, both-board coverage, physical-metric coverage, recency; no inclusion cutoff",human_demand_tags_needed
7,CEC|event:224,CEC|event:224|route:22446,224,4420,2,22446,2026-05-14,2025-26 Youth Nationals - Boulder & Lead,CEC,/api/v1/category_rounds/4420/results,National championship youth,U19 Male,Qualification,7,7,1.0,0.8571428571428571,3,9.142857142857142,0.12244897959183677,"continuous ordering: reusable athletes, outcome spread, both-board coverage, physical-metric coverage, recency; no inclusion cutoff",human_demand_tags_needed
8,CEC|event:224,CEC|event:224|route:23233,224,4451,2,23233,2026-05-14,2025-26 Youth Nationals - Boulder & Lead,CEC,/api/v1/category_rounds/4451/results,National championship youth,U19 Male,Semi-Finals,7,7,1.0,0.8571428571428571,3,9.142857142857142,0.12244897959183677,"continuous ordering: reusable athletes, outcome spread, both-board coverage, physical-metric coverage, recency; no inclusion cutoff",human_demand_tags_needed
9,CEC|event:224,CEC|event:224|route:22445,224,4420,1,22445,2026-05-14,2025-26 Youth Nationals - Boulder & Lead,CEC,/api/v1/category_rounds/4420/results,National championship youth,U19 Male,Qualification,7,7,1.0,1.0,3,9.142857142857142,0.0,"continuous ordering: reusable athletes, outcome spread, both-board coverage, physical-metric coverage, recency; no inclusion cutoff",human_demand_tags_needed
10,CEC|event:224,CEC|event:224|route:22449,224,4420,5,22449,2026-05-14,2025-26 Youth Nationals - Boulder & Lead,CEC,/api/v1/category_rounds/4420/results,National championship youth,U19 Male,Qualification,7,7,1.0,1.0,3,9.142857142857142,0.0,"continuous ordering: reusable athletes, outcome spread, both-board coverage, physical-metric coverage, recency; no inclusion cutoff",human_demand_tags_needed
11,CEC|event:172,CEC|event:172|route:15448,172,3261,5,15448,2025-12-11,Sélection Provinciale Séniore BLOC,CEC,/api/v1/category_rounds/3261/results,Regional / local,Sénior Hommes,Qualifications,6,6,0.6666666666666666,0.5,6,11.166666666666666,0.4722222222222222,"continuous ordering: reusable athletes, outcome spread, both-board coverage, physical-metric coverage, recency; no inclusion cutoff",human_demand_tags_needed
12,CEC|event:192,CEC|event:192|route:17726,192,3655,1,17726,2026-01-24,Coupe QC D1 Bloc #2,CEC,/api/v1/category_rounds/3655/results,Regional / local youth,Juvénile A hommes,Qualifications,6,6,0.6666666666666666,0.6666666666666666,5,10.0,0.4444444444444445,"continuous ordering: reusable athletes, outcome spread, both-board coverage, physical-metric coverage, recency; no inclusion cutoff",human_demand_tags_needed
13,CEC|event:153,CEC|event:153|route:13973,153,2845,4,13973,2025-11-08,D1 Bloc #1 Délire Ste-Foy,CEC,/api/v1/category_rounds/2845/results,Regional / local youth,Juvénile A hommes,Qualifications,6,6,1.0,0.5,6,10.0,0.25,"continuous ordering: reusable athletes, outcome spread, both-board coverage, physical-metric coverage, recency; no inclusion cutoff",human_demand_tags_needed
14,CEC|event:123,CEC|event:123|route:9706,123,2301,2,9706,2025-05-15,2024-2025 Youth Boulder National Championships (Boulder & Lead),CEC,/api/v1/category_rounds/2301/results,National championship youth,U19 Male,Qualification,6,6,1.0,0.5,6,8.333333333333334,0.25,"continuous ordering: reusable athletes, outcome spread, both-board coverage, physical-metric coverage, recency; no inclusion cutoff",human_demand_tags_needed
15,CEC|event:123,CEC|event:123|route:9710,123,2301,6,9710,2025-05-15,2024-2025 Youth Boulder National Championships (Boulder & Lead),CEC,/api/v1/category_rounds/2301/results,National championship youth,U19 Male,Qualification,6,6,0.5,0.0,6,8.333333333333334,0.25,"continuous ordering: reusable athletes, outcome spread, both-board coverage, physical-metric coverage, recency; no inclusion cutoff",human_demand_tags_needed
16,CEC|event:172,CEC|event:172|route:15446,172,3261,3,15446,2025-12-11,Sélection Provinciale Séniore BLOC,CEC,/api/v1/category_rounds/3261/results,Regional / local,Sénior Hommes,Qualifications,6,6,0.6666666666666666,0.0,6,11.166666666666666,0.22222222222222224,"continuous ordering: reusable athletes, outcome spread, both-board coverage, physical-metric coverage, recency; no inclusion cutoff",human_demand_tags_needed
17,CEC|event:153,CEC|event:153|route:13970,153,2845,1,13970,2025-11-08,D1 Bloc #1 Délire Ste-Foy,CEC,/api/v1/category_rounds/2845/results,Regional / local youth,Juvénile A hommes,Qualifications,6,6,0.6666666666666666,0.0,6,10.0,0.22222222222222224,"continuous ordering: reusable athletes, outcome spread, both-board coverage, physical-metric coverage, recency; no inclusion cutoff",human_demand_tags_needed
18,CEC|event:153,CEC|event:153|route:13974,153,2845,5,13974,2025-11-08,D1 Bloc #1 Délire Ste-Foy,CEC,/api/v1/category_rounds/2845/results,Regional / local youth,Juvénile A hommes,Qualifications,6,6,1.0,0.6666666666666666,6,10.0,0.22222222222222224,"continuous ordering: reusable athletes, outcome spread, both-board coverage, physical-metric coverage, recency; no inclusion cutoff",human_demand_tags_needed
19,CEC|event:211,CEC|event:211|route:19824,211,4050,3,19824,2026-03-21,Championnat Provincial D1 Bloc,CEC,/api/v1/category_rounds/4050/results,Regional / local youth,Juvénile A hommes,Qualifications,6,6,0.6666666666666666,0.0,5,10.0,0.22222222222222224,"continuous ordering: reusable athletes, outcome spread, both-board coverage, physical-metric coverage, recency; no inclusion cutoff",human_demand_tags_needed
20,CEC|event:211,CEC|event:211|route:19826,211,4050,5,19826,2026-03-21,Championnat Provincial D1 Bloc,CEC,/api/v1/category_rounds/4050/results,Regional / local youth,Juvénile A hommes,Qualifications,6,6,0.6666666666666666,0.0,5,10.0,0.22222222222222224,"continuous ordering: reusable athletes, outcome spread, both-board coverage, physical-metric coverage, recency; no inclusion cutoff",human_demand_tags_needed
21,CEC|event:172,CEC|event:172|route:15445,172,3261,2,15445,2025-12-11,Sélection Provinciale Séniore BLOC,CEC,/api/v1/category_rounds/3261/results,Regional / local,Sénior Hommes,Qualifications,6,6,1.0,0.16666666666666666,6,11.166666666666666,0.1388888888888889,"continuous ordering: reusable athletes, outcome spread, both-board coverage, physical-metric coverage, recency; no inclusion cutoff",human_demand_tags_needed
22,CEC|event:211,CEC|event:211|route:19823,211,4050,2,19823,2026-03-21,Championnat Provincial D1 Bloc,CEC,/api/v1/category_rounds/4050/results,Regional / local youth,Juvénile A hommes,Qualifications,6,6,1.0,0.16666666666666666,5,10.0,0.1388888888888889,"continuous ordering: reusable athletes, outcome spread, both-board coverage, physical-metric coverage, recency; no inclusion cutoff",human_demand_tags_needed
23,CEC|event:192,CEC|event:192|route:17730,192,3655,5,17730,2026-01-24,Coupe QC D1 Bloc #2,CEC,/api/v1/category_rounds/3655/results,Regional / local youth,Juvénile A hommes,Qualifications,6,6,1.0,0.16666666666666666,5,10.0,0.1388888888888889,"continuous ordering: reusable athletes, outcome spread, both-board coverage, physical-metric coverage, recency; no inclusion cutoff",human_demand_tags_needed
24,CEC|event:172,CEC|event:172|route:15447,172,3261,4,15447,2025-12-11,Sélection Provinciale Séniore BLOC,CEC,/api/v1/category_rounds/3261/results,Regional / local,Sénior Hommes,Qualifications,6,6,1.0,0.8333333333333334,6,11.166666666666666,0.13888888888888887,"continuous ordering: reusable athletes, outcome spread, both-board coverage, physical-metric coverage, recency; no inclusion cutoff",human_demand_tags_needed
25,CEC|event:211,CEC|event:211|route:19825,211,4050,4,19825,2026-03-21,Championnat Provincial D1 Bloc,CEC,/api/v1/category_rounds/4050/results,Regional / local youth,Juvénile A hommes,Qualifications,6,6,1.0,0.8333333333333334,5,10.0,0.13888888888888887,"continuous ordering: reusable athletes, outcome spread, both-board coverage, physical-metric coverage, recency; no inclusion cutoff",human_demand_tags_needed
26,CEC|event:172,CEC|event:172|route:15444,172,3261,1,15444,2025-12-11,Sélection Provinciale Séniore BLOC,CEC,/api/v1/category_rounds/3261/results,Regional / local,Sénior Hommes,Qualifications,6,6,1.0,1.0,6,11.166666666666666,0.0,"continuous ordering: reusable athletes, outcome spread, both-board coverage, physical-metric coverage, recency; no inclusion cutoff",human_demand_tags_needed
27,CEC|event:153,CEC|event:153|route:13971,153,2845,2,13971,2025-11-08,D1 Bloc #1 Délire Ste-Foy,CEC,/api/v1/category_rounds/2845/results,Regional / local youth,Juvénile A hommes,Qualifications,6,6,1.0,1.0,6,10.0,0.0,"continuous ordering: reusable athletes, outcome spread, both-board coverage, physical-metric coverage, recency; no inclusion cutoff",human_demand_tags_needed
28,CEC|event:153,CEC|event:153|route:13972,153,2845,3,13972,2025-11-08,D1 Bloc #1 Délire Ste-Foy,CEC,/api/v1/category_rounds/2845/results,Regional / local youth,Juvénile A hommes,Qualifications,6,6,0.0,0.0,6,10.0,0.0,"continuous ordering: reusable athletes, outcome spread, both-board coverage, physical-metric coverage, recency; no inclusion cutoff",human_demand_tags_needed
29,CEC|event:123,CEC|event:123|route:9707,123,2301,3,9707,2025-05-15,2024-2025 Youth Boulder National Championships (Boulder & Lead),CEC,/api/v1/category_rounds/2301/results,National championship youth,U19 Male,Qualification,6,6,1.0,1.0,6,8.333333333333334,0.0,"continuous ordering: reusable athletes, outcome spread, both-board coverage, physical-metric coverage, recency; no inclusion cutoff",human_demand_tags_needed
30,CEC|event:123,CEC|event:123|route:9708,123,2301,4,9708,2025-05-15,2024-2025 Youth Boulder National Championships (Boulder & Lead),CEC,/api/v1/category_rounds/2301/results,National championship youth,U19 Male,Qualification,6,6,1.0,1.0,6,8.333333333333334,0.0,"continuous ordering: reusable athletes, outcome spread, both-board coverage, physical-metric coverage, recency; no inclusion cutoff",human_demand_tags_needed
31,CEC|event:123,CEC|event:123|route:9709,123,2301,5,9709,2025-05-15,2024-2025 Youth Boulder National Championships (Boulder & Lead),CEC,/api/v1/category_rounds/2301/results,National championship youth,U19 Male,Qualification,6,6,1.0,1.0,6,8.333333333333334,0.0,"continuous ordering: reusable athletes, outcome spread, both-board coverage, physical-metric coverage, recency; no inclusion cutoff",human_demand_tags_needed
32,CEC|event:192,CEC|event:192|route:17727,192,3655,2,17727,2026-01-24,Coupe QC D1 Bloc #2,CEC,/api/v1/category_rounds/3655/results,Regional / local youth,Juvénile A hommes,Qualifications,6,6,1.0,1.0,5,10.0,0.0,"continuous ordering: reusable athletes, outcome spread, both-board coverage, physical-metric coverage, recency; no inclusion cutoff",human_demand_tags_needed
33,CEC|event:192,CEC|event:192|route:17728,192,3655,3,17728,2026-01-24,Coupe QC D1 Bloc #2,CEC,/api/v1/category_rounds/3655/results,Regional / local youth,Juvénile A hommes,Qualifications,6,6,1.0,1.0,5,10.0,0.0,"continuous ordering: reusable athletes, outcome spread, both-board coverage, physical-metric coverage, recency; no inclusion cutoff",human_demand_tags_needed
34,CEC|event:192,CEC|event:192|route:17729,192,3655,4,17729,2026-01-24,Coupe QC D1 Bloc #2,CEC,/api/v1/category_rounds/3655/results,Regional / local youth,Juvénile A hommes,Qualifications,6,6,1.0,1.0,5,10.0,0.0,"continuous ordering: reusable athletes, outcome spread, both-board coverage, physical-metric coverage, recency; no inclusion cutoff",human_demand_tags_needed
35,CEC|event:123,CEC|event:123|route:9740,123,2328,4,9740,2025-05-15,2024-2025 Youth Boulder National Championships (Boulder & Lead),CEC,/api/v1/category_rounds/2328/results,National championship youth,U19 Male,Semi-Finals,5,5,0.6,0.6,5,8.6,0.48,"continuous ordering: reusable athletes, outcome spread, both-board coverage, physical-metric coverage, recency; no inclusion cutoff",human_demand_tags_needed
36,CEC|event:89,CEC|event:89|route:7008,89,1707,2,7008,2024-11-21,2024-2025 Senior National Championships,CEC,/api/v1/category_rounds/1707/results,National championship,Men,Qualification,5,5,0.8,0.6,5,7.4,0.39999999999999997,"continuous ordering: reusable athletes, outcome spread, both-board coverage, physical-metric coverage, recency; no inclusion cutoff",human_demand_tags_needed
37,CEC|event:211,CEC|event:211|route:19822,211,4050,1,19822,2026-03-21,Championnat Provincial D1 Bloc,CEC,/api/v1/category_rounds/4050/results,Regional / local youth,Juvénile A hommes,Qualifications,5,5,0.8,0.6,4,10.2,0.39999999999999997,"continuous ordering: reusable athletes, outcome spread, both-board coverage, physical-metric coverage, recency; no inclusion cutoff",human_demand_tags_needed
38,CEC|event:157,CEC|event:157|route:13771,157,2978,3,13771,2026-02-12,2025-2026 Senior National Championships,CEC,/api/v1/category_rounds/2978/results,National championship,Men,Qualification,5,5,1.0,0.4,5,11.2,0.24,"continuous ordering: reusable athletes, outcome spread, both-board coverage, physical-metric coverage, recency; no inclusion cutoff",human_demand_tags_needed
39,CEC|event:157,CEC|event:157|route:13772,157,2978,4,13772,2026-02-12,2025-2026 Senior National Championships,CEC,/api/v1/category_rounds/2978/results,National championship,Men,Qualification,5,5,0.4,0.0,5,11.2,0.24,"continuous ordering: reusable athletes, outcome spread, both-board coverage, physical-metric coverage, recency; no inclusion cutoff",human_demand_tags_needed
40,CEC|event:123,CEC|event:123|route:9739,123,2328,3,9739,2025-05-15,2024-2025 Youth Boulder National Championships (Boulder & Lead),CEC,/api/v1/category_rounds/2328/results,National championship youth,U19 Male,Semi-Finals,5,5,1.0,0.6,5,8.6,0.24,"continuous ordering: reusable athletes, outcome spread, both-board coverage, physical-metric coverage, recency; no inclusion cutoff",human_demand_tags_needed
41,CEC|event:89,CEC|event:89|route:7009,89,1707,3,7009,2024-11-21,2024-2025 Senior National Championships,CEC,/api/v1/category_rounds/1707/results,National championship,Men,Qualification,5,5,0.6,0.0,5,7.4,0.24,"continuous ordering: reusable athletes, outcome spread, both-board coverage, physical-metric coverage, recency; no inclusion cutoff",human_demand_tags_needed
42,CEC|event:89,CEC|event:89|route:7012,89,1707,6,7012,2024-11-21,2024-2025 Senior National Championships,CEC,/api/v1/category_rounds/1707/results,National championship,Men,Qualification,5,5,1.0,0.4,5,7.4,0.24,"continuous ordering: reusable athletes, outcome spread, both-board coverage, physical-metric coverage, recency; no inclusion cutoff",human_demand_tags_needed
43,CEC|event:89,CEC|event:89|route:7011,89,1707,5,7011,2024-11-21,2024-2025 Senior National Championships,CEC,/api/v1/category_rounds/1707/results,National championship,Men,Qualification,5,5,1.0,0.2,5,7.4,0.16000000000000003,"continuous ordering: reusable athletes, outcome spread, both-board coverage, physical-metric coverage, recency; no inclusion cutoff",human_demand_tags_needed
44,CEC|event:157,CEC|event:157|route:13770,157,2978,2,13770,2026-02-12,2025-2026 Senior National Championships,CEC,/api/v1/category_rounds/2978/results,National championship,Men,Qualification,5,5,0.8,0.0,5,11.2,0.15999999999999998,"continuous ordering: reusable athletes, outcome spread, both-board coverage, physical-metric coverage, recency; no inclusion cutoff",human_demand_tags_needed
45,CEC|event:123,CEC|event:123|route:9738,123,2328,2,9738,2025-05-15,2024-2025 Youth Boulder National Championships (Boulder & Lead),CEC,/api/v1/category_rounds/2328/results,National championship youth,U19 Male,Semi-Finals,5,5,1.0,0.8,5,8.6,0.15999999999999998,"continuous ordering: reusable athletes, outcome spread, both-board coverage, physical-metric coverage, recency; no inclusion cutoff",human_demand_tags_needed
46,CEC|event:89,CEC|event:89|route:7007,89,1707,1,7007,2024-11-21,2024-2025 Senior National Championships,CEC,/api/v1/category_rounds/1707/results,National championship,Men,Qualification,5,5,1.0,0.8,5,7.4,0.15999999999999998,"continuous ordering: reusable athletes, outcome spread, both-board coverage, physical-metric coverage, recency; no inclusion cutoff",human_demand_tags_needed
47,CEC|event:157,CEC|event:157|route:13769,157,2978,1,13769,2026-02-12,2025-2026 Senior National Championships,CEC,/api/v1/category_rounds/2978/results,National championship,Men,Qualification,5,5,1.0,1.0,5,11.2,0.0,"continuous ordering: reusable athletes, outcome spread, both-board coverage, physical-metric coverage, recency; no inclusion cutoff",human_demand_tags_needed
48,CEC|event:157,CEC|event:157|route:13773,157,2978,5,13773,2026-02-12,2025-2026 Senior National Championships,CEC,/api/v1/category_rounds/2978/results,National championship,Men,Qualification,5,5,1.0,1.0,5,11.2,0.0,"continuous ordering: reusable athletes, outcome spread, both-board coverage, physical-metric coverage, recency; no inclusion cutoff",human_demand_tags_needed
49,CEC|event:157,CEC|event:157|route:13774,157,2978,6,13774,2026-02-12,2025-2026 Senior National Championships,CEC,/api/v1/category_rounds/2978/results,National championship,Men,Qualification,5,5,1.0,1.0,5,11.2,0.0,"continuous ordering: reusable athletes, outcome spread, both-board coverage, physical-metric coverage, recency; no inclusion cutoff",human_demand_tags_needed
50,CEC|event:123,CEC|event:123|route:9705,123,2301,1,9705,2025-05-15,2024-2025 Youth Boulder National Championships (Boulder & Lead),CEC,/api/v1/category_rounds/2301/results,National championship youth,U19 Male,Qualification,5,5,1.0,1.0,5,8.6,0.0,"continuous ordering: reusable athletes, outcome spread, both-board coverage, physical-metric coverage, recency; no inclusion cutoff",human_demand_tags_needed
51,CEC|event:123,CEC|event:123|route:9737,123,2328,1,9737,2025-05-15,2024-2025 Youth Boulder National Championships (Boulder & Lead),CEC,/api/v1/category_rounds/2328/results,National championship youth,U19 Male,Semi-Finals,5,5,1.0,1.0,5,8.6,0.0,"continuous ordering: reusable athletes, outcome spread, both-board coverage, physical-metric coverage, recency; no inclusion cutoff",human_demand_tags_needed
52,CEC|event:89,CEC|event:89|route:7010,89,1707,4,7010,2024-11-21,2024-2025 Senior National Championships,CEC,/api/v1/category_rounds/1707/results,National championship,Men,Qualification,5,5,0.0,0.0,5,7.4,0.0,"continuous ordering: reusable athletes, outcome spread, both-board coverage, physical-metric coverage, recency; no inclusion cutoff",human_demand_tags_needed
53,CEC|event:192,CEC|event:192|route:17862,192,3681,1,17862,2026-01-24,Coupe QC D1 Bloc #2,CEC,/api/v1/category_rounds/3681/results,Regional / local youth,Juvénile A hommes,Finales,4,4,0.75,0.5,4,11.0,0.4375,"continuous ordering: reusable athletes, outcome spread, both-board coverage, physical-metric coverage, recency; no inclusion cutoff",human_demand_tags_needed
54,CEC|event:217,CEC|event:217|route:20937,217,4176,4,20937,2026-04-18,Youth Eastern Regionals 25/26,CEC,/api/v1/category_rounds/4176/results,Regional / local youth,U19 Male,Qualification,4,4,0.5,0.25,1,7.5,0.4375,"continuous ordering: reusable athletes, outcome spread, both-board coverage, physical-metric coverage, recency; no inclusion cutoff",human_demand_tags_needed
55,CEC|event:224,CEC|event:224|route:23259,224,4457,4,23259,2026-05-14,2025-26 Youth Nationals - Boulder & Lead,CEC,/api/v1/category_rounds/4457/results,National championship youth,U19 Male,Finals,4,4,0.75,0.25,1,8.5,0.375,"continuous ordering: reusable athletes, outcome spread, both-board coverage, physical-metric coverage, recency; no inclusion cutoff",human_demand_tags_needed
56,CEC|event:192,CEC|event:192|route:17863,192,3681,2,17863,2026-01-24,Coupe QC D1 Bloc #2,CEC,/api/v1/category_rounds/3681/results,Regional / local youth,Juvénile A hommes,Finales,4,4,1.0,0.5,4,11.0,0.25,"continuous ordering: reusable athletes, outcome spread, both-board coverage, physical-metric coverage, recency; no inclusion cutoff",human_demand_tags_needed
57,CEC|event:224,CEC|event:224|route:23256,224,4457,1,23256,2026-05-14,2025-26 Youth Nationals - Boulder & Lead,CEC,/api/v1/category_rounds/4457/results,National championship youth,U19 Male,Finals,4,4,1.0,0.5,1,8.5,0.25,"continuous ordering: reusable athletes, outcome spread, both-board coverage, physical-metric coverage, recency; no inclusion cutoff",human_demand_tags_needed
58,CEC|event:217,CEC|event:217|route:20934,217,4176,1,20934,2026-04-18,Youth Eastern Regionals 25/26,CEC,/api/v1/category_rounds/4176/results,Regional / local youth,U19 Male,Qualification,4,4,0.5,0.0,1,7.5,0.25,"continuous ordering: reusable athletes, outcome spread, both-board coverage, physical-metric coverage, recency; no inclusion cutoff",human_demand_tags_needed
59,CEC|event:217,CEC|event:217|route:20938,217,4176,5,20938,2026-04-18,Youth Eastern Regionals 25/26,CEC,/api/v1/category_rounds/4176/results,Regional / local youth,U19 Male,Qualification,4,4,1.0,0.5,1,7.5,0.25,"continuous ordering: reusable athletes, outcome spread, both-board coverage, physical-metric coverage, recency; no inclusion cutoff",human_demand_tags_needed
60,CEC|event:121,CEC|event:121|route:9530,121,2234,3,9530,2025-05-03,2025 NACS,CEC,/api/v1/category_rounds/2234/results,Continental / cross-border,Men,Qualification,4,4,0.25,0.0,4,8.5,0.1875,"continuous ordering: reusable athletes, outcome spread, both-board coverage, physical-metric coverage, recency; no inclusion cutoff",human_demand_tags_needed
61,CEC|event:121,CEC|event:121|route:9532,121,2234,5,9532,2025-05-03,2025 NACS,CEC,/api/v1/category_rounds/2234/results,Continental / cross-border,Men,Qualification,4,4,1.0,0.75,4,8.5,0.1875,"continuous ordering: reusable athletes, outcome spread, both-board coverage, physical-metric coverage, recency; no inclusion cutoff",human_demand_tags_needed
62,CEC|event:224,CEC|event:224|route:23257,224,4457,2,23257,2026-05-14,2025-26 Youth Nationals - Boulder & Lead,CEC,/api/v1/category_rounds/4457/results,National championship youth,U19 Male,Finals,4,4,1.0,0.25,1,8.5,0.1875,"continuous ordering: reusable athletes, outcome spread, both-board coverage, physical-metric coverage, recency; no inclusion cutoff",human_demand_tags_needed
63,CEC|event:224,CEC|event:224|route:23258,224,4457,3,23258,2026-05-14,2025-26 Youth Nationals - Boulder & Lead,CEC,/api/v1/category_rounds/4457/results,National championship youth,U19 Male,Finals,4,4,1.0,0.75,1,8.5,0.1875,"continuous ordering: reusable athletes, outcome spread, both-board coverage, physical-metric coverage, recency; no inclusion cutoff",human_demand_tags_needed
64,CEC|event:217,CEC|event:217|route:20935,217,4176,2,20935,2026-04-18,Youth Eastern Regionals 25/26,CEC,/api/v1/category_rounds/4176/results,Regional / local youth,U19 Male,Qualification,4,4,1.0,0.75,1,7.5,0.1875,"continuous ordering: reusable athletes, outcome spread, both-board coverage, physical-metric coverage, recency; no inclusion cutoff",human_demand_tags_needed
65,CEC|event:192,CEC|event:192|route:17864,192,3681,3,17864,2026-01-24,Coupe QC D1 Bloc #2,CEC,/api/v1/category_rounds/3681/results,Regional / local youth,Juvénile A hommes,Finales,4,4,1.0,1.0,4,11.0,0.0,"continuous ordering: reusable athletes, outcome spread, both-board coverage, physical-metric coverage, recency; no inclusion cutoff",human_demand_tags_needed
66,CEC|event:192,CEC|event:192|route:17865,192,3681,4,17865,2026-01-24,Coupe QC D1 Bloc #2,CEC,/api/v1/category_rounds/3681/results,Regional / local youth,Juvénile A hommes,Finales,4,4,1.0,1.0,4,11.0,0.0,"continuous ordering: reusable athletes, outcome spread, both-board coverage, physical-metric coverage, recency; no inclusion cutoff",human_demand_tags_needed
67,CEC|event:121,CEC|event:121|route:9528,121,2234,1,9528,2025-05-03,2025 NACS,CEC,/api/v1/category_rounds/2234/results,Continental / cross-border,Men,Qualification,4,4,1.0,1.0,4,8.5,0.0,"continuous ordering: reusable athletes, outcome spread, both-board coverage, physical-metric coverage, recency; no inclusion cutoff",human_demand_tags_needed
68,CEC|event:121,CEC|event:121|route:9529,121,2234,2,9529,2025-05-03,2025 NACS,CEC,/api/v1/category_rounds/2234/results,Continental / cross-border,Men,Qualification,4,4,0.0,0.0,4,8.5,0.0,"continuous ordering: reusable athletes, outcome spread, both-board coverage, physical-metric coverage, recency; no inclusion cutoff",human_demand_tags_needed
69,CEC|event:121,CEC|event:121|route:9531,121,2234,4,9531,2025-05-03,2025 NACS,CEC,/api/v1/category_rounds/2234/results,Continental / cross-border,Men,Qualification,4,4,1.0,0.0,4,8.5,0.0,"continuous ordering: reusable athletes, outcome spread, both-board coverage, physical-metric coverage, recency; no inclusion cutoff",human_demand_tags_needed
70,CEC|event:217,CEC|event:217|route:20936,217,4176,3,20936,2026-04-18,Youth Eastern Regionals 25/26,CEC,/api/v1/category_rounds/4176/results,Regional / local youth,U19 Male,Qualification,4,4,1.0,1.0,1,7.5,0.0,"continuous ordering: reusable athletes, outcome spread, both-board coverage, physical-metric coverage, recency; no inclusion cutoff",human_demand_tags_needed
71,CEC|event:217,CEC|event:217|route:20939,217,4176,6,20939,2026-04-18,Youth Eastern Regionals 25/26,CEC,/api/v1/category_rounds/4176/results,Regional / local youth,U19 Male,Qualification,4,4,1.0,1.0,1,7.5,0.0,"continuous ordering: reusable athletes, outcome spread, both-board coverage, physical-metric coverage, recency; no inclusion cutoff",human_demand_tags_needed
72,CEC|event:211,CEC|event:211|route:19895,211,4060,2,19895,2026-03-21,Championnat Provincial D1 Bloc,CEC,/api/v1/category_rounds/4060/results,Regional / local youth,Juvénile A hommes,Finales,3,3,0.6666666666666666,0.6666666666666666,3,11.0,0.4444444444444445,"continuous ordering: reusable athletes, outcome spread, both-board coverage, physical-metric coverage, recency; no inclusion cutoff",human_demand_tags_needed
73,CEC|event:211,CEC|event:211|route:19896,211,4060,3,19896,2026-03-21,Championnat Provincial D1 Bloc,CEC,/api/v1/category_rounds/4060/results,Regional / local youth,Juvénile A hommes,Finales,3,3,0.6666666666666666,0.3333333333333333,3,11.0,0.4444444444444445,"continuous ordering: reusable athletes, outcome spread, both-board coverage, physical-metric coverage, recency; no inclusion cutoff",human_demand_tags_needed
74,CEC|event:98,CEC|event:98|route:8045,98,1856,7,8045,2025-01-24,2025 HP Competition,CEC,/api/v1/category_rounds/1856/results,Regional / local,Men,Qualification,3,3,0.6666666666666666,0.3333333333333333,3,7.666666666666667,0.4444444444444445,"continuous ordering: reusable athletes, outcome spread, both-board coverage, physical-metric coverage, recency; no inclusion cutoff",human_demand_tags_needed
75,CEC|event:225,CEC|event:225|route:22594,225,4461,5,22594,2026-05-02,2026 NACS Boulder,CEC,/api/v1/category_rounds/4461/results,Continental / cross-border,Men,Qualification,3,3,0.6666666666666666,0.6666666666666666,2,12.333333333333334,0.4444444444444445,"continuous ordering: reusable athletes, outcome spread, both-board coverage, physical-metric coverage, recency; no inclusion cutoff",human_demand_tags_needed
76,CEC|event:211,CEC|event:211|route:19897,211,4060,4,19897,2026-03-21,Championnat Provincial D1 Bloc,CEC,/api/v1/category_rounds/4060/results,Regional / local youth,Juvénile A hommes,Finales,3,3,1.0,0.3333333333333333,3,11.0,0.22222222222222224,"continuous ordering: reusable athletes, outcome spread, both-board coverage, physical-metric coverage, recency; no inclusion cutoff",human_demand_tags_needed
77,CEC|event:123,CEC|event:123|route:9787,123,2334,3,9787,2025-05-15,2024-2025 Youth Boulder National Championships (Boulder & Lead),CEC,/api/v1/category_rounds/2334/results,National championship youth,U19 Male,Finals,3,3,1.0,0.6666666666666666,3,8.333333333333334,0.22222222222222224,"continuous ordering: reusable athletes, outcome spread, both-board coverage, physical-metric coverage, recency; no inclusion cutoff",human_demand_tags_needed
78,CEC|event:123,CEC|event:123|route:9788,123,2334,4,9788,2025-05-15,2024-2025 Youth Boulder National Championships (Boulder & Lead),CEC,/api/v1/category_rounds/2334/results,National championship youth,U19 Male,Finals,3,3,1.0,0.6666666666666666,3,8.333333333333334,0.22222222222222224,"continuous ordering: reusable athletes, outcome spread, both-board coverage, physical-metric coverage, recency; no inclusion cutoff",human_demand_tags_needed
79,CEC|event:98,CEC|event:98|route:7599,98,1856,1,7599,2025-01-24,2025 HP Competition,CEC,/api/v1/category_rounds/1856/results,Regional / local,Men,Qualification,3,3,1.0,0.6666666666666666,3,7.666666666666667,0.22222222222222224,"continuous ordering: reusable athletes, outcome spread, both-board coverage, physical-metric coverage, recency; no inclusion cutoff",human_demand_tags_needed
80,CEC|event:98,CEC|event:98|route:7602,98,1856,4,7602,2025-01-24,2025 HP Competition,CEC,/api/v1/category_rounds/1856/results,Regional / local,Men,Qualification,3,3,1.0,0.3333333333333333,3,7.666666666666667,0.22222222222222224,"continuous ordering: reusable athletes, outcome spread, both-board coverage, physical-metric coverage, recency; no inclusion cutoff",human_demand_tags_needed
81,CEC|event:98,CEC|event:98|route:7603,98,1856,5,7603,2025-01-24,2025 HP Competition,CEC,/api/v1/category_rounds/1856/results,Regional / local,Men,Qualification,3,3,1.0,0.6666666666666666,3,7.666666666666667,0.22222222222222224,"continuous ordering: reusable athletes, outcome spread, both-board coverage, physical-metric coverage, recency; no inclusion cutoff",human_demand_tags_needed
82,CEC|event:225,CEC|event:225|route:22590,225,4461,1,22590,2026-05-02,2026 NACS Boulder,CEC,/api/v1/category_rounds/4461/results,Continental / cross-border,Men,Qualification,3,3,0.6666666666666666,0.0,2,12.333333333333334,0.22222222222222224,"continuous ordering: reusable athletes, outcome spread, both-board coverage, physical-metric coverage, recency; no inclusion cutoff",human_demand_tags_needed
83,CEC|event:225,CEC|event:225|route:22591,225,4461,2,22591,2026-05-02,2026 NACS Boulder,CEC,/api/v1/category_rounds/4461/results,Continental / cross-border,Men,Qualification,3,3,0.6666666666666666,0.0,2,12.333333333333334,0.22222222222222224,"continuous ordering: reusable athletes, outcome spread, both-board coverage, physical-metric coverage, recency; no inclusion cutoff",human_demand_tags_needed
84,CEC|event:217,CEC|event:217|route:20970,217,4193,1,20970,2026-04-18,Youth Eastern Regionals 25/26,CEC,/api/v1/category_rounds/4193/results,Regional / local youth,U19 Male,Finals,3,3,1.0,0.3333333333333333,1,9.0,0.22222222222222224,"continuous ordering: reusable athletes, outcome spread, both-board coverage, physical-metric coverage, recency; no inclusion cutoff",human_demand_tags_needed
85,CEC|event:211,CEC|event:211|route:19894,211,4060,1,19894,2026-03-21,Championnat Provincial D1 Bloc,CEC,/api/v1/category_rounds/4060/results,Regional / local youth,Juvénile A hommes,Finales,3,3,1.0,1.0,3,11.0,0.0,"continuous ordering: reusable athletes, outcome spread, both-board coverage, physical-metric coverage, recency; no inclusion cutoff",human_demand_tags_needed
86,CEC|event:153,CEC|event:153|route:14000,153,2861,1,14000,2025-11-08,D1 Bloc #1 Délire Ste-Foy,CEC,/api/v1/category_rounds/2861/results,Regional / local youth,Juvénile A hommes,Finales,3,3,1.0,1.0,3,9.666666666666666,0.0,"continuous ordering: reusable athletes, outcome spread, both-board coverage, physical-metric coverage, recency; no inclusion cutoff",human_demand_tags_needed
87,CEC|event:153,CEC|event:153|route:14001,153,2861,2,14001,2025-11-08,D1 Bloc #1 Délire Ste-Foy,CEC,/api/v1/category_rounds/2861/results,Regional / local youth,Juvénile A hommes,Finales,3,3,1.0,1.0,3,9.666666666666666,0.0,"continuous ordering: reusable athletes, outcome spread, both-board coverage, physical-metric coverage, recency; no inclusion cutoff",human_demand_tags_needed
88,CEC|event:153,CEC|event:153|route:14002,153,2861,3,14002,2025-11-08,D1 Bloc #1 Délire Ste-Foy,CEC,/api/v1/category_rounds/2861/results,Regional / local youth,Juvénile A hommes,Finales,3,3,1.0,1.0,3,9.666666666666666,0.0,"continuous ordering: reusable athletes, outcome spread, both-board coverage, physical-metric coverage, recency; no inclusion cutoff",human_demand_tags_needed
89,CEC|event:153,CEC|event:153|route:14003,153,2861,4,14003,2025-11-08,D1 Bloc #1 Délire Ste-Foy,CEC,/api/v1/category_rounds/2861/results,Regional / local youth,Juvénile A hommes,Finales,3,3,1.0,1.0,3,9.666666666666666,0.0,"continuous ordering: reusable athletes, outcome spread, both-board coverage, physical-metric coverage, recency; no inclusion cutoff",human_demand_tags_needed
90,CEC|event:123,CEC|event:123|route:9785,123,2334,1,9785,2025-05-15,2024-2025 Youth Boulder National Championships (Boulder & Lead),CEC,/api/v1/category_rounds/2334/results,National championship youth,U19 Male,Finals,3,3,1.0,0.0,3,8.333333333333334,0.0,"continuous ordering: reusable athletes, outcome spread, both-board coverage, physical-metric coverage, recency; no inclusion cutoff",human_demand_tags_needed
91,CEC|event:123,CEC|event:123|route:9786,123,2334,2,9786,2025-05-15,2024-2025 Youth Boulder National Championships (Boulder & Lead),CEC,/api/v1/category_rounds/2334/results,National championship youth,U19 Male,Finals,3,3,1.0,1.0,3,8.333333333333334,0.0,"continuous ordering: reusable athletes, outcome spread, both-board coverage, physical-metric coverage, recency; no inclusion cutoff",human_demand_tags_needed
92,CEC|event:98,CEC|event:98|route:7600,98,1856,2,7600,2025-01-24,2025 HP Competition,CEC,/api/v1/category_rounds/1856/results,Regional / local,Men,Qualification,3,3,1.0,1.0,3,7.666666666666667,0.0,"continuous ordering: reusable athletes, outcome spread, both-board coverage, physical-metric coverage, recency; no inclusion cutoff",human_demand_tags_needed
93,CEC|event:98,CEC|event:98|route:7601,98,1856,3,7601,2025-01-24,2025 HP Competition,CEC,/api/v1/category_rounds/1856/results,Regional / local,Men,Qualification,3,3,0.0,0.0,3,7.666666666666667,0.0,"continuous ordering: reusable athletes, outcome spread, both-board coverage, physical-metric coverage, recency; no inclusion cutoff",human_demand_tags_needed
94,CEC|event:98,CEC|event:98|route:8044,98,1856,6,8044,2025-01-24,2025 HP Competition,CEC,/api/v1/category_rounds/1856/results,Regional / local,Men,Qualification,3,3,1.0,0.0,3,7.666666666666667,0.0,"continuous ordering: reusable athletes, outcome spread, both-board coverage, physical-metric coverage, recency; no inclusion cutoff",human_demand_tags_needed
95,CEC|event:98,CEC|event:98|route:8046,98,1856,8,8046,2025-01-24,2025 HP Competition,CEC,/api/v1/category_rounds/1856/results,Regional / local,Men,Qualification,3,3,0.0,0.0,3,7.666666666666667,0.0,"continuous ordering: reusable athletes, outcome spread, both-board coverage, physical-metric coverage, recency; no inclusion cutoff",human_demand_tags_needed
96,CEC|event:225,CEC|event:225|route:22592,225,4461,3,22592,2026-05-02,2026 NACS Boulder,CEC,/api/v1/category_rounds/4461/results,Continental / cross-border,Men,Qualification,3,3,1.0,0.0,2,12.333333333333334,0.0,"continuous ordering: reusable athletes, outcome spread, both-board coverage, physical-metric coverage, recency; no inclusion cutoff",human_demand_tags_needed
97,CEC|event:225,CEC|event:225|route:22593,225,4461,4,22593,2026-05-02,2026 NACS Boulder,CEC,/api/v1/category_rounds/4461/results,Continental / cross-border,Men,Qualification,3,3,0.0,0.0,2,12.333333333333334,0.0,"continuous ordering: reusable athletes, outcome spread, both-board coverage, physical-metric coverage, recency; no inclusion cutoff",human_demand_tags_needed
98,CEC|event:217,CEC|event:217|route:20971,217,4193,2,20971,2026-04-18,Youth Eastern Regionals 25/26,CEC,/api/v1/category_rounds/4193/results,Regional / local youth,U19 Male,Finals,3,3,1.0,0.0,1,9.0,0.0,"continuous ordering: reusable athletes, outcome spread, both-board coverage, physical-metric coverage, recency; no inclusion cutoff",human_demand_tags_needed
99,CEC|event:217,CEC|event:217|route:20972,217,4193,3,20972,2026-04-18,Youth Eastern Regionals 25/26,CEC,/api/v1/category_rounds/4193/results,Regional / local youth,U19 Male,Finals,3,3,1.0,0.0,1,9.0,0.0,"continuous ordering: reusable athletes, outcome spread, both-board coverage, physical-metric coverage, recency; no inclusion cutoff",human_demand_tags_needed
100,CEC|event:217,CEC|event:217|route:20973,217,4193,4,20973,2026-04-18,Youth Eastern Regionals 25/26,CEC,/api/v1/category_rounds/4193/results,Regional / local youth,U19 Male,Finals,3,3,1.0,1.0,1,9.0,0.0,"continuous ordering: reusable athletes, outcome spread, both-board coverage, physical-metric coverage, recency; no inclusion cutoff",human_demand_tags_needed
101,CEC|event:224,CEC|event:224|route:22468,224,4423,6,22468,2026-05-14,2025-26 Youth Nationals - Boulder & Lead,CEC,/api/v1/category_rounds/4423/results,National championship youth,U17 Female,Qualification,2,2,0.5,0.5,2,10.5,0.5,"continuous ordering: reusable athletes, outcome spread, both-board coverage, physical-metric coverage, recency; no inclusion cutoff",human_demand_tags_needed
102,CEC|event:192,CEC|event:192|route:17877,192,3684,4,17877,2026-01-24,Coupe QC D1 Bloc #2,CEC,/api/v1/category_rounds/3684/results,Regional / local youth,Juvénile B femmes,Finales,2,2,0.5,0.5,2,10.5,0.5,"continuous ordering: reusable athletes, outcome spread, both-board coverage, physical-metric coverage, recency; no inclusion cutoff",human_demand_tags_needed
103,CEC|event:77,CEC|event:77|route:6404,77,1581,1,6404,2024-06-22,2024 NACS,CEC,/api/v1/category_rounds/1581/results,Continental / cross-border,Men,Qualification,2,2,0.5,0.5,2,8.0,0.5,"continuous ordering: reusable athletes, outcome spread, both-board coverage, physical-metric coverage, recency; no inclusion cutoff",human_demand_tags_needed
104,CEC|event:75,CEC|event:75|route:5999,75,1507,2,5999,2024-05-16,Youth Boulder National Championships,CEC,/api/v1/category_rounds/1507/results,National championship youth,U19 Male,Semi-Finals,2,2,0.5,0.5,2,8.0,0.5,"continuous ordering: reusable athletes, outcome spread, both-board coverage, physical-metric coverage, recency; no inclusion cutoff",human_demand_tags_needed
105,CEC|event:75,CEC|event:75|route:6165,75,1499,2,6165,2024-05-16,Youth Boulder National Championships,CEC,/api/v1/category_rounds/1499/results,National championship youth,U19 Male,Qualification,2,2,0.5,0.5,2,8.0,0.5,"continuous ordering: reusable athletes, outcome spread, both-board coverage, physical-metric coverage, recency; no inclusion cutoff",human_demand_tags_needed
106,CEC|event:123,CEC|event:123|route:9748,123,2330,4,9748,2025-05-15,2024-2025 Youth Boulder National Championships (Boulder & Lead),CEC,/api/v1/category_rounds/2330/results,National championship youth,U17 Male,Semi-Finals,2,2,0.5,0.5,2,7.0,0.5,"continuous ordering: reusable athletes, outcome spread, both-board coverage, physical-metric coverage, recency; no inclusion cutoff",human_demand_tags_needed
107,CEC|event:121,CEC|event:121|route:9533,121,2235,1,9533,2025-05-03,2025 NACS,CEC,/api/v1/category_rounds/2235/results,Continental / cross-border,Women,Qualification,2,2,0.5,0.5,2,7.0,0.5,"continuous ordering: reusable athletes, outcome spread, both-board coverage, physical-metric coverage, recency; no inclusion cutoff",human_demand_tags_needed
108,CEC|event:121,CEC|event:121|route:9536,121,2235,4,9536,2025-05-03,2025 NACS,CEC,/api/v1/category_rounds/2235/results,Continental / cross-border,Women,Qualification,2,2,0.5,0.5,2,7.0,0.5,"continuous ordering: reusable athletes, outcome spread, both-board coverage, physical-metric coverage, recency; no inclusion cutoff",human_demand_tags_needed
109,CEC|event:225,CEC|event:225|route:22611,225,4484,4,22611,2026-05-02,2026 NACS Boulder,CEC,/api/v1/category_rounds/4484/results,Continental / cross-border,Men,Finals,2,2,0.5,0.0,2,14.0,0.25,"continuous ordering: reusable athletes, outcome spread, both-board coverage, physical-metric coverage, recency; no inclusion cutoff",human_demand_tags_needed
110,IFSC|event:1522,IFSC|event:1522|route:19283,1522,10639,1,19283,2026-07-18,World Climbing Youth Championship Arco 2026,IFSC,/api/v1/category_rounds/10639/results,International other youth,U17 Women,Qualification,2,2,1.0,0.5,2,10.5,0.25,"continuous ordering: reusable athletes, outcome spread, both-board coverage, physical-metric coverage, recency; no inclusion cutoff",human_demand_tags_needed
111,IFSC|event:1522,IFSC|event:1522|route:19285,1522,10639,3,19285,2026-07-18,World Climbing Youth Championship Arco 2026,IFSC,/api/v1/category_rounds/10639/results,International other youth,U17 Women,Qualification,2,2,1.0,0.5,2,10.5,0.25,"continuous ordering: reusable athletes, outcome spread, both-board coverage, physical-metric coverage, recency; no inclusion cutoff",human_demand_tags_needed
112,IFSC|event:1522,IFSC|event:1522|route:19286,1522,10639,4,19286,2026-07-18,World Climbing Youth Championship Arco 2026,IFSC,/api/v1/category_rounds/10639/results,International other youth,U17 Women,Qualification,2,2,0.5,0.0,2,10.5,0.25,"continuous ordering: reusable athletes, outcome spread, both-board coverage, physical-metric coverage, recency; no inclusion cutoff",human_demand_tags_needed
113,CEC|event:224,CEC|event:224|route:23245,224,4454,2,23245,2026-05-14,2025-26 Youth Nationals - Boulder & Lead,CEC,/api/v1/category_rounds/4454/results,National championship youth,U17 Female,Semi-Finals,2,2,1.0,0.5,2,10.5,0.25,"continuous ordering: reusable athletes, outcome spread, both-board coverage, physical-metric coverage, recency; no inclusion cutoff",human_demand_tags_needed
114,IFSC|event:1418,IFSC|event:1418|route:17166,1418,9835,2,17166,2025-07-28,IFSC Youth World Championships Helsinki 2025,IFSC,/api/v1/category_rounds/9835/results,World major youth,U19 Men,Qualification,2,2,0.5,0.0,2,8.5,0.25,"continuous ordering: reusable athletes, outcome spread, both-board coverage, physical-metric coverage, recency; no inclusion cutoff",human_demand_tags_needed
115,IFSC|event:1396,IFSC|event:1396|route:13626,1396,9014,1,13626,2024-08-22,IFSC Youth World Championships Guiyang 2024,IFSC,/api/v1/category_rounds/9014/results,World major youth,Youth A Male,Qualification,2,2,1.0,0.5,2,8.0,0.25,"continuous ordering: reusable athletes, outcome spread, both-board coverage, physical-metric coverage, recency; no inclusion cutoff",human_demand_tags_needed
116,IFSC|event:1396,IFSC|event:1396|route:13627,1396,9014,2,13627,2024-08-22,IFSC Youth World Championships Guiyang 2024,IFSC,/api/v1/category_rounds/9014/results,World major youth,Youth A Male,Qualification,2,2,0.5,0.0,2,8.0,0.25,"continuous ordering: reusable athletes, outcome spread, both-board coverage, physical-metric coverage, recency; no inclusion cutoff",human_demand_tags_needed
117,IFSC|event:1396,IFSC|event:1396|route:13628,1396,9014,3,13628,2024-08-22,IFSC Youth World Championships Guiyang 2024,IFSC,/api/v1/category_rounds/9014/results,World major youth,Youth A Male,Qualification,2,2,0.5,0.0,2,8.0,0.25,"continuous ordering: reusable athletes, outcome spread, both-board coverage, physical-metric coverage, recency; no inclusion cutoff",human_demand_tags_needed
118,IFSC|event:1396,IFSC|event:1396|route:13629,1396,9014,4,13629,2024-08-22,IFSC Youth World Championships Guiyang 2024,IFSC,/api/v1/category_rounds/9014/results,World major youth,Youth A Male,Qualification,2,2,1.0,0.5,2,8.0,0.25,"continuous ordering: reusable athletes, outcome spread, both-board coverage, physical-metric coverage, recency; no inclusion cutoff",human_demand_tags_needed
119,IFSC|event:1396,IFSC|event:1396|route:13631,1396,9014,6,13631,2024-08-22,IFSC Youth World Championships Guiyang 2024,IFSC,/api/v1/category_rounds/9014/results,World major youth,Youth A Male,Qualification,2,2,0.5,0.0,2,8.0,0.25,"continuous ordering: reusable athletes, outcome spread, both-board coverage, physical-metric coverage, recency; no inclusion cutoff",human_demand_tags_needed
120,CEC|event:77,CEC|event:77|route:6407,77,1581,4,6407,2024-06-22,2024 NACS,CEC,/api/v1/category_rounds/1581/results,Continental / cross-border,Men,Qualification,2,2,1.0,0.5,2,8.0,0.25,"continuous ordering: reusable athletes, outcome spread, both-board coverage, physical-metric coverage, recency; no inclusion cutoff",human_demand_tags_needed
121,CEC|event:75,CEC|event:75|route:5998,75,1507,1,5998,2024-05-16,Youth Boulder National Championships,CEC,/api/v1/category_rounds/1507/results,National championship youth,U19 Male,Semi-Finals,2,2,1.0,0.5,2,8.0,0.25,"continuous ordering: reusable athletes, outcome spread, both-board coverage, physical-metric coverage, recency; no inclusion cutoff",human_demand_tags_needed
122,CEC|event:75,CEC|event:75|route:6000,75,1507,3,6000,2024-05-16,Youth Boulder National Championships,CEC,/api/v1/category_rounds/1507/results,National championship youth,U19 Male,Semi-Finals,2,2,0.5,0.0,2,8.0,0.25,"continuous ordering: reusable athletes, outcome spread, both-board coverage, physical-metric coverage, recency; no inclusion cutoff",human_demand_tags_needed
123,CEC|event:75,CEC|event:75|route:6046,75,1513,1,6046,2024-05-16,Youth Boulder National Championships,CEC,/api/v1/category_rounds/1513/results,National championship youth,U19 Male,Finals,2,2,0.5,0.0,2,8.0,0.25,"continuous ordering: reusable athletes, outcome spread, both-board coverage, physical-metric coverage, recency; no inclusion cutoff",human_demand_tags_needed
124,CEC|event:75,CEC|event:75|route:6047,75,1513,2,6047,2024-05-16,Youth Boulder National Championships,CEC,/api/v1/category_rounds/1513/results,National championship youth,U19 Male,Finals,2,2,1.0,0.5,2,8.0,0.25,"continuous ordering: reusable athletes, outcome spread, both-board coverage, physical-metric coverage, recency; no inclusion cutoff",human_demand_tags_needed
125,CEC|event:75,CEC|event:75|route:6048,75,1513,3,6048,2024-05-16,Youth Boulder National Championships,CEC,/api/v1/category_rounds/1513/results,National championship youth,U19 Male,Finals,2,2,1.0,0.5,2,8.0,0.25,"continuous ordering: reusable athletes, outcome spread, both-board coverage, physical-metric coverage, recency; no inclusion cutoff",human_demand_tags_needed
126,CEC|event:75,CEC|event:75|route:6166,75,1499,3,6166,2024-05-16,Youth Boulder National Championships,CEC,/api/v1/category_rounds/1499/results,National championship youth,U19 Male,Qualification,2,2,1.0,0.5,2,8.0,0.25,"continuous ordering: reusable athletes, outcome spread, both-board coverage, physical-metric coverage, recency; no inclusion cutoff",human_demand_tags_needed
127,CEC|event:123,CEC|event:123|route:9719,123,2303,3,9719,2025-05-15,2024-2025 Youth Boulder National Championships (Boulder & Lead),CEC,/api/v1/category_rounds/2303/results,National championship youth,U17 Male,Qualification,2,2,1.0,0.5,2,7.0,0.25,"continuous ordering: reusable athletes, outcome spread, both-board coverage, physical-metric coverage, recency; no inclusion cutoff",human_demand_tags_needed
128,CEC|event:123,CEC|event:123|route:9722,123,2303,6,9722,2025-05-15,2024-2025 Youth Boulder National Championships (Boulder & Lead),CEC,/api/v1/category_rounds/2303/results,National championship youth,U17 Male,Qualification,2,2,1.0,0.5,2,7.0,0.25,"continuous ordering: reusable athletes, outcome spread, both-board coverage, physical-metric coverage, recency; no inclusion cutoff",human_demand_tags_needed
129,CEC|event:123,CEC|event:123|route:9728,123,2304,6,9728,2025-05-15,2024-2025 Youth Boulder National Championships (Boulder & Lead),CEC,/api/v1/category_rounds/2304/results,National championship youth,U17 Female,Qualification,2,2,1.0,0.5,2,7.0,0.25,"continuous ordering: reusable athletes, outcome spread, both-board coverage, physical-metric coverage, recency; no inclusion cutoff",human_demand_tags_needed
130,CEC|event:123,CEC|event:123|route:9745,123,2330,1,9745,2025-05-15,2024-2025 Youth Boulder National Championships (Boulder & Lead),CEC,/api/v1/category_rounds/2330/results,National championship youth,U17 Male,Semi-Finals,2,2,1.0,0.5,2,7.0,0.25,"continuous ordering: reusable athletes, outcome spread, both-board coverage, physical-metric coverage, recency; no inclusion cutoff",human_demand_tags_needed
131,CEC|event:123,CEC|event:123|route:9746,123,2330,2,9746,2025-05-15,2024-2025 Youth Boulder National Championships (Boulder & Lead),CEC,/api/v1/category_rounds/2330/results,National championship youth,U17 Male,Semi-Finals,2,2,1.0,0.5,2,7.0,0.25,"continuous ordering: reusable athletes, outcome spread, both-board coverage, physical-metric coverage, recency; no inclusion cutoff",human_demand_tags_needed
132,CEC|event:123,CEC|event:123|route:9749,123,2331,1,9749,2025-05-15,2024-2025 Youth Boulder National Championships (Boulder & Lead),CEC,/api/v1/category_rounds/2331/results,National championship youth,U17 Female,Semi-Finals,2,2,1.0,0.5,2,7.0,0.25,"continuous ordering: reusable athletes, outcome spread, both-board coverage, physical-metric coverage, recency; no inclusion cutoff",human_demand_tags_needed
133,CEC|event:123,CEC|event:123|route:9750,123,2331,2,9750,2025-05-15,2024-2025 Youth Boulder National Championships (Boulder & Lead),CEC,/api/v1/category_rounds/2331/results,National championship youth,U17 Female,Semi-Finals,2,2,1.0,0.5,2,7.0,0.25,"continuous ordering: reusable athletes, outcome spread, both-board coverage, physical-metric coverage, recency; no inclusion cutoff",human_demand_tags_needed
134,CEC|event:123,CEC|event:123|route:9751,123,2331,3,9751,2025-05-15,2024-2025 Youth Boulder National Championships (Boulder & Lead),CEC,/api/v1/category_rounds/2331/results,National championship youth,U17 Female,Semi-Finals,2,2,0.5,0.0,2,7.0,0.25,"continuous ordering: reusable athletes, outcome spread, both-board coverage, physical-metric coverage, recency; no inclusion cutoff",human_demand_tags_needed
135,CEC|event:123,CEC|event:123|route:9752,123,2331,4,9752,2025-05-15,2024-2025 Youth Boulder National Championships (Boulder & Lead),CEC,/api/v1/category_rounds/2331/results,National championship youth,U17 Female,Semi-Finals,2,2,1.0,0.5,2,7.0,0.25,"continuous ordering: reusable athletes, outcome spread, both-board coverage, physical-metric coverage, recency; no inclusion cutoff",human_demand_tags_needed
136,CEC|event:121,CEC|event:121|route:9535,121,2235,3,9535,2025-05-03,2025 NACS,CEC,/api/v1/category_rounds/2235/results,Continental / cross-border,Women,Qualification,2,2,0.5,0.0,2,7.0,0.25,"continuous ordering: reusable athletes, outcome spread, both-board coverage, physical-metric coverage, recency; no inclusion cutoff",human_demand_tags_needed
137,CEC|event:121,CEC|event:121|route:9537,121,2235,5,9537,2025-05-03,2025 NACS,CEC,/api/v1/category_rounds/2235/results,Continental / cross-border,Women,Qualification,2,2,1.0,0.5,2,7.0,0.25,"continuous ordering: reusable athletes, outcome spread, both-board coverage, physical-metric coverage, recency; no inclusion cutoff",human_demand_tags_needed
138,IFSC|event:1522,IFSC|event:1522|route:19270,1522,10636,3,19270,2026-07-18,World Climbing Youth Championship Arco 2026,IFSC,/api/v1/category_rounds/10636/results,International other youth,U19 Men,Qualification,2,2,0.5,0.0,0,6.0,0.25,"continuous ordering: reusable athletes, outcome spread, both-board coverage, physical-metric coverage, recency; no inclusion cutoff",human_demand_tags_needed
139,IFSC|event:1522,IFSC|event:1522|route:19272,1522,10636,5,19272,2026-07-18,World Climbing Youth Championship Arco 2026,IFSC,/api/v1/category_rounds/10636/results,International other youth,U19 Men,Qualification,2,2,1.0,0.5,0,6.0,0.25,"continuous ordering: reusable athletes, outcome spread, both-board coverage, physical-metric coverage, recency; no inclusion cutoff",human_demand_tags_needed
140,CEC|event:225,CEC|event:225|route:22608,225,4484,1,22608,2026-05-02,2026 NACS Boulder,CEC,/api/v1/category_rounds/4484/results,Continental / cross-border,Men,Finals,2,2,0.0,0.0,2,14.0,0.0,"continuous ordering: reusable athletes, outcome spread, both-board coverage, physical-metric coverage, recency; no inclusion cutoff",human_demand_tags_needed
141,CEC|event:225,CEC|event:225|route:22609,225,4484,2,22609,2026-05-02,2026 NACS Boulder,CEC,/api/v1/category_rounds/4484/results,Continental / cross-border,Men,Finals,2,2,0.0,0.0,2,14.0,0.0,"continuous ordering: reusable athletes, outcome spread, both-board coverage, physical-metric coverage, recency; no inclusion cutoff",human_demand_tags_needed
142,CEC|event:225,CEC|event:225|route:22610,225,4484,3,22610,2026-05-02,2026 NACS Boulder,CEC,/api/v1/category_rounds/4484/results,Continental / cross-border,Men,Finals,2,2,1.0,0.0,2,14.0,0.0,"continuous ordering: reusable athletes, outcome spread, both-board coverage, physical-metric coverage, recency; no inclusion cutoff",human_demand_tags_needed
143,IFSC|event:1522,IFSC|event:1522|route:19284,1522,10639,2,19284,2026-07-18,World Climbing Youth Championship Arco 2026,IFSC,/api/v1/category_rounds/10639/results,International other youth,U17 Women,Qualification,2,2,1.0,1.0,2,10.5,0.0,"continuous ordering: reusable athletes, outcome spread, both-board coverage, physical-metric coverage, recency; no inclusion cutoff",human_demand_tags_needed
144,IFSC|event:1522,IFSC|event:1522|route:19287,1522,10639,5,19287,2026-07-18,World Climbing Youth Championship Arco 2026,IFSC,/api/v1/category_rounds/10639/results,International other youth,U17 Women,Qualification,2,2,0.0,0.0,2,10.5,0.0,"continuous ordering: reusable athletes, outcome spread, both-board coverage, physical-metric coverage, recency; no inclusion cutoff",human_demand_tags_needed
145,CEC|event:224,CEC|event:224|route:22463,224,4423,1,22463,2026-05-14,2025-26 Youth Nationals - Boulder & Lead,CEC,/api/v1/category_rounds/4423/results,National championship youth,U17 Female,Qualification,2,2,1.0,1.0,2,10.5,0.0,"continuous ordering: reusable athletes, outcome spread, both-board coverage, physical-metric coverage, recency; no inclusion cutoff",human_demand_tags_needed
146,CEC|event:224,CEC|event:224|route:22464,224,4423,2,22464,2026-05-14,2025-26 Youth Nationals - Boulder & Lead,CEC,/api/v1/category_rounds/4423/results,National championship youth,U17 Female,Qualification,2,2,1.0,1.0,2,10.5,0.0,"continuous ordering: reusable athletes, outcome spread, both-board coverage, physical-metric coverage, recency; no inclusion cutoff",human_demand_tags_needed
147,CEC|event:224,CEC|event:224|route:22465,224,4423,3,22465,2026-05-14,2025-26 Youth Nationals - Boulder & Lead,CEC,/api/v1/category_rounds/4423/results,National championship youth,U17 Female,Qualification,2,2,1.0,1.0,2,10.5,0.0,"continuous ordering: reusable athletes, outcome spread, both-board coverage, physical-metric coverage, recency; no inclusion cutoff",human_demand_tags_needed
148,CEC|event:224,CEC|event:224|route:22466,224,4423,4,22466,2026-05-14,2025-26 Youth Nationals - Boulder & Lead,CEC,/api/v1/category_rounds/4423/results,National championship youth,U17 Female,Qualification,2,2,1.0,1.0,2,10.5,0.0,"continuous ordering: reusable athletes, outcome spread, both-board coverage, physical-metric coverage, recency; no inclusion cutoff",human_demand_tags_needed
149,CEC|event:224,CEC|event:224|route:22467,224,4423,5,22467,2026-05-14,2025-26 Youth Nationals - Boulder & Lead,CEC,/api/v1/category_rounds/4423/results,National championship youth,U17 Female,Qualification,2,2,1.0,1.0,2,10.5,0.0,"continuous ordering: reusable athletes, outcome spread, both-board coverage, physical-metric coverage, recency; no inclusion cutoff",human_demand_tags_needed
150,CEC|event:224,CEC|event:224|route:23244,224,4454,1,23244,2026-05-14,2025-26 Youth Nationals - Boulder & Lead,CEC,/api/v1/category_rounds/4454/results,National championship youth,U17 Female,Semi-Finals,2,2,1.0,1.0,2,10.5,0.0,"continuous ordering: reusable athletes, outcome spread, both-board coverage, physical-metric coverage, recency; no inclusion cutoff",human_demand_tags_needed
151,CEC|event:224,CEC|event:224|route:23246,224,4454,3,23246,2026-05-14,2025-26 Youth Nationals - Boulder & Lead,CEC,/api/v1/category_rounds/4454/results,National championship youth,U17 Female,Semi-Finals,2,2,1.0,1.0,2,10.5,0.0,"continuous ordering: reusable athletes, outcome spread, both-board coverage, physical-metric coverage, recency; no inclusion cutoff",human_demand_tags_needed
152,CEC|event:224,CEC|event:224|route:23247,224,4454,4,23247,2026-05-14,2025-26 Youth Nationals - Boulder & Lead,CEC,/api/v1/category_rounds/4454/results,National championship youth,U17 Female,Semi-Finals,2,2,1.0,1.0,2,10.5,0.0,"continuous ordering: reusable athletes, outcome spread, both-board coverage, physical-metric coverage, recency; no inclusion cutoff",human_demand_tags_needed
153,CEC|event:224,CEC|event:224|route:23268,224,4460,1,23268,2026-05-14,2025-26 Youth Nationals - Boulder & Lead,CEC,/api/v1/category_rounds/4460/results,National championship youth,U17 Female,Finals,2,2,1.0,1.0,2,10.5,0.0,"continuous ordering: reusable athletes, outcome spread, both-board coverage, physical-metric coverage, recency; no inclusion cutoff",human_demand_tags_needed
154,CEC|event:224,CEC|event:224|route:23269,224,4460,2,23269,2026-05-14,2025-26 Youth Nationals - Boulder & Lead,CEC,/api/v1/category_rounds/4460/results,National championship youth,U17 Female,Finals,2,2,1.0,1.0,2,10.5,0.0,"continuous ordering: reusable athletes, outcome spread, both-board coverage, physical-metric coverage, recency; no inclusion cutoff",human_demand_tags_needed
155,CEC|event:224,CEC|event:224|route:23270,224,4460,3,23270,2026-05-14,2025-26 Youth Nationals - Boulder & Lead,CEC,/api/v1/category_rounds/4460/results,National championship youth,U17 Female,Finals,2,2,1.0,1.0,2,10.5,0.0,"continuous ordering: reusable athletes, outcome spread, both-board coverage, physical-metric coverage, recency; no inclusion cutoff",human_demand_tags_needed
156,CEC|event:224,CEC|event:224|route:23271,224,4460,4,23271,2026-05-14,2025-26 Youth Nationals - Boulder & Lead,CEC,/api/v1/category_rounds/4460/results,National championship youth,U17 Female,Finals,2,2,1.0,1.0,2,10.5,0.0,"continuous ordering: reusable athletes, outcome spread, both-board coverage, physical-metric coverage, recency; no inclusion cutoff",human_demand_tags_needed
157,CEC|event:211,CEC|event:211|route:19837,211,4053,1,19837,2026-03-21,Championnat Provincial D1 Bloc,CEC,/api/v1/category_rounds/4053/results,Regional / local youth,Juvénile B femmes,Qualifications,2,2,1.0,1.0,2,10.5,0.0,"continuous ordering: reusable athletes, outcome spread, both-board coverage, physical-metric coverage, recency; no inclusion cutoff",human_demand_tags_needed
158,CEC|event:211,CEC|event:211|route:19838,211,4053,2,19838,2026-03-21,Championnat Provincial D1 Bloc,CEC,/api/v1/category_rounds/4053/results,Regional / local youth,Juvénile B femmes,Qualifications,2,2,1.0,1.0,2,10.5,0.0,"continuous ordering: reusable athletes, outcome spread, both-board coverage, physical-metric coverage, recency; no inclusion cutoff",human_demand_tags_needed
159,CEC|event:211,CEC|event:211|route:19839,211,4053,3,19839,2026-03-21,Championnat Provincial D1 Bloc,CEC,/api/v1/category_rounds/4053/results,Regional / local youth,Juvénile B femmes,Qualifications,2,2,1.0,1.0,2,10.5,0.0,"continuous ordering: reusable athletes, outcome spread, both-board coverage, physical-metric coverage, recency; no inclusion cutoff",human_demand_tags_needed
160,CEC|event:211,CEC|event:211|route:19840,211,4053,4,19840,2026-03-21,Championnat Provincial D1 Bloc,CEC,/api/v1/category_rounds/4053/results,Regional / local youth,Juvénile B femmes,Qualifications,2,2,1.0,1.0,2,10.5,0.0,"continuous ordering: reusable athletes, outcome spread, both-board coverage, physical-metric coverage, recency; no inclusion cutoff",human_demand_tags_needed
161,CEC|event:211,CEC|event:211|route:19841,211,4053,5,19841,2026-03-21,Championnat Provincial D1 Bloc,CEC,/api/v1/category_rounds/4053/results,Regional / local youth,Juvénile B femmes,Qualifications,2,2,1.0,1.0,2,10.5,0.0,"continuous ordering: reusable athletes, outcome spread, both-board coverage, physical-metric coverage, recency; no inclusion cutoff",human_demand_tags_needed
162,CEC|event:211,CEC|event:211|route:19906,211,4063,1,19906,2026-03-21,Championnat Provincial D1 Bloc,CEC,/api/v1/category_rounds/4063/results,Regional / local youth,Juvénile B femmes,Finales,2,2,1.0,1.0,2,10.5,0.0,"continuous ordering: reusable athletes, outcome spread, both-board coverage, physical-metric coverage, recency; no inclusion cutoff",human_demand_tags_needed
163,CEC|event:211,CEC|event:211|route:19907,211,4063,2,19907,2026-03-21,Championnat Provincial D1 Bloc,CEC,/api/v1/category_rounds/4063/results,Regional / local youth,Juvénile B femmes,Finales,2,2,1.0,1.0,2,10.5,0.0,"continuous ordering: reusable athletes, outcome spread, both-board coverage, physical-metric coverage, recency; no inclusion cutoff",human_demand_tags_needed
164,CEC|event:211,CEC|event:211|route:19908,211,4063,3,19908,2026-03-21,Championnat Provincial D1 Bloc,CEC,/api/v1/category_rounds/4063/results,Regional / local youth,Juvénile B femmes,Finales,2,2,1.0,1.0,2,10.5,0.0,"continuous ordering: reusable athletes, outcome spread, both-board coverage, physical-metric coverage, recency; no inclusion cutoff",human_demand_tags_needed
165,CEC|event:211,CEC|event:211|route:19909,211,4063,4,19909,2026-03-21,Championnat Provincial D1 Bloc,CEC,/api/v1/category_rounds/4063/results,Regional / local youth,Juvénile B femmes,Finales,2,2,1.0,1.0,2,10.5,0.0,"continuous ordering: reusable athletes, outcome spread, both-board coverage, physical-metric coverage, recency; no inclusion cutoff",human_demand_tags_needed
166,CEC|event:192,CEC|event:192|route:17741,192,3658,1,17741,2026-01-24,Coupe QC D1 Bloc #2,CEC,/api/v1/category_rounds/3658/results,Regional / local youth,Juvénile B femmes,Qualifications,2,2,1.0,1.0,2,10.5,0.0,"continuous ordering: reusable athletes, outcome spread, both-board coverage, physical-metric coverage, recency; no inclusion cutoff",human_demand_tags_needed
167,CEC|event:192,CEC|event:192|route:17742,192,3658,2,17742,2026-01-24,Coupe QC D1 Bloc #2,CEC,/api/v1/category_rounds/3658/results,Regional / local youth,Juvénile B femmes,Qualifications,2,2,1.0,1.0,2,10.5,0.0,"continuous ordering: reusable athletes, outcome spread, both-board coverage, physical-metric coverage, recency; no inclusion cutoff",human_demand_tags_needed
168,CEC|event:192,CEC|event:192|route:17743,192,3658,3,17743,2026-01-24,Coupe QC D1 Bloc #2,CEC,/api/v1/category_rounds/3658/results,Regional / local youth,Juvénile B femmes,Qualifications,2,2,1.0,1.0,2,10.5,0.0,"continuous ordering: reusable athletes, outcome spread, both-board coverage, physical-metric coverage, recency; no inclusion cutoff",human_demand_tags_needed
169,CEC|event:192,CEC|event:192|route:17744,192,3658,4,17744,2026-01-24,Coupe QC D1 Bloc #2,CEC,/api/v1/category_rounds/3658/results,Regional / local youth,Juvénile B femmes,Qualifications,2,2,1.0,0.0,2,10.5,0.0,"continuous ordering: reusable athletes, outcome spread, both-board coverage, physical-metric coverage, recency; no inclusion cutoff",human_demand_tags_needed
170,CEC|event:192,CEC|event:192|route:17745,192,3658,5,17745,2026-01-24,Coupe QC D1 Bloc #2,CEC,/api/v1/category_rounds/3658/results,Regional / local youth,Juvénile B femmes,Qualifications,2,2,1.0,1.0,2,10.5,0.0,"continuous ordering: reusable athletes, outcome spread, both-board coverage, physical-metric coverage, recency; no inclusion cutoff",human_demand_tags_needed
171,CEC|event:192,CEC|event:192|route:17874,192,3684,1,17874,2026-01-24,Coupe QC D1 Bloc #2,CEC,/api/v1/category_rounds/3684/results,Regional / local youth,Juvénile B femmes,Finales,2,2,1.0,1.0,2,10.5,0.0,"continuous ordering: reusable athletes, outcome spread, both-board coverage, physical-metric coverage, recency; no inclusion cutoff",human_demand_tags_needed
172,CEC|event:192,CEC|event:192|route:17875,192,3684,2,17875,2026-01-24,Coupe QC D1 Bloc #2,CEC,/api/v1/category_rounds/3684/results,Regional / local youth,Juvénile B femmes,Finales,2,2,1.0,0.0,2,10.5,0.0,"continuous ordering: reusable athletes, outcome spread, both-board coverage, physical-metric coverage, recency; no inclusion cutoff",human_demand_tags_needed
173,CEC|event:192,CEC|event:192|route:17876,192,3684,3,17876,2026-01-24,Coupe QC D1 Bloc #2,CEC,/api/v1/category_rounds/3684/results,Regional / local youth,Juvénile B femmes,Finales,2,2,1.0,1.0,2,10.5,0.0,"continuous ordering: reusable athletes, outcome spread, both-board coverage, physical-metric coverage, recency; no inclusion cutoff",human_demand_tags_needed
174,IFSC|event:1418,IFSC|event:1418|route:17165,1418,9835,1,17165,2025-07-28,IFSC Youth World Championships Helsinki 2025,IFSC,/api/v1/category_rounds/9835/results,World major youth,U19 Men,Qualification,2,2,0.0,0.0,2,8.5,0.0,"continuous ordering: reusable athletes, outcome spread, both-board coverage, physical-metric coverage, recency; no inclusion cutoff",human_demand_tags_needed
175,IFSC|event:1418,IFSC|event:1418|route:17167,1418,9835,3,17167,2025-07-28,IFSC Youth World Championships Helsinki 2025,IFSC,/api/v1/category_rounds/9835/results,World major youth,U19 Men,Qualification,2,2,1.0,1.0,2,8.5,0.0,"continuous ordering: reusable athletes, outcome spread, both-board coverage, physical-metric coverage, recency; no inclusion cutoff",human_demand_tags_needed
176,IFSC|event:1418,IFSC|event:1418|route:17168,1418,9835,4,17168,2025-07-28,IFSC Youth World Championships Helsinki 2025,IFSC,/api/v1/category_rounds/9835/results,World major youth,U19 Men,Qualification,2,2,0.0,0.0,2,8.5,0.0,"continuous ordering: reusable athletes, outcome spread, both-board coverage, physical-metric coverage, recency; no inclusion cutoff",human_demand_tags_needed
177,IFSC|event:1418,IFSC|event:1418|route:17169,1418,9835,5,17169,2025-07-28,IFSC Youth World Championships Helsinki 2025,IFSC,/api/v1/category_rounds/9835/results,World major youth,U19 Men,Qualification,2,2,1.0,0.0,2,8.5,0.0,"continuous ordering: reusable athletes, outcome spread, both-board coverage, physical-metric coverage, recency; no inclusion cutoff",human_demand_tags_needed
178,IFSC|event:1418,IFSC|event:1418|route:17170,1418,9835,6,17170,2025-07-28,IFSC Youth World Championships Helsinki 2025,IFSC,/api/v1/category_rounds/9835/results,World major youth,U19 Men,Qualification,2,2,1.0,0.0,2,8.5,0.0,"continuous ordering: reusable athletes, outcome spread, both-board coverage, physical-metric coverage, recency; no inclusion cutoff",human_demand_tags_needed
179,IFSC|event:1396,IFSC|event:1396|route:13630,1396,9014,5,13630,2024-08-22,IFSC Youth World Championships Guiyang 2024,IFSC,/api/v1/category_rounds/9014/results,World major youth,Youth A Male,Qualification,2,2,0.0,0.0,2,8.0,0.0,"continuous ordering: reusable athletes, outcome spread, both-board coverage, physical-metric coverage, recency; no inclusion cutoff",human_demand_tags_needed
180,CEC|event:77,CEC|event:77|route:6405,77,1581,2,6405,2024-06-22,2024 NACS,CEC,/api/v1/category_rounds/1581/results,Continental / cross-border,Men,Qualification,2,2,0.0,0.0,2,8.0,0.0,"continuous ordering: reusable athletes, outcome spread, both-board coverage, physical-metric coverage, recency; no inclusion cutoff",human_demand_tags_needed
181,CEC|event:77,CEC|event:77|route:6406,77,1581,3,6406,2024-06-22,2024 NACS,CEC,/api/v1/category_rounds/1581/results,Continental / cross-border,Men,Qualification,2,2,0.0,0.0,2,8.0,0.0,"continuous ordering: reusable athletes, outcome spread, both-board coverage, physical-metric coverage, recency; no inclusion cutoff",human_demand_tags_needed
182,CEC|event:77,CEC|event:77|route:6408,77,1581,5,6408,2024-06-22,2024 NACS,CEC,/api/v1/category_rounds/1581/results,Continental / cross-border,Men,Qualification,2,2,1.0,1.0,2,8.0,0.0,"continuous ordering: reusable athletes, outcome spread, both-board coverage, physical-metric coverage, recency; no inclusion cutoff",human_demand_tags_needed
183,CEC|event:75,CEC|event:75|route:6001,75,1507,4,6001,2024-05-16,Youth Boulder National Championships,CEC,/api/v1/category_rounds/1507/results,National championship youth,U19 Male,Semi-Finals,2,2,1.0,1.0,2,8.0,0.0,"continuous ordering: reusable athletes, outcome spread, both-board coverage, physical-metric coverage, recency; no inclusion cutoff",human_demand_tags_needed
184,CEC|event:75,CEC|event:75|route:6049,75,1513,4,6049,2024-05-16,Youth Boulder National Championships,CEC,/api/v1/category_rounds/1513/results,National championship youth,U19 Male,Finals,2,2,1.0,0.0,2,8.0,0.0,"continuous ordering: reusable athletes, outcome spread, both-board coverage, physical-metric coverage, recency; no inclusion cutoff",human_demand_tags_needed
185,CEC|event:75,CEC|event:75|route:6164,75,1499,1,6164,2024-05-16,Youth Boulder National Championships,CEC,/api/v1/category_rounds/1499/results,National championship youth,U19 Male,Qualification,2,2,1.0,1.0,2,8.0,0.0,"continuous ordering: reusable athletes, outcome spread, both-board coverage, physical-metric coverage, recency; no inclusion cutoff",human_demand_tags_needed
186,CEC|event:75,CEC|event:75|route:6167,75,1499,4,6167,2024-05-16,Youth Boulder National Championships,CEC,/api/v1/category_rounds/1499/results,National championship youth,U19 Male,Qualification,2,2,1.0,1.0,2,8.0,0.0,"continuous ordering: reusable athletes, outcome spread, both-board coverage, physical-metric coverage, recency; no inclusion cutoff",human_demand_tags_needed
187,CEC|event:75,CEC|event:75|route:6168,75,1499,5,6168,2024-05-16,Youth Boulder National Championships,CEC,/api/v1/category_rounds/1499/results,National championship youth,U19 Male,Qualification,2,2,1.0,1.0,2,8.0,0.0,"continuous ordering: reusable athletes, outcome spread, both-board coverage, physical-metric coverage, recency; no inclusion cutoff",human_demand_tags_needed
188,CEC|event:75,CEC|event:75|route:6169,75,1499,6,6169,2024-05-16,Youth Boulder National Championships,CEC,/api/v1/category_rounds/1499/results,National championship youth,U19 Male,Qualification,2,2,1.0,1.0,2,8.0,0.0,"continuous ordering: reusable athletes, outcome spread, both-board coverage, physical-metric coverage, recency; no inclusion cutoff",human_demand_tags_needed
189,CEC|event:123,CEC|event:123|route:9717,123,2303,1,9717,2025-05-15,2024-2025 Youth Boulder National Championships (Boulder & Lead),CEC,/api/v1/category_rounds/2303/results,National championship youth,U17 Male,Qualification,2,2,1.0,1.0,2,7.0,0.0,"continuous ordering: reusable athletes, outcome spread, both-board coverage, physical-metric coverage, recency; no inclusion cutoff",human_demand_tags_needed
190,CEC|event:123,CEC|event:123|route:9718,123,2303,2,9718,2025-05-15,2024-2025 Youth Boulder National Championships (Boulder & Lead),CEC,/api/v1/category_rounds/2303/results,National championship youth,U17 Male,Qualification,2,2,1.0,1.0,2,7.0,0.0,"continuous ordering: reusable athletes, outcome spread, both-board coverage, physical-metric coverage, recency; no inclusion cutoff",human_demand_tags_needed
191,CEC|event:123,CEC|event:123|route:9720,123,2303,4,9720,2025-05-15,2024-2025 Youth Boulder National Championships (Boulder & Lead),CEC,/api/v1/category_rounds/2303/results,National championship youth,U17 Male,Qualification,2,2,1.0,1.0,2,7.0,0.0,"continuous ordering: reusable athletes, outcome spread, both-board coverage, physical-metric coverage, recency; no inclusion cutoff",human_demand_tags_needed
192,CEC|event:123,CEC|event:123|route:9721,123,2303,5,9721,2025-05-15,2024-2025 Youth Boulder National Championships (Boulder & Lead),CEC,/api/v1/category_rounds/2303/results,National championship youth,U17 Male,Qualification,2,2,1.0,1.0,2,7.0,0.0,"continuous ordering: reusable athletes, outcome spread, both-board coverage, physical-metric coverage, recency; no inclusion cutoff",human_demand_tags_needed
193,CEC|event:123,CEC|event:123|route:9723,123,2304,1,9723,2025-05-15,2024-2025 Youth Boulder National Championships (Boulder & Lead),CEC,/api/v1/category_rounds/2304/results,National championship youth,U17 Female,Qualification,2,2,1.0,1.0,2,7.0,0.0,"continuous ordering: reusable athletes, outcome spread, both-board coverage, physical-metric coverage, recency; no inclusion cutoff",human_demand_tags_needed
194,CEC|event:123,CEC|event:123|route:9724,123,2304,2,9724,2025-05-15,2024-2025 Youth Boulder National Championships (Boulder & Lead),CEC,/api/v1/category_rounds/2304/results,National championship youth,U17 Female,Qualification,2,2,1.0,0.0,2,7.0,0.0,"continuous ordering: reusable athletes, outcome spread, both-board coverage, physical-metric coverage, recency; no inclusion cutoff",human_demand_tags_needed
195,CEC|event:123,CEC|event:123|route:9725,123,2304,3,9725,2025-05-15,2024-2025 Youth Boulder National Championships (Boulder & Lead),CEC,/api/v1/category_rounds/2304/results,National championship youth,U17 Female,Qualification,2,2,1.0,0.0,2,7.0,0.0,"continuous ordering: reusable athletes, outcome spread, both-board coverage, physical-metric coverage, recency; no inclusion cutoff",human_demand_tags_needed
196,CEC|event:123,CEC|event:123|route:9726,123,2304,4,9726,2025-05-15,2024-2025 Youth Boulder National Championships (Boulder & Lead),CEC,/api/v1/category_rounds/2304/results,National championship youth,U17 Female,Qualification,2,2,1.0,1.0,2,7.0,0.0,"continuous ordering: reusable athletes, outcome spread, both-board coverage, physical-metric coverage, recency; no inclusion cutoff",human_demand_tags_needed
197,CEC|event:123,CEC|event:123|route:9727,123,2304,5,9727,2025-05-15,2024-2025 Youth Boulder National Championships (Boulder & Lead),CEC,/api/v1/category_rounds/2304/results,National championship youth,U17 Female,Qualification,2,2,1.0,1.0,2,7.0,0.0,"continuous ordering: reusable athletes, outcome spread, both-board coverage, physical-metric coverage, recency; no inclusion cutoff",human_demand_tags_needed
198,CEC|event:123,CEC|event:123|route:9747,123,2330,3,9747,2025-05-15,2024-2025 Youth Boulder National Championships (Boulder & Lead),CEC,/api/v1/category_rounds/2330/results,National championship youth,U17 Male,Semi-Finals,2,2,1.0,0.0,2,7.0,0.0,"continuous ordering: reusable athletes, outcome spread, both-board coverage, physical-metric coverage, recency; no inclusion cutoff",human_demand_tags_needed
199,CEC|event:121,CEC|event:121|route:9534,121,2235,2,9534,2025-05-03,2025 NACS,CEC,/api/v1/category_rounds/2235/results,Continental / cross-border,Women,Qualification,2,2,1.0,1.0,2,7.0,0.0,"continuous ordering: reusable athletes, outcome spread, both-board coverage, physical-metric coverage, recency; no inclusion cutoff",human_demand_tags_needed
200,IFSC|event:1522,IFSC|event:1522|route:19268,1522,10636,1,19268,2026-07-18,World Climbing Youth Championship Arco 2026,IFSC,/api/v1/category_rounds/10636/results,International other youth,U19 Men,Qualification,2,2,1.0,1.0,0,6.0,0.0,"continuous ordering: reusable athletes, outcome spread, both-board coverage, physical-metric coverage, recency; no inclusion cutoff",human_demand_tags_needed
201,IFSC|event:1522,IFSC|event:1522|route:19269,1522,10636,2,19269,2026-07-18,World Climbing Youth Championship Arco 2026,IFSC,/api/v1/category_rounds/10636/results,International other youth,U19 Men,Qualification,2,2,1.0,1.0,0,6.0,0.0,"continuous ordering: reusable athletes, outcome spread, both-board coverage, physical-metric coverage, recency; no inclusion cutoff",human_demand_tags_needed
202,IFSC|event:1522,IFSC|event:1522|route:19271,1522,10636,4,19271,2026-07-18,World Climbing Youth Championship Arco 2026,IFSC,/api/v1/category_rounds/10636/results,International other youth,U19 Men,Qualification,2,2,1.0,0.0,0,6.0,0.0,"continuous ordering: reusable athletes, outcome spread, both-board coverage, physical-metric coverage, recency; no inclusion cutoff",human_demand_tags_needed
203,IFSC|event:1531,IFSC|event:1531|route:20493,1531,10725,1,20493,2026-07-25,World Climbing Pan America Series Salt Lake City 2026,IFSC,/api/v1/category_rounds/10725/results,Continental series,Men,Qualification,1,1,1.0,1.0,1,16.0,0.0,"continuous ordering: reusable athletes, outcome spread, both-board coverage, physical-metric coverage, recency; no inclusion cutoff",human_demand_tags_needed
204,IFSC|event:1531,IFSC|event:1531|route:20494,1531,10725,2,20494,2026-07-25,World Climbing Pan America Series Salt Lake City 2026,IFSC,/api/v1/category_rounds/10725/results,Continental series,Men,Qualification,1,1,0.0,0.0,1,16.0,0.0,"continuous ordering: reusable athletes, outcome spread, both-board coverage, physical-metric coverage, recency; no inclusion cutoff",human_demand_tags_needed
205,IFSC|event:1531,IFSC|event:1531|route:20495,1531,10725,3,20495,2026-07-25,World Climbing Pan America Series Salt Lake City 2026,IFSC,/api/v1/category_rounds/10725/results,Continental series,Men,Qualification,1,1,0.0,0.0,1,16.0,0.0,"continuous ordering: reusable athletes, outcome spread, both-board coverage, physical-metric coverage, recency; no inclusion cutoff",human_demand_tags_needed
206,IFSC|event:1531,IFSC|event:1531|route:20496,1531,10725,4,20496,2026-07-25,World Climbing Pan America Series Salt Lake City 2026,IFSC,/api/v1/category_rounds/10725/results,Continental series,Men,Qualification,1,1,0.0,0.0,1,16.0,0.0,"continuous ordering: reusable athletes, outcome spread, both-board coverage, physical-metric coverage, recency; no inclusion cutoff",human_demand_tags_needed
207,IFSC|event:1531,IFSC|event:1531|route:20497,1531,10725,5,20497,2026-07-25,World Climbing Pan America Series Salt Lake City 2026,IFSC,/api/v1/category_rounds/10725/results,Continental series,Men,Qualification,1,1,1.0,1.0,1,16.0,0.0,"continuous ordering: reusable athletes, outcome spread, both-board coverage, physical-metric coverage, recency; no inclusion cutoff",human_demand_tags_needed
208,CEC|event:224,CEC|event:224|route:22433,224,4418,1,22433,2026-05-14,2025-26 Youth Nationals - Boulder & Lead,CEC,/api/v1/category_rounds/4418/results,National championship youth,U21 Male,Qualification,1,1,1.0,1.0,1,16.0,0.0,"continuous ordering: reusable athletes, outcome spread, both-board coverage, physical-metric coverage, recency; no inclusion cutoff",human_demand_tags_needed
209,CEC|event:224,CEC|event:224|route:22434,224,4418,2,22434,2026-05-14,2025-26 Youth Nationals - Boulder & Lead,CEC,/api/v1/category_rounds/4418/results,National championship youth,U21 Male,Qualification,1,1,1.0,1.0,1,16.0,0.0,"continuous ordering: reusable athletes, outcome spread, both-board coverage, physical-metric coverage, recency; no inclusion cutoff",human_demand_tags_needed
210,CEC|event:224,CEC|event:224|route:22435,224,4418,3,22435,2026-05-14,2025-26 Youth Nationals - Boulder & Lead,CEC,/api/v1/category_rounds/4418/results,National championship youth,U21 Male,Qualification,1,1,1.0,1.0,1,16.0,0.0,"continuous ordering: reusable athletes, outcome spread, both-board coverage, physical-metric coverage, recency; no inclusion cutoff",human_demand_tags_needed
211,CEC|event:224,CEC|event:224|route:22436,224,4418,4,22436,2026-05-14,2025-26 Youth Nationals - Boulder & Lead,CEC,/api/v1/category_rounds/4418/results,National championship youth,U21 Male,Qualification,1,1,1.0,1.0,1,16.0,0.0,"continuous ordering: reusable athletes, outcome spread, both-board coverage, physical-metric coverage, recency; no inclusion cutoff",human_demand_tags_needed
212,CEC|event:224,CEC|event:224|route:22437,224,4418,5,22437,2026-05-14,2025-26 Youth Nationals - Boulder & Lead,CEC,/api/v1/category_rounds/4418/results,National championship youth,U21 Male,Qualification,1,1,1.0,1.0,1,16.0,0.0,"continuous ordering: reusable athletes, outcome spread, both-board coverage, physical-metric coverage, recency; no inclusion cutoff",human_demand_tags_needed
213,CEC|event:224,CEC|event:224|route:22438,224,4418,6,22438,2026-05-14,2025-26 Youth Nationals - Boulder & Lead,CEC,/api/v1/category_rounds/4418/results,National championship youth,U21 Male,Qualification,1,1,1.0,1.0,1,16.0,0.0,"continuous ordering: reusable athletes, outcome spread, both-board coverage, physical-metric coverage, recency; no inclusion cutoff",human_demand_tags_needed
214,CEC|event:224,CEC|event:224|route:23224,224,4449,1,23224,2026-05-14,2025-26 Youth Nationals - Boulder & Lead,CEC,/api/v1/category_rounds/4449/results,National championship youth,U21 Male,Semi-Finals,1,1,1.0,1.0,1,16.0,0.0,"continuous ordering: reusable athletes, outcome spread, both-board coverage, physical-metric coverage, recency; no inclusion cutoff",human_demand_tags_needed
215,CEC|event:224,CEC|event:224|route:23225,224,4449,2,23225,2026-05-14,2025-26 Youth Nationals - Boulder & Lead,CEC,/api/v1/category_rounds/4449/results,National championship youth,U21 Male,Semi-Finals,1,1,1.0,1.0,1,16.0,0.0,"continuous ordering: reusable athletes, outcome spread, both-board coverage, physical-metric coverage, recency; no inclusion cutoff",human_demand_tags_needed
216,CEC|event:224,CEC|event:224|route:23226,224,4449,3,23226,2026-05-14,2025-26 Youth Nationals - Boulder & Lead,CEC,/api/v1/category_rounds/4449/results,National championship youth,U21 Male,Semi-Finals,1,1,1.0,0.0,1,16.0,0.0,"continuous ordering: reusable athletes, outcome spread, both-board coverage, physical-metric coverage, recency; no inclusion cutoff",human_demand_tags_needed
217,CEC|event:224,CEC|event:224|route:23227,224,4449,4,23227,2026-05-14,2025-26 Youth Nationals - Boulder & Lead,CEC,/api/v1/category_rounds/4449/results,National championship youth,U21 Male,Semi-Finals,1,1,1.0,0.0,1,16.0,0.0,"continuous ordering: reusable athletes, outcome spread, both-board coverage, physical-metric coverage, recency; no inclusion cutoff",human_demand_tags_needed
218,CEC|event:224,CEC|event:224|route:23248,224,4455,1,23248,2026-05-14,2025-26 Youth Nationals - Boulder & Lead,CEC,/api/v1/category_rounds/4455/results,National championship youth,U21 Male,Finals,1,1,1.0,0.0,1,16.0,0.0,"continuous ordering: reusable athletes, outcome spread, both-board coverage, physical-metric coverage, recency; no inclusion cutoff",human_demand_tags_needed
219,CEC|event:224,CEC|event:224|route:23249,224,4455,2,23249,2026-05-14,2025-26 Youth Nationals - Boulder & Lead,CEC,/api/v1/category_rounds/4455/results,National championship youth,U21 Male,Finals,1,1,1.0,0.0,1,16.0,0.0,"continuous ordering: reusable athletes, outcome spread, both-board coverage, physical-metric coverage, recency; no inclusion cutoff",human_demand_tags_needed
220,CEC|event:224,CEC|event:224|route:23250,224,4455,3,23250,2026-05-14,2025-26 Youth Nationals - Boulder & Lead,CEC,/api/v1/category_rounds/4455/results,National championship youth,U21 Male,Finals,1,1,1.0,1.0,1,16.0,0.0,"continuous ordering: reusable athletes, outcome spread, both-board coverage, physical-metric coverage, recency; no inclusion cutoff",human_demand_tags_needed
221,CEC|event:224,CEC|event:224|route:23251,224,4455,4,23251,2026-05-14,2025-26 Youth Nationals - Boulder & Lead,CEC,/api/v1/category_rounds/4455/results,National championship youth,U21 Male,Finals,1,1,1.0,0.0,1,16.0,0.0,"continuous ordering: reusable athletes, outcome spread, both-board coverage, physical-metric coverage, recency; no inclusion cutoff",human_demand_tags_needed
222,CEC|event:211,CEC|event:211|route:19852,211,4056,1,19852,2026-03-21,Championnat Provincial D1 Bloc,CEC,/api/v1/category_rounds/4056/results,Regional / local youth,Junior hommes,Qualifications,1,1,1.0,1.0,1,14.0,0.0,"continuous ordering: reusable athletes, outcome spread, both-board coverage, physical-metric coverage, recency; no inclusion cutoff",human_demand_tags_needed
223,CEC|event:211,CEC|event:211|route:19853,211,4056,2,19853,2026-03-21,Championnat Provincial D1 Bloc,CEC,/api/v1/category_rounds/4056/results,Regional / local youth,Junior hommes,Qualifications,1,1,1.0,0.0,1,14.0,0.0,"continuous ordering: reusable athletes, outcome spread, both-board coverage, physical-metric coverage, recency; no inclusion cutoff",human_demand_tags_needed
224,CEC|event:211,CEC|event:211|route:19854,211,4056,3,19854,2026-03-21,Championnat Provincial D1 Bloc,CEC,/api/v1/category_rounds/4056/results,Regional / local youth,Junior hommes,Qualifications,1,1,0.0,0.0,1,14.0,0.0,"continuous ordering: reusable athletes, outcome spread, both-board coverage, physical-metric coverage, recency; no inclusion cutoff",human_demand_tags_needed
225,CEC|event:211,CEC|event:211|route:19855,211,4056,4,19855,2026-03-21,Championnat Provincial D1 Bloc,CEC,/api/v1/category_rounds/4056/results,Regional / local youth,Junior hommes,Qualifications,1,1,1.0,1.0,1,14.0,0.0,"continuous ordering: reusable athletes, outcome spread, both-board coverage, physical-metric coverage, recency; no inclusion cutoff",human_demand_tags_needed
226,CEC|event:211,CEC|event:211|route:19856,211,4056,5,19856,2026-03-21,Championnat Provincial D1 Bloc,CEC,/api/v1/category_rounds/4056/results,Regional / local youth,Junior hommes,Qualifications,1,1,1.0,0.0,1,14.0,0.0,"continuous ordering: reusable athletes, outcome spread, both-board coverage, physical-metric coverage, recency; no inclusion cutoff",human_demand_tags_needed
227,CEC|event:211,CEC|event:211|route:19918,211,4066,1,19918,2026-03-21,Championnat Provincial D1 Bloc,CEC,/api/v1/category_rounds/4066/results,Regional / local youth,Junior hommes,Finales,1,1,1.0,1.0,1,14.0,0.0,"continuous ordering: reusable athletes, outcome spread, both-board coverage, physical-metric coverage, recency; no inclusion cutoff",human_demand_tags_needed
228,CEC|event:211,CEC|event:211|route:19919,211,4066,2,19919,2026-03-21,Championnat Provincial D1 Bloc,CEC,/api/v1/category_rounds/4066/results,Regional / local youth,Junior hommes,Finales,1,1,1.0,1.0,1,14.0,0.0,"continuous ordering: reusable athletes, outcome spread, both-board coverage, physical-metric coverage, recency; no inclusion cutoff",human_demand_tags_needed
229,CEC|event:211,CEC|event:211|route:19920,211,4066,3,19920,2026-03-21,Championnat Provincial D1 Bloc,CEC,/api/v1/category_rounds/4066/results,Regional / local youth,Junior hommes,Finales,1,1,0.0,0.0,1,14.0,0.0,"continuous ordering: reusable athletes, outcome spread, both-board coverage, physical-metric coverage, recency; no inclusion cutoff",human_demand_tags_needed
230,CEC|event:211,CEC|event:211|route:19921,211,4066,4,19921,2026-03-21,Championnat Provincial D1 Bloc,CEC,/api/v1/category_rounds/4066/results,Regional / local youth,Junior hommes,Finales,1,1,1.0,1.0,1,14.0,0.0,"continuous ordering: reusable athletes, outcome spread, both-board coverage, physical-metric coverage, recency; no inclusion cutoff",human_demand_tags_needed
231,CEC|event:192,CEC|event:192|route:17756,192,3661,1,17756,2026-01-24,Coupe QC D1 Bloc #2,CEC,/api/v1/category_rounds/3661/results,Regional / local youth,Junior hommes,Qualifications,1,1,1.0,1.0,1,14.0,0.0,"continuous ordering: reusable athletes, outcome spread, both-board coverage, physical-metric coverage, recency; no inclusion cutoff",human_demand_tags_needed
232,CEC|event:192,CEC|event:192|route:17757,192,3661,2,17757,2026-01-24,Coupe QC D1 Bloc #2,CEC,/api/v1/category_rounds/3661/results,Regional / local youth,Junior hommes,Qualifications,1,1,1.0,1.0,1,14.0,0.0,"continuous ordering: reusable athletes, outcome spread, both-board coverage, physical-metric coverage, recency; no inclusion cutoff",human_demand_tags_needed
233,CEC|event:192,CEC|event:192|route:17758,192,3661,3,17758,2026-01-24,Coupe QC D1 Bloc #2,CEC,/api/v1/category_rounds/3661/results,Regional / local youth,Junior hommes,Qualifications,1,1,1.0,1.0,1,14.0,0.0,"continuous ordering: reusable athletes, outcome spread, both-board coverage, physical-metric coverage, recency; no inclusion cutoff",human_demand_tags_needed
234,CEC|event:192,CEC|event:192|route:17759,192,3661,4,17759,2026-01-24,Coupe QC D1 Bloc #2,CEC,/api/v1/category_rounds/3661/results,Regional / local youth,Junior hommes,Qualifications,1,1,1.0,1.0,1,14.0,0.0,"continuous ordering: reusable athletes, outcome spread, both-board coverage, physical-metric coverage, recency; no inclusion cutoff",human_demand_tags_needed
235,CEC|event:192,CEC|event:192|route:17760,192,3661,5,17760,2026-01-24,Coupe QC D1 Bloc #2,CEC,/api/v1/category_rounds/3661/results,Regional / local youth,Junior hommes,Qualifications,1,1,1.0,1.0,1,14.0,0.0,"continuous ordering: reusable athletes, outcome spread, both-board coverage, physical-metric coverage, recency; no inclusion cutoff",human_demand_tags_needed
236,CEC|event:192,CEC|event:192|route:17886,192,3687,1,17886,2026-01-24,Coupe QC D1 Bloc #2,CEC,/api/v1/category_rounds/3687/results,Regional / local youth,Junior hommes,Finales,1,1,1.0,1.0,1,14.0,0.0,"continuous ordering: reusable athletes, outcome spread, both-board coverage, physical-metric coverage, recency; no inclusion cutoff",human_demand_tags_needed
237,CEC|event:192,CEC|event:192|route:17887,192,3687,2,17887,2026-01-24,Coupe QC D1 Bloc #2,CEC,/api/v1/category_rounds/3687/results,Regional / local youth,Junior hommes,Finales,1,1,1.0,0.0,1,14.0,0.0,"continuous ordering: reusable athletes, outcome spread, both-board coverage, physical-metric coverage, recency; no inclusion cutoff",human_demand_tags_needed
238,CEC|event:192,CEC|event:192|route:17888,192,3687,3,17888,2026-01-24,Coupe QC D1 Bloc #2,CEC,/api/v1/category_rounds/3687/results,Regional / local youth,Junior hommes,Finales,1,1,1.0,1.0,1,14.0,0.0,"continuous ordering: reusable athletes, outcome spread, both-board coverage, physical-metric coverage, recency; no inclusion cutoff",human_demand_tags_needed
239,CEC|event:192,CEC|event:192|route:17889,192,3687,4,17889,2026-01-24,Coupe QC D1 Bloc #2,CEC,/api/v1/category_rounds/3687/results,Regional / local youth,Junior hommes,Finales,1,1,1.0,0.0,1,14.0,0.0,"continuous ordering: reusable athletes, outcome spread, both-board coverage, physical-metric coverage, recency; no inclusion cutoff",human_demand_tags_needed
240,IFSC|event:1465,IFSC|event:1465|route:16277,1465,9971,1,16277,2025-11-22,IFSC Pan American Cup Armenia 2025,IFSC,/api/v1/category_rounds/9971/results,Continental series,Men,Qualification,1,1,1.0,0.0,1,14.0,0.0,"continuous ordering: reusable athletes, outcome spread, both-board coverage, physical-metric coverage, recency; no inclusion cutoff",human_demand_tags_needed
241,IFSC|event:1465,IFSC|event:1465|route:16278,1465,9971,2,16278,2025-11-22,IFSC Pan American Cup Armenia 2025,IFSC,/api/v1/category_rounds/9971/results,Continental series,Men,Qualification,1,1,1.0,1.0,1,14.0,0.0,"continuous ordering: reusable athletes, outcome spread, both-board coverage, physical-metric coverage, recency; no inclusion cutoff",human_demand_tags_needed
242,IFSC|event:1465,IFSC|event:1465|route:16279,1465,9971,3,16279,2025-11-22,IFSC Pan American Cup Armenia 2025,IFSC,/api/v1/category_rounds/9971/results,Continental series,Men,Qualification,1,1,1.0,1.0,1,14.0,0.0,"continuous ordering: reusable athletes, outcome spread, both-board coverage, physical-metric coverage, recency; no inclusion cutoff",human_demand_tags_needed
243,IFSC|event:1465,IFSC|event:1465|route:16280,1465,9971,4,16280,2025-11-22,IFSC Pan American Cup Armenia 2025,IFSC,/api/v1/category_rounds/9971/results,Continental series,Men,Qualification,1,1,0.0,0.0,1,14.0,0.0,"continuous ordering: reusable athletes, outcome spread, both-board coverage, physical-metric coverage, recency; no inclusion cutoff",human_demand_tags_needed
244,IFSC|event:1465,IFSC|event:1465|route:16281,1465,9971,5,16281,2025-11-22,IFSC Pan American Cup Armenia 2025,IFSC,/api/v1/category_rounds/9971/results,Continental series,Men,Qualification,1,1,1.0,0.0,1,14.0,0.0,"continuous ordering: reusable athletes, outcome spread, both-board coverage, physical-metric coverage, recency; no inclusion cutoff",human_demand_tags_needed
245,IFSC|event:1465,IFSC|event:1465|route:18085,1465,10458,1,18085,2025-11-22,IFSC Pan American Cup Armenia 2025,IFSC,/api/v1/category_rounds/10458/results,Continental series,Men,Semi Final,1,1,1.0,1.0,1,14.0,0.0,"continuous ordering: reusable athletes, outcome spread, both-board coverage, physical-metric coverage, recency; no inclusion cutoff",human_demand_tags_needed
246,IFSC|event:1465,IFSC|event:1465|route:18086,1465,10458,2,18086,2025-11-22,IFSC Pan American Cup Armenia 2025,IFSC,/api/v1/category_rounds/10458/results,Continental series,Men,Semi Final,1,1,0.0,0.0,1,14.0,0.0,"continuous ordering: reusable athletes, outcome spread, both-board coverage, physical-metric coverage, recency; no inclusion cutoff",human_demand_tags_needed
247,IFSC|event:1465,IFSC|event:1465|route:18087,1465,10458,3,18087,2025-11-22,IFSC Pan American Cup Armenia 2025,IFSC,/api/v1/category_rounds/10458/results,Continental series,Men,Semi Final,1,1,1.0,0.0,1,14.0,0.0,"continuous ordering: reusable athletes, outcome spread, both-board coverage, physical-metric coverage, recency; no inclusion cutoff",human_demand_tags_needed
248,IFSC|event:1465,IFSC|event:1465|route:18088,1465,10458,4,18088,2025-11-22,IFSC Pan American Cup Armenia 2025,IFSC,/api/v1/category_rounds/10458/results,Continental series,Men,Semi Final,1,1,0.0,0.0,1,14.0,0.0,"continuous ordering: reusable athletes, outcome spread, both-board coverage, physical-metric coverage, recency; no inclusion cutoff",human_demand_tags_needed
249,CEC|event:153,CEC|event:153|route:13965,153,2851,1,13965,2025-11-08,D1 Bloc #1 Délire Ste-Foy,CEC,/api/v1/category_rounds/2851/results,Regional / local youth,Junior hommes,Qualifications,1,1,1.0,1.0,1,14.0,0.0,"continuous ordering: reusable athletes, outcome spread, both-board coverage, physical-metric coverage, recency; no inclusion cutoff",human_demand_tags_needed
250,CEC|event:153,CEC|event:153|route:13966,153,2851,2,13966,2025-11-08,D1 Bloc #1 Délire Ste-Foy,CEC,/api/v1/category_rounds/2851/results,Regional / local youth,Junior hommes,Qualifications,1,1,1.0,1.0,1,14.0,0.0,"continuous ordering: reusable athletes, outcome spread, both-board coverage, physical-metric coverage, recency; no inclusion cutoff",human_demand_tags_needed
251,CEC|event:153,CEC|event:153|route:13967,153,2851,3,13967,2025-11-08,D1 Bloc #1 Délire Ste-Foy,CEC,/api/v1/category_rounds/2851/results,Regional / local youth,Junior hommes,Qualifications,1,1,0.0,0.0,1,14.0,0.0,"continuous ordering: reusable athletes, outcome spread, both-board coverage, physical-metric coverage, recency; no inclusion cutoff",human_demand_tags_needed
252,CEC|event:153,CEC|event:153|route:13968,153,2851,4,13968,2025-11-08,D1 Bloc #1 Délire Ste-Foy,CEC,/api/v1/category_rounds/2851/results,Regional / local youth,Junior hommes,Qualifications,1,1,1.0,1.0,1,14.0,0.0,"continuous ordering: reusable athletes, outcome spread, both-board coverage, physical-metric coverage, recency; no inclusion cutoff",human_demand_tags_needed
253,CEC|event:153,CEC|event:153|route:13969,153,2851,5,13969,2025-11-08,D1 Bloc #1 Délire Ste-Foy,CEC,/api/v1/category_rounds/2851/results,Regional / local youth,Junior hommes,Qualifications,1,1,1.0,1.0,1,14.0,0.0,"continuous ordering: reusable athletes, outcome spread, both-board coverage, physical-metric coverage, recency; no inclusion cutoff",human_demand_tags_needed
254,CEC|event:153,CEC|event:153|route:14024,153,2867,1,14024,2025-11-08,D1 Bloc #1 Délire Ste-Foy,CEC,/api/v1/category_rounds/2867/results,Regional / local youth,Junior hommes,Finales,1,1,1.0,1.0,1,14.0,0.0,"continuous ordering: reusable athletes, outcome spread, both-board coverage, physical-metric coverage, recency; no inclusion cutoff",human_demand_tags_needed
255,CEC|event:153,CEC|event:153|route:14025,153,2867,2,14025,2025-11-08,D1 Bloc #1 Délire Ste-Foy,CEC,/api/v1/category_rounds/2867/results,Regional / local youth,Junior hommes,Finales,1,1,1.0,1.0,1,14.0,0.0,"continuous ordering: reusable athletes, outcome spread, both-board coverage, physical-metric coverage, recency; no inclusion cutoff",human_demand_tags_needed
256,CEC|event:153,CEC|event:153|route:14026,153,2867,3,14026,2025-11-08,D1 Bloc #1 Délire Ste-Foy,CEC,/api/v1/category_rounds/2867/results,Regional / local youth,Junior hommes,Finales,1,1,1.0,0.0,1,14.0,0.0,"continuous ordering: reusable athletes, outcome spread, both-board coverage, physical-metric coverage, recency; no inclusion cutoff",human_demand_tags_needed
257,CEC|event:153,CEC|event:153|route:14027,153,2867,4,14027,2025-11-08,D1 Bloc #1 Délire Ste-Foy,CEC,/api/v1/category_rounds/2867/results,Regional / local youth,Junior hommes,Finales,1,1,1.0,1.0,1,14.0,0.0,"continuous ordering: reusable athletes, outcome spread, both-board coverage, physical-metric coverage, recency; no inclusion cutoff",human_demand_tags_needed
258,IFSC|event:1531,IFSC|event:1531|route:20488,1531,10725,1,20488,2026-07-25,World Climbing Pan America Series Salt Lake City 2026,IFSC,/api/v1/category_rounds/10725/results,Continental series,Men,Qualification,1,1,1.0,1.0,1,12.0,0.0,"continuous ordering: reusable athletes, outcome spread, both-board coverage, physical-metric coverage, recency; no inclusion cutoff",human_demand_tags_needed
259,IFSC|event:1531,IFSC|event:1531|route:20489,1531,10725,2,20489,2026-07-25,World Climbing Pan America Series Salt Lake City 2026,IFSC,/api/v1/category_rounds/10725/results,Continental series,Men,Qualification,1,1,1.0,1.0,1,12.0,0.0,"continuous ordering: reusable athletes, outcome spread, both-board coverage, physical-metric coverage, recency; no inclusion cutoff",human_demand_tags_needed
260,IFSC|event:1531,IFSC|event:1531|route:20490,1531,10725,3,20490,2026-07-25,World Climbing Pan America Series Salt Lake City 2026,IFSC,/api/v1/category_rounds/10725/results,Continental series,Men,Qualification,1,1,1.0,0.0,1,12.0,0.0,"continuous ordering: reusable athletes, outcome spread, both-board coverage, physical-metric coverage, recency; no inclusion cutoff",human_demand_tags_needed
261,IFSC|event:1531,IFSC|event:1531|route:20491,1531,10725,4,20491,2026-07-25,World Climbing Pan America Series Salt Lake City 2026,IFSC,/api/v1/category_rounds/10725/results,Continental series,Men,Qualification,1,1,0.0,0.0,1,12.0,0.0,"continuous ordering: reusable athletes, outcome spread, both-board coverage, physical-metric coverage, recency; no inclusion cutoff",human_demand_tags_needed
262,IFSC|event:1531,IFSC|event:1531|route:20492,1531,10725,5,20492,2026-07-25,World Climbing Pan America Series Salt Lake City 2026,IFSC,/api/v1/category_rounds/10725/results,Continental series,Men,Qualification,1,1,1.0,0.0,1,12.0,0.0,"continuous ordering: reusable athletes, outcome spread, both-board coverage, physical-metric coverage, recency; no inclusion cutoff",human_demand_tags_needed
263,IFSC|event:1531,IFSC|event:1531|route:20508,1531,10991,1,20508,2026-07-25,World Climbing Pan America Series Salt Lake City 2026,IFSC,/api/v1/category_rounds/10991/results,Continental series,Men,Semi Final,1,1,0.0,0.0,1,12.0,0.0,"continuous ordering: reusable athletes, outcome spread, both-board coverage, physical-metric coverage, recency; no inclusion cutoff",human_demand_tags_needed
264,IFSC|event:1531,IFSC|event:1531|route:20509,1531,10991,2,20509,2026-07-25,World Climbing Pan America Series Salt Lake City 2026,IFSC,/api/v1/category_rounds/10991/results,Continental series,Men,Semi Final,1,1,1.0,0.0,1,12.0,0.0,"continuous ordering: reusable athletes, outcome spread, both-board coverage, physical-metric coverage, recency; no inclusion cutoff",human_demand_tags_needed
265,IFSC|event:1531,IFSC|event:1531|route:20510,1531,10991,3,20510,2026-07-25,World Climbing Pan America Series Salt Lake City 2026,IFSC,/api/v1/category_rounds/10991/results,Continental series,Men,Semi Final,1,1,0.0,0.0,1,12.0,0.0,"continuous ordering: reusable athletes, outcome spread, both-board coverage, physical-metric coverage, recency; no inclusion cutoff",human_demand_tags_needed
266,IFSC|event:1531,IFSC|event:1531|route:20511,1531,10991,4,20511,2026-07-25,World Climbing Pan America Series Salt Lake City 2026,IFSC,/api/v1/category_rounds/10991/results,Continental series,Men,Semi Final,1,1,1.0,0.0,1,12.0,0.0,"continuous ordering: reusable athletes, outcome spread, both-board coverage, physical-metric coverage, recency; no inclusion cutoff",human_demand_tags_needed
267,CEC|event:153,CEC|event:153|route:13985,153,2848,1,13985,2025-11-08,D1 Bloc #1 Délire Ste-Foy,CEC,/api/v1/category_rounds/2848/results,Regional / local youth,Juvénile B femmes,Qualifications,1,1,1.0,1.0,1,11.0,0.0,"continuous ordering: reusable athletes, outcome spread, both-board coverage, physical-metric coverage, recency; no inclusion cutoff",human_demand_tags_needed
268,CEC|event:153,CEC|event:153|route:13986,153,2848,2,13986,2025-11-08,D1 Bloc #1 Délire Ste-Foy,CEC,/api/v1/category_rounds/2848/results,Regional / local youth,Juvénile B femmes,Qualifications,1,1,1.0,1.0,1,11.0,0.0,"continuous ordering: reusable athletes, outcome spread, both-board coverage, physical-metric coverage, recency; no inclusion cutoff",human_demand_tags_needed
269,CEC|event:153,CEC|event:153|route:13987,153,2848,3,13987,2025-11-08,D1 Bloc #1 Délire Ste-Foy,CEC,/api/v1/category_rounds/2848/results,Regional / local youth,Juvénile B femmes,Qualifications,1,1,1.0,1.0,1,11.0,0.0,"continuous ordering: reusable athletes, outcome spread, both-board coverage, physical-metric coverage, recency; no inclusion cutoff",human_demand_tags_needed
270,CEC|event:153,CEC|event:153|route:13988,153,2848,4,13988,2025-11-08,D1 Bloc #1 Délire Ste-Foy,CEC,/api/v1/category_rounds/2848/results,Regional / local youth,Juvénile B femmes,Qualifications,1,1,1.0,1.0,1,11.0,0.0,"continuous ordering: reusable athletes, outcome spread, both-board coverage, physical-metric coverage, recency; no inclusion cutoff",human_demand_tags_needed
271,CEC|event:153,CEC|event:153|route:13989,153,2848,5,13989,2025-11-08,D1 Bloc #1 Délire Ste-Foy,CEC,/api/v1/category_rounds/2848/results,Regional / local youth,Juvénile B femmes,Qualifications,1,1,1.0,1.0,1,11.0,0.0,"continuous ordering: reusable athletes, outcome spread, both-board coverage, physical-metric coverage, recency; no inclusion cutoff",human_demand_tags_needed
272,CEC|event:153,CEC|event:153|route:14012,153,2864,1,14012,2025-11-08,D1 Bloc #1 Délire Ste-Foy,CEC,/api/v1/category_rounds/2864/results,Regional / local youth,Juvénile B femmes,Finales,1,1,1.0,1.0,1,11.0,0.0,"continuous ordering: reusable athletes, outcome spread, both-board coverage, physical-metric coverage, recency; no inclusion cutoff",human_demand_tags_needed
273,CEC|event:153,CEC|event:153|route:14013,153,2864,2,14013,2025-11-08,D1 Bloc #1 Délire Ste-Foy,CEC,/api/v1/category_rounds/2864/results,Regional / local youth,Juvénile B femmes,Finales,1,1,1.0,1.0,1,11.0,0.0,"continuous ordering: reusable athletes, outcome spread, both-board coverage, physical-metric coverage, recency; no inclusion cutoff",human_demand_tags_needed
274,CEC|event:153,CEC|event:153|route:14014,153,2864,3,14014,2025-11-08,D1 Bloc #1 Délire Ste-Foy,CEC,/api/v1/category_rounds/2864/results,Regional / local youth,Juvénile B femmes,Finales,1,1,1.0,0.0,1,11.0,0.0,"continuous ordering: reusable athletes, outcome spread, both-board coverage, physical-metric coverage, recency; no inclusion cutoff",human_demand_tags_needed
275,CEC|event:153,CEC|event:153|route:14015,153,2864,4,14015,2025-11-08,D1 Bloc #1 Délire Ste-Foy,CEC,/api/v1/category_rounds/2864/results,Regional / local youth,Juvénile B femmes,Finales,1,1,1.0,1.0,1,11.0,0.0,"continuous ordering: reusable athletes, outcome spread, both-board coverage, physical-metric coverage, recency; no inclusion cutoff",human_demand_tags_needed
276,IFSC|event:1522,IFSC|event:1522|route:19278,1522,10638,1,19278,2026-07-18,World Climbing Youth Championship Arco 2026,IFSC,/api/v1/category_rounds/10638/results,International other youth,U17 Men,Qualification,1,1,1.0,0.0,1,8.0,0.0,"continuous ordering: reusable athletes, outcome spread, both-board coverage, physical-metric coverage, recency; no inclusion cutoff",human_demand_tags_needed
277,IFSC|event:1522,IFSC|event:1522|route:19279,1522,10638,2,19279,2026-07-18,World Climbing Youth Championship Arco 2026,IFSC,/api/v1/category_rounds/10638/results,International other youth,U17 Men,Qualification,1,1,1.0,1.0,1,8.0,0.0,"continuous ordering: reusable athletes, outcome spread, both-board coverage, physical-metric coverage, recency; no inclusion cutoff",human_demand_tags_needed
278,IFSC|event:1522,IFSC|event:1522|route:19280,1522,10638,3,19280,2026-07-18,World Climbing Youth Championship Arco 2026,IFSC,/api/v1/category_rounds/10638/results,International other youth,U17 Men,Qualification,1,1,0.0,0.0,1,8.0,0.0,"continuous ordering: reusable athletes, outcome spread, both-board coverage, physical-metric coverage, recency; no inclusion cutoff",human_demand_tags_needed
279,IFSC|event:1522,IFSC|event:1522|route:19281,1522,10638,4,19281,2026-07-18,World Climbing Youth Championship Arco 2026,IFSC,/api/v1/category_rounds/10638/results,International other youth,U17 Men,Qualification,1,1,1.0,0.0,1,8.0,0.0,"continuous ordering: reusable athletes, outcome spread, both-board coverage, physical-metric coverage, recency; no inclusion cutoff",human_demand_tags_needed
280,IFSC|event:1522,IFSC|event:1522|route:19282,1522,10638,5,19282,2026-07-18,World Climbing Youth Championship Arco 2026,IFSC,/api/v1/category_rounds/10638/results,International other youth,U17 Men,Qualification,1,1,1.0,0.0,1,8.0,0.0,"continuous ordering: reusable athletes, outcome spread, both-board coverage, physical-metric coverage, recency; no inclusion cutoff",human_demand_tags_needed
281,CEC|event:224,CEC|event:224|route:22457,224,4422,1,22457,2026-05-14,2025-26 Youth Nationals - Boulder & Lead,CEC,/api/v1/category_rounds/4422/results,National championship youth,U17 Male,Qualification,1,1,1.0,0.0,1,8.0,0.0,"continuous ordering: reusable athletes, outcome spread, both-board coverage, physical-metric coverage, recency; no inclusion cutoff",human_demand_tags_needed
282,CEC|event:224,CEC|event:224|route:22458,224,4422,2,22458,2026-05-14,2025-26 Youth Nationals - Boulder & Lead,CEC,/api/v1/category_rounds/4422/results,National championship youth,U17 Male,Qualification,1,1,1.0,1.0,1,8.0,0.0,"continuous ordering: reusable athletes, outcome spread, both-board coverage, physical-metric coverage, recency; no inclusion cutoff",human_demand_tags_needed
283,CEC|event:224,CEC|event:224|route:22459,224,4422,3,22459,2026-05-14,2025-26 Youth Nationals - Boulder & Lead,CEC,/api/v1/category_rounds/4422/results,National championship youth,U17 Male,Qualification,1,1,1.0,1.0,1,8.0,0.0,"continuous ordering: reusable athletes, outcome spread, both-board coverage, physical-metric coverage, recency; no inclusion cutoff",human_demand_tags_needed
284,CEC|event:224,CEC|event:224|route:22460,224,4422,4,22460,2026-05-14,2025-26 Youth Nationals - Boulder & Lead,CEC,/api/v1/category_rounds/4422/results,National championship youth,U17 Male,Qualification,1,1,1.0,1.0,1,8.0,0.0,"continuous ordering: reusable athletes, outcome spread, both-board coverage, physical-metric coverage, recency; no inclusion cutoff",human_demand_tags_needed
285,CEC|event:224,CEC|event:224|route:22461,224,4422,5,22461,2026-05-14,2025-26 Youth Nationals - Boulder & Lead,CEC,/api/v1/category_rounds/4422/results,National championship youth,U17 Male,Qualification,1,1,1.0,1.0,1,8.0,0.0,"continuous ordering: reusable athletes, outcome spread, both-board coverage, physical-metric coverage, recency; no inclusion cutoff",human_demand_tags_needed
286,CEC|event:224,CEC|event:224|route:22462,224,4422,6,22462,2026-05-14,2025-26 Youth Nationals - Boulder & Lead,CEC,/api/v1/category_rounds/4422/results,National championship youth,U17 Male,Qualification,1,1,1.0,1.0,1,8.0,0.0,"continuous ordering: reusable athletes, outcome spread, both-board coverage, physical-metric coverage, recency; no inclusion cutoff",human_demand_tags_needed
287,CEC|event:224,CEC|event:224|route:23240,224,4453,1,23240,2026-05-14,2025-26 Youth Nationals - Boulder & Lead,CEC,/api/v1/category_rounds/4453/results,National championship youth,U17 Male,Semi-Finals,1,1,1.0,1.0,1,8.0,0.0,"continuous ordering: reusable athletes, outcome spread, both-board coverage, physical-metric coverage, recency; no inclusion cutoff",human_demand_tags_needed
288,CEC|event:224,CEC|event:224|route:23241,224,4453,2,23241,2026-05-14,2025-26 Youth Nationals - Boulder & Lead,CEC,/api/v1/category_rounds/4453/results,National championship youth,U17 Male,Semi-Finals,1,1,1.0,0.0,1,8.0,0.0,"continuous ordering: reusable athletes, outcome spread, both-board coverage, physical-metric coverage, recency; no inclusion cutoff",human_demand_tags_needed
289,CEC|event:224,CEC|event:224|route:23242,224,4453,3,23242,2026-05-14,2025-26 Youth Nationals - Boulder & Lead,CEC,/api/v1/category_rounds/4453/results,National championship youth,U17 Male,Semi-Finals,1,1,1.0,1.0,1,8.0,0.0,"continuous ordering: reusable athletes, outcome spread, both-board coverage, physical-metric coverage, recency; no inclusion cutoff",human_demand_tags_needed
290,CEC|event:224,CEC|event:224|route:23243,224,4453,4,23243,2026-05-14,2025-26 Youth Nationals - Boulder & Lead,CEC,/api/v1/category_rounds/4453/results,National championship youth,U17 Male,Semi-Finals,1,1,1.0,0.0,1,8.0,0.0,"continuous ordering: reusable athletes, outcome spread, both-board coverage, physical-metric coverage, recency; no inclusion cutoff",human_demand_tags_needed
291,CEC|event:224,CEC|event:224|route:23264,224,4459,1,23264,2026-05-14,2025-26 Youth Nationals - Boulder & Lead,CEC,/api/v1/category_rounds/4459/results,National championship youth,U17 Male,Finals,1,1,1.0,1.0,1,8.0,0.0,"continuous ordering: reusable athletes, outcome spread, both-board coverage, physical-metric coverage, recency; no inclusion cutoff",human_demand_tags_needed
292,CEC|event:224,CEC|event:224|route:23265,224,4459,2,23265,2026-05-14,2025-26 Youth Nationals - Boulder & Lead,CEC,/api/v1/category_rounds/4459/results,National championship youth,U17 Male,Finals,1,1,1.0,1.0,1,8.0,0.0,"continuous ordering: reusable athletes, outcome spread, both-board coverage, physical-metric coverage, recency; no inclusion cutoff",human_demand_tags_needed
293,CEC|event:224,CEC|event:224|route:23266,224,4459,3,23266,2026-05-14,2025-26 Youth Nationals - Boulder & Lead,CEC,/api/v1/category_rounds/4459/results,National championship youth,U17 Male,Finals,1,1,1.0,1.0,1,8.0,0.0,"continuous ordering: reusable athletes, outcome spread, both-board coverage, physical-metric coverage, recency; no inclusion cutoff",human_demand_tags_needed
294,CEC|event:224,CEC|event:224|route:23267,224,4459,4,23267,2026-05-14,2025-26 Youth Nationals - Boulder & Lead,CEC,/api/v1/category_rounds/4459/results,National championship youth,U17 Male,Finals,1,1,0.0,0.0,1,8.0,0.0,"continuous ordering: reusable athletes, outcome spread, both-board coverage, physical-metric coverage, recency; no inclusion cutoff",human_demand_tags_needed
295,CEC|event:211,CEC|event:211|route:19832,211,4052,1,19832,2026-03-21,Championnat Provincial D1 Bloc,CEC,/api/v1/category_rounds/4052/results,Regional / local youth,Juvénile B hommes,Qualifications,1,1,1.0,1.0,1,8.0,0.0,"continuous ordering: reusable athletes, outcome spread, both-board coverage, physical-metric coverage, recency; no inclusion cutoff",human_demand_tags_needed
296,CEC|event:211,CEC|event:211|route:19833,211,4052,2,19833,2026-03-21,Championnat Provincial D1 Bloc,CEC,/api/v1/category_rounds/4052/results,Regional / local youth,Juvénile B hommes,Qualifications,1,1,1.0,0.0,1,8.0,0.0,"continuous ordering: reusable athletes, outcome spread, both-board coverage, physical-metric coverage, recency; no inclusion cutoff",human_demand_tags_needed
297,CEC|event:211,CEC|event:211|route:19834,211,4052,3,19834,2026-03-21,Championnat Provincial D1 Bloc,CEC,/api/v1/category_rounds/4052/results,Regional / local youth,Juvénile B hommes,Qualifications,1,1,1.0,0.0,1,8.0,0.0,"continuous ordering: reusable athletes, outcome spread, both-board coverage, physical-metric coverage, recency; no inclusion cutoff",human_demand_tags_needed
298,CEC|event:211,CEC|event:211|route:19835,211,4052,4,19835,2026-03-21,Championnat Provincial D1 Bloc,CEC,/api/v1/category_rounds/4052/results,Regional / local youth,Juvénile B hommes,Qualifications,1,1,1.0,1.0,1,8.0,0.0,"continuous ordering: reusable athletes, outcome spread, both-board coverage, physical-metric coverage, recency; no inclusion cutoff",human_demand_tags_needed
299,CEC|event:211,CEC|event:211|route:19836,211,4052,5,19836,2026-03-21,Championnat Provincial D1 Bloc,CEC,/api/v1/category_rounds/4052/results,Regional / local youth,Juvénile B hommes,Qualifications,1,1,1.0,0.0,1,8.0,0.0,"continuous ordering: reusable athletes, outcome spread, both-board coverage, physical-metric coverage, recency; no inclusion cutoff",human_demand_tags_needed
300,CEC|event:211,CEC|event:211|route:19902,211,4062,1,19902,2026-03-21,Championnat Provincial D1 Bloc,CEC,/api/v1/category_rounds/4062/results,Regional / local youth,Juvénile B hommes,Finales,1,1,1.0,1.0,1,8.0,0.0,"continuous ordering: reusable athletes, outcome spread, both-board coverage, physical-metric coverage, recency; no inclusion cutoff",human_demand_tags_needed
301,CEC|event:211,CEC|event:211|route:19903,211,4062,2,19903,2026-03-21,Championnat Provincial D1 Bloc,CEC,/api/v1/category_rounds/4062/results,Regional / local youth,Juvénile B hommes,Finales,1,1,1.0,1.0,1,8.0,0.0,"continuous ordering: reusable athletes, outcome spread, both-board coverage, physical-metric coverage, recency; no inclusion cutoff",human_demand_tags_needed
302,CEC|event:211,CEC|event:211|route:19904,211,4062,3,19904,2026-03-21,Championnat Provincial D1 Bloc,CEC,/api/v1/category_rounds/4062/results,Regional / local youth,Juvénile B hommes,Finales,1,1,1.0,0.0,1,8.0,0.0,"continuous ordering: reusable athletes, outcome spread, both-board coverage, physical-metric coverage, recency; no inclusion cutoff",human_demand_tags_needed
303,CEC|event:211,CEC|event:211|route:19905,211,4062,4,19905,2026-03-21,Championnat Provincial D1 Bloc,CEC,/api/v1/category_rounds/4062/results,Regional / local youth,Juvénile B hommes,Finales,1,1,1.0,1.0,1,8.0,0.0,"continuous ordering: reusable athletes, outcome spread, both-board coverage, physical-metric coverage, recency; no inclusion cutoff",human_demand_tags_needed
304,CEC|event:192,CEC|event:192|route:17736,192,3657,1,17736,2026-01-24,Coupe QC D1 Bloc #2,CEC,/api/v1/category_rounds/3657/results,Regional / local youth,Juvénile B hommes,Qualifications,1,1,1.0,0.0,1,8.0,0.0,"continuous ordering: reusable athletes, outcome spread, both-board coverage, physical-metric coverage, recency; no inclusion cutoff",human_demand_tags_needed
305,CEC|event:192,CEC|event:192|route:17737,192,3657,2,17737,2026-01-24,Coupe QC D1 Bloc #2,CEC,/api/v1/category_rounds/3657/results,Regional / local youth,Juvénile B hommes,Qualifications,1,1,1.0,1.0,1,8.0,0.0,"continuous ordering: reusable athletes, outcome spread, both-board coverage, physical-metric coverage, recency; no inclusion cutoff",human_demand_tags_needed
306,CEC|event:192,CEC|event:192|route:17738,192,3657,3,17738,2026-01-24,Coupe QC D1 Bloc #2,CEC,/api/v1/category_rounds/3657/results,Regional / local youth,Juvénile B hommes,Qualifications,1,1,1.0,1.0,1,8.0,0.0,"continuous ordering: reusable athletes, outcome spread, both-board coverage, physical-metric coverage, recency; no inclusion cutoff",human_demand_tags_needed
307,CEC|event:192,CEC|event:192|route:17739,192,3657,4,17739,2026-01-24,Coupe QC D1 Bloc #2,CEC,/api/v1/category_rounds/3657/results,Regional / local youth,Juvénile B hommes,Qualifications,1,1,1.0,1.0,1,8.0,0.0,"continuous ordering: reusable athletes, outcome spread, both-board coverage, physical-metric coverage, recency; no inclusion cutoff",human_demand_tags_needed
308,CEC|event:192,CEC|event:192|route:17740,192,3657,5,17740,2026-01-24,Coupe QC D1 Bloc #2,CEC,/api/v1/category_rounds/3657/results,Regional / local youth,Juvénile B hommes,Qualifications,1,1,1.0,1.0,1,8.0,0.0,"continuous ordering: reusable athletes, outcome spread, both-board coverage, physical-metric coverage, recency; no inclusion cutoff",human_demand_tags_needed
309,CEC|event:192,CEC|event:192|route:17870,192,3683,1,17870,2026-01-24,Coupe QC D1 Bloc #2,CEC,/api/v1/category_rounds/3683/results,Regional / local youth,Juvénile B hommes,Finales,1,1,1.0,1.0,1,8.0,0.0,"continuous ordering: reusable athletes, outcome spread, both-board coverage, physical-metric coverage, recency; no inclusion cutoff",human_demand_tags_needed
310,CEC|event:192,CEC|event:192|route:17871,192,3683,2,17871,2026-01-24,Coupe QC D1 Bloc #2,CEC,/api/v1/category_rounds/3683/results,Regional / local youth,Juvénile B hommes,Finales,1,1,1.0,0.0,1,8.0,0.0,"continuous ordering: reusable athletes, outcome spread, both-board coverage, physical-metric coverage, recency; no inclusion cutoff",human_demand_tags_needed
311,CEC|event:192,CEC|event:192|route:17872,192,3683,3,17872,2026-01-24,Coupe QC D1 Bloc #2,CEC,/api/v1/category_rounds/3683/results,Regional / local youth,Juvénile B hommes,Finales,1,1,1.0,1.0,1,8.0,0.0,"continuous ordering: reusable athletes, outcome spread, both-board coverage, physical-metric coverage, recency; no inclusion cutoff",human_demand_tags_needed
312,CEC|event:192,CEC|event:192|route:17873,192,3683,4,17873,2026-01-24,Coupe QC D1 Bloc #2,CEC,/api/v1/category_rounds/3683/results,Regional / local youth,Juvénile B hommes,Finales,1,1,1.0,1.0,1,8.0,0.0,"continuous ordering: reusable athletes, outcome spread, both-board coverage, physical-metric coverage, recency; no inclusion cutoff",human_demand_tags_needed
313,CEC|event:77,CEC|event:77|route:6409,77,1582,1,6409,2024-06-22,2024 NACS,CEC,/api/v1/category_rounds/1582/results,Continental / cross-border,Women,Qualification,1,1,1.0,0.0,1,8.0,0.0,"continuous ordering: reusable athletes, outcome spread, both-board coverage, physical-metric coverage, recency; no inclusion cutoff",human_demand_tags_needed
314,CEC|event:77,CEC|event:77|route:6410,77,1582,2,6410,2024-06-22,2024 NACS,CEC,/api/v1/category_rounds/1582/results,Continental / cross-border,Women,Qualification,1,1,1.0,1.0,1,8.0,0.0,"continuous ordering: reusable athletes, outcome spread, both-board coverage, physical-metric coverage, recency; no inclusion cutoff",human_demand_tags_needed
315,CEC|event:77,CEC|event:77|route:6411,77,1582,3,6411,2024-06-22,2024 NACS,CEC,/api/v1/category_rounds/1582/results,Continental / cross-border,Women,Qualification,1,1,1.0,1.0,1,8.0,0.0,"continuous ordering: reusable athletes, outcome spread, both-board coverage, physical-metric coverage, recency; no inclusion cutoff",human_demand_tags_needed
316,CEC|event:77,CEC|event:77|route:6412,77,1582,4,6412,2024-06-22,2024 NACS,CEC,/api/v1/category_rounds/1582/results,Continental / cross-border,Women,Qualification,1,1,0.0,0.0,1,8.0,0.0,"continuous ordering: reusable athletes, outcome spread, both-board coverage, physical-metric coverage, recency; no inclusion cutoff",human_demand_tags_needed
317,CEC|event:77,CEC|event:77|route:6413,77,1582,5,6413,2024-06-22,2024 NACS,CEC,/api/v1/category_rounds/1582/results,Continental / cross-border,Women,Qualification,1,1,1.0,1.0,1,8.0,0.0,"continuous ordering: reusable athletes, outcome spread, both-board coverage, physical-metric coverage, recency; no inclusion cutoff",human_demand_tags_needed
318,CEC|event:71,CEC|event:71|route:5502,71,1437,1,5502,2024-04-20,Youth Eastern Regionals 23/24,CEC,/api/v1/category_rounds/1437/results,Regional / local youth,U19 Male,Finals,1,1,1.0,1.0,1,8.0,0.0,"continuous ordering: reusable athletes, outcome spread, both-board coverage, physical-metric coverage, recency; no inclusion cutoff",human_demand_tags_needed
319,CEC|event:71,CEC|event:71|route:5503,71,1437,2,5503,2024-04-20,Youth Eastern Regionals 23/24,CEC,/api/v1/category_rounds/1437/results,Regional / local youth,U19 Male,Finals,1,1,1.0,1.0,1,8.0,0.0,"continuous ordering: reusable athletes, outcome spread, both-board coverage, physical-metric coverage, recency; no inclusion cutoff",human_demand_tags_needed
320,CEC|event:71,CEC|event:71|route:5504,71,1437,3,5504,2024-04-20,Youth Eastern Regionals 23/24,CEC,/api/v1/category_rounds/1437/results,Regional / local youth,U19 Male,Finals,1,1,1.0,0.0,1,8.0,0.0,"continuous ordering: reusable athletes, outcome spread, both-board coverage, physical-metric coverage, recency; no inclusion cutoff",human_demand_tags_needed
321,CEC|event:71,CEC|event:71|route:5505,71,1437,4,5505,2024-04-20,Youth Eastern Regionals 23/24,CEC,/api/v1/category_rounds/1437/results,Regional / local youth,U19 Male,Finals,1,1,1.0,1.0,1,8.0,0.0,"continuous ordering: reusable athletes, outcome spread, both-board coverage, physical-metric coverage, recency; no inclusion cutoff",human_demand_tags_needed
322,CEC|event:71,CEC|event:71|route:5538,71,1429,1,5538,2024-04-20,Youth Eastern Regionals 23/24,CEC,/api/v1/category_rounds/1429/results,Regional / local youth,U19 Male,Qualification,1,1,1.0,1.0,1,8.0,0.0,"continuous ordering: reusable athletes, outcome spread, both-board coverage, physical-metric coverage, recency; no inclusion cutoff",human_demand_tags_needed
323,CEC|event:71,CEC|event:71|route:5539,71,1429,2,5539,2024-04-20,Youth Eastern Regionals 23/24,CEC,/api/v1/category_rounds/1429/results,Regional / local youth,U19 Male,Qualification,1,1,1.0,1.0,1,8.0,0.0,"continuous ordering: reusable athletes, outcome spread, both-board coverage, physical-metric coverage, recency; no inclusion cutoff",human_demand_tags_needed
324,CEC|event:71,CEC|event:71|route:5540,71,1429,3,5540,2024-04-20,Youth Eastern Regionals 23/24,CEC,/api/v1/category_rounds/1429/results,Regional / local youth,U19 Male,Qualification,1,1,1.0,1.0,1,8.0,0.0,"continuous ordering: reusable athletes, outcome spread, both-board coverage, physical-metric coverage, recency; no inclusion cutoff",human_demand_tags_needed
325,CEC|event:71,CEC|event:71|route:5541,71,1429,4,5541,2024-04-20,Youth Eastern Regionals 23/24,CEC,/api/v1/category_rounds/1429/results,Regional / local youth,U19 Male,Qualification,1,1,1.0,1.0,1,8.0,0.0,"continuous ordering: reusable athletes, outcome spread, both-board coverage, physical-metric coverage, recency; no inclusion cutoff",human_demand_tags_needed
326,CEC|event:71,CEC|event:71|route:5542,71,1429,5,5542,2024-04-20,Youth Eastern Regionals 23/24,CEC,/api/v1/category_rounds/1429/results,Regional / local youth,U19 Male,Qualification,1,1,1.0,1.0,1,8.0,0.0,"continuous ordering: reusable athletes, outcome spread, both-board coverage, physical-metric coverage, recency; no inclusion cutoff",human_demand_tags_needed
327,CEC|event:71,CEC|event:71|route:5543,71,1429,6,5543,2024-04-20,Youth Eastern Regionals 23/24,CEC,/api/v1/category_rounds/1429/results,Regional / local youth,U19 Male,Qualification,1,1,1.0,1.0,1,8.0,0.0,"continuous ordering: reusable athletes, outcome spread, both-board coverage, physical-metric coverage, recency; no inclusion cutoff",human_demand_tags_needed
328,CEC|event:182,CEC|event:182|route:16448,182,3468,1,16448,2026-01-10,SCBC Open Boulder Provincials,CEC,/api/v1/category_rounds/3468/results,Regional / local,Open Male,Qualification,1,1,1.0,1.0,1,7.0,0.0,"continuous ordering: reusable athletes, outcome spread, both-board coverage, physical-metric coverage, recency; no inclusion cutoff",human_demand_tags_needed
329,CEC|event:182,CEC|event:182|route:16449,182,3468,2,16449,2026-01-10,SCBC Open Boulder Provincials,CEC,/api/v1/category_rounds/3468/results,Regional / local,Open Male,Qualification,1,1,1.0,0.0,1,7.0,0.0,"continuous ordering: reusable athletes, outcome spread, both-board coverage, physical-metric coverage, recency; no inclusion cutoff",human_demand_tags_needed
330,CEC|event:182,CEC|event:182|route:16450,182,3468,3,16450,2026-01-10,SCBC Open Boulder Provincials,CEC,/api/v1/category_rounds/3468/results,Regional / local,Open Male,Qualification,1,1,1.0,1.0,1,7.0,0.0,"continuous ordering: reusable athletes, outcome spread, both-board coverage, physical-metric coverage, recency; no inclusion cutoff",human_demand_tags_needed
331,CEC|event:182,CEC|event:182|route:16451,182,3468,4,16451,2026-01-10,SCBC Open Boulder Provincials,CEC,/api/v1/category_rounds/3468/results,Regional / local,Open Male,Qualification,1,1,1.0,1.0,1,7.0,0.0,"continuous ordering: reusable athletes, outcome spread, both-board coverage, physical-metric coverage, recency; no inclusion cutoff",human_demand_tags_needed
332,CEC|event:182,CEC|event:182|route:16452,182,3468,5,16452,2026-01-10,SCBC Open Boulder Provincials,CEC,/api/v1/category_rounds/3468/results,Regional / local,Open Male,Qualification,1,1,1.0,1.0,1,7.0,0.0,"continuous ordering: reusable athletes, outcome spread, both-board coverage, physical-metric coverage, recency; no inclusion cutoff",human_demand_tags_needed
333,CEC|event:182,CEC|event:182|route:16453,182,3468,6,16453,2026-01-10,SCBC Open Boulder Provincials,CEC,/api/v1/category_rounds/3468/results,Regional / local,Open Male,Qualification,1,1,1.0,1.0,1,7.0,0.0,"continuous ordering: reusable athletes, outcome spread, both-board coverage, physical-metric coverage, recency; no inclusion cutoff",human_demand_tags_needed
334,CEC|event:182,CEC|event:182|route:16484,182,3488,1,16484,2026-01-10,SCBC Open Boulder Provincials,CEC,/api/v1/category_rounds/3488/results,Regional / local,Open Male,Finals,1,1,1.0,1.0,1,7.0,0.0,"continuous ordering: reusable athletes, outcome spread, both-board coverage, physical-metric coverage, recency; no inclusion cutoff",human_demand_tags_needed
335,CEC|event:182,CEC|event:182|route:16485,182,3488,2,16485,2026-01-10,SCBC Open Boulder Provincials,CEC,/api/v1/category_rounds/3488/results,Regional / local,Open Male,Finals,1,1,1.0,0.0,1,7.0,0.0,"continuous ordering: reusable athletes, outcome spread, both-board coverage, physical-metric coverage, recency; no inclusion cutoff",human_demand_tags_needed
336,CEC|event:182,CEC|event:182|route:16486,182,3488,3,16486,2026-01-10,SCBC Open Boulder Provincials,CEC,/api/v1/category_rounds/3488/results,Regional / local,Open Male,Finals,1,1,1.0,0.0,1,7.0,0.0,"continuous ordering: reusable athletes, outcome spread, both-board coverage, physical-metric coverage, recency; no inclusion cutoff",human_demand_tags_needed
337,CEC|event:182,CEC|event:182|route:16487,182,3488,4,16487,2026-01-10,SCBC Open Boulder Provincials,CEC,/api/v1/category_rounds/3488/results,Regional / local,Open Male,Finals,1,1,1.0,1.0,1,7.0,0.0,"continuous ordering: reusable athletes, outcome spread, both-board coverage, physical-metric coverage, recency; no inclusion cutoff",human_demand_tags_needed
338,CEC|event:165,CEC|event:165|route:14474,165,3107,1,14474,2025-12-06,SCBC Boulder Local - Bonfire,CEC,/api/v1/category_rounds/3107/results,Regional / local,Open Male,Qualification,1,1,1.0,1.0,1,7.0,0.0,"continuous ordering: reusable athletes, outcome spread, both-board coverage, physical-metric coverage, recency; no inclusion cutoff",human_demand_tags_needed
339,CEC|event:165,CEC|event:165|route:14475,165,3107,2,14475,2025-12-06,SCBC Boulder Local - Bonfire,CEC,/api/v1/category_rounds/3107/results,Regional / local,Open Male,Qualification,1,1,1.0,0.0,1,7.0,0.0,"continuous ordering: reusable athletes, outcome spread, both-board coverage, physical-metric coverage, recency; no inclusion cutoff",human_demand_tags_needed
340,CEC|event:165,CEC|event:165|route:14476,165,3107,3,14476,2025-12-06,SCBC Boulder Local - Bonfire,CEC,/api/v1/category_rounds/3107/results,Regional / local,Open Male,Qualification,1,1,0.0,0.0,1,7.0,0.0,"continuous ordering: reusable athletes, outcome spread, both-board coverage, physical-metric coverage, recency; no inclusion cutoff",human_demand_tags_needed
341,CEC|event:165,CEC|event:165|route:14477,165,3107,4,14477,2025-12-06,SCBC Boulder Local - Bonfire,CEC,/api/v1/category_rounds/3107/results,Regional / local,Open Male,Qualification,1,1,1.0,1.0,1,7.0,0.0,"continuous ordering: reusable athletes, outcome spread, both-board coverage, physical-metric coverage, recency; no inclusion cutoff",human_demand_tags_needed
342,CEC|event:165,CEC|event:165|route:14478,165,3107,5,14478,2025-12-06,SCBC Boulder Local - Bonfire,CEC,/api/v1/category_rounds/3107/results,Regional / local,Open Male,Qualification,1,1,1.0,1.0,1,7.0,0.0,"continuous ordering: reusable athletes, outcome spread, both-board coverage, physical-metric coverage, recency; no inclusion cutoff",human_demand_tags_needed
343,CEC|event:165,CEC|event:165|route:15306,165,3107,6,15306,2025-12-06,SCBC Boulder Local - Bonfire,CEC,/api/v1/category_rounds/3107/results,Regional / local,Open Male,Qualification,1,1,1.0,1.0,1,7.0,0.0,"continuous ordering: reusable athletes, outcome spread, both-board coverage, physical-metric coverage, recency; no inclusion cutoff",human_demand_tags_needed
344,CEC|event:165,CEC|event:165|route:15307,165,3107,7,15307,2025-12-06,SCBC Boulder Local - Bonfire,CEC,/api/v1/category_rounds/3107/results,Regional / local,Open Male,Qualification,1,1,1.0,1.0,1,7.0,0.0,"continuous ordering: reusable athletes, outcome spread, both-board coverage, physical-metric coverage, recency; no inclusion cutoff",human_demand_tags_needed
345,CEC|event:165,CEC|event:165|route:15308,165,3107,8,15308,2025-12-06,SCBC Boulder Local - Bonfire,CEC,/api/v1/category_rounds/3107/results,Regional / local,Open Male,Qualification,1,1,0.0,0.0,1,7.0,0.0,"continuous ordering: reusable athletes, outcome spread, both-board coverage, physical-metric coverage, recency; no inclusion cutoff",human_demand_tags_needed
346,CEC|event:165,CEC|event:165|route:15584,165,3112,1,15584,2025-12-06,SCBC Boulder Local - Bonfire,CEC,/api/v1/category_rounds/3112/results,Regional / local youth,Youth A Male,Qualification,1,1,1.0,1.0,1,7.0,0.0,"continuous ordering: reusable athletes, outcome spread, both-board coverage, physical-metric coverage, recency; no inclusion cutoff",human_demand_tags_needed
347,CEC|event:165,CEC|event:165|route:15585,165,3112,2,15585,2025-12-06,SCBC Boulder Local - Bonfire,CEC,/api/v1/category_rounds/3112/results,Regional / local youth,Youth A Male,Qualification,1,1,1.0,0.0,1,7.0,0.0,"continuous ordering: reusable athletes, outcome spread, both-board coverage, physical-metric coverage, recency; no inclusion cutoff",human_demand_tags_needed
348,CEC|event:165,CEC|event:165|route:15586,165,3112,3,15586,2025-12-06,SCBC Boulder Local - Bonfire,CEC,/api/v1/category_rounds/3112/results,Regional / local youth,Youth A Male,Qualification,1,1,0.0,0.0,1,7.0,0.0,"continuous ordering: reusable athletes, outcome spread, both-board coverage, physical-metric coverage, recency; no inclusion cutoff",human_demand_tags_needed
349,CEC|event:165,CEC|event:165|route:15587,165,3112,4,15587,2025-12-06,SCBC Boulder Local - Bonfire,CEC,/api/v1/category_rounds/3112/results,Regional / local youth,Youth A Male,Qualification,1,1,1.0,1.0,1,7.0,0.0,"continuous ordering: reusable athletes, outcome spread, both-board coverage, physical-metric coverage, recency; no inclusion cutoff",human_demand_tags_needed
350,CEC|event:165,CEC|event:165|route:15588,165,3112,5,15588,2025-12-06,SCBC Boulder Local - Bonfire,CEC,/api/v1/category_rounds/3112/results,Regional / local youth,Youth A Male,Qualification,1,1,1.0,1.0,1,7.0,0.0,"continuous ordering: reusable athletes, outcome spread, both-board coverage, physical-metric coverage, recency; no inclusion cutoff",human_demand_tags_needed
351,CEC|event:165,CEC|event:165|route:15589,165,3112,6,15589,2025-12-06,SCBC Boulder Local - Bonfire,CEC,/api/v1/category_rounds/3112/results,Regional / local youth,Youth A Male,Qualification,1,1,1.0,1.0,1,7.0,0.0,"continuous ordering: reusable athletes, outcome spread, both-board coverage, physical-metric coverage, recency; no inclusion cutoff",human_demand_tags_needed
352,CEC|event:165,CEC|event:165|route:15590,165,3112,7,15590,2025-12-06,SCBC Boulder Local - Bonfire,CEC,/api/v1/category_rounds/3112/results,Regional / local youth,Youth A Male,Qualification,1,1,1.0,1.0,1,7.0,0.0,"continuous ordering: reusable athletes, outcome spread, both-board coverage, physical-metric coverage, recency; no inclusion cutoff",human_demand_tags_needed
353,CEC|event:165,CEC|event:165|route:15591,165,3112,8,15591,2025-12-06,SCBC Boulder Local - Bonfire,CEC,/api/v1/category_rounds/3112/results,Regional / local youth,Youth A Male,Qualification,1,1,0.0,0.0,1,7.0,0.0,"continuous ordering: reusable athletes, outcome spread, both-board coverage, physical-metric coverage, recency; no inclusion cutoff",human_demand_tags_needed
354,CEC|event:153,CEC|event:153|route:13980,153,2847,1,13980,2025-11-08,D1 Bloc #1 Délire Ste-Foy,CEC,/api/v1/category_rounds/2847/results,Regional / local youth,Juvénile B hommes,Qualifications,1,1,1.0,0.0,1,7.0,0.0,"continuous ordering: reusable athletes, outcome spread, both-board coverage, physical-metric coverage, recency; no inclusion cutoff",human_demand_tags_needed
355,CEC|event:153,CEC|event:153|route:13981,153,2847,2,13981,2025-11-08,D1 Bloc #1 Délire Ste-Foy,CEC,/api/v1/category_rounds/2847/results,Regional / local youth,Juvénile B hommes,Qualifications,1,1,1.0,1.0,1,7.0,0.0,"continuous ordering: reusable athletes, outcome spread, both-board coverage, physical-metric coverage, recency; no inclusion cutoff",human_demand_tags_needed
356,CEC|event:153,CEC|event:153|route:13982,153,2847,3,13982,2025-11-08,D1 Bloc #1 Délire Ste-Foy,CEC,/api/v1/category_rounds/2847/results,Regional / local youth,Juvénile B hommes,Qualifications,1,1,1.0,0.0,1,7.0,0.0,"continuous ordering: reusable athletes, outcome spread, both-board coverage, physical-metric coverage, recency; no inclusion cutoff",human_demand_tags_needed
357,CEC|event:153,CEC|event:153|route:13983,153,2847,4,13983,2025-11-08,D1 Bloc #1 Délire Ste-Foy,CEC,/api/v1/category_rounds/2847/results,Regional / local youth,Juvénile B hommes,Qualifications,1,1,1.0,0.0,1,7.0,0.0,"continuous ordering: reusable athletes, outcome spread, both-board coverage, physical-metric coverage, recency; no inclusion cutoff",human_demand_tags_needed
358,CEC|event:153,CEC|event:153|route:13984,153,2847,5,13984,2025-11-08,D1 Bloc #1 Délire Ste-Foy,CEC,/api/v1/category_rounds/2847/results,Regional / local youth,Juvénile B hommes,Qualifications,1,1,1.0,1.0,1,7.0,0.0,"continuous ordering: reusable athletes, outcome spread, both-board coverage, physical-metric coverage, recency; no inclusion cutoff",human_demand_tags_needed
359,CEC|event:153,CEC|event:153|route:14008,153,2863,1,14008,2025-11-08,D1 Bloc #1 Délire Ste-Foy,CEC,/api/v1/category_rounds/2863/results,Regional / local youth,Juvénile B hommes,Finales,1,1,1.0,0.0,1,7.0,0.0,"continuous ordering: reusable athletes, outcome spread, both-board coverage, physical-metric coverage, recency; no inclusion cutoff",human_demand_tags_needed
360,CEC|event:153,CEC|event:153|route:14009,153,2863,2,14009,2025-11-08,D1 Bloc #1 Délire Ste-Foy,CEC,/api/v1/category_rounds/2863/results,Regional / local youth,Juvénile B hommes,Finales,1,1,1.0,1.0,1,7.0,0.0,"continuous ordering: reusable athletes, outcome spread, both-board coverage, physical-metric coverage, recency; no inclusion cutoff",human_demand_tags_needed
361,CEC|event:153,CEC|event:153|route:14010,153,2863,3,14010,2025-11-08,D1 Bloc #1 Délire Ste-Foy,CEC,/api/v1/category_rounds/2863/results,Regional / local youth,Juvénile B hommes,Finales,1,1,1.0,0.0,1,7.0,0.0,"continuous ordering: reusable athletes, outcome spread, both-board coverage, physical-metric coverage, recency; no inclusion cutoff",human_demand_tags_needed
362,CEC|event:153,CEC|event:153|route:14011,153,2863,4,14011,2025-11-08,D1 Bloc #1 Délire Ste-Foy,CEC,/api/v1/category_rounds/2863/results,Regional / local youth,Juvénile B hommes,Finales,1,1,0.0,0.0,1,7.0,0.0,"continuous ordering: reusable athletes, outcome spread, both-board coverage, physical-metric coverage, recency; no inclusion cutoff",human_demand_tags_needed
363,CEC|event:154,CEC|event:154|route:13142,154,2881,1,13142,2025-11-08,November Sessions,CEC,/api/v1/category_rounds/2881/results,Regional / local,Open Male,Qualification,1,1,0.0,0.0,1,7.0,0.0,"continuous ordering: reusable athletes, outcome spread, both-board coverage, physical-metric coverage, recency; no inclusion cutoff",human_demand_tags_needed
364,CEC|event:154,CEC|event:154|route:13143,154,2881,2,13143,2025-11-08,November Sessions,CEC,/api/v1/category_rounds/2881/results,Regional / local,Open Male,Qualification,1,1,1.0,1.0,1,7.0,0.0,"continuous ordering: reusable athletes, outcome spread, both-board coverage, physical-metric coverage, recency; no inclusion cutoff",human_demand_tags_needed
365,CEC|event:154,CEC|event:154|route:13144,154,2881,3,13144,2025-11-08,November Sessions,CEC,/api/v1/category_rounds/2881/results,Regional / local,Open Male,Qualification,1,1,0.0,0.0,1,7.0,0.0,"continuous ordering: reusable athletes, outcome spread, both-board coverage, physical-metric coverage, recency; no inclusion cutoff",human_demand_tags_needed
366,CEC|event:154,CEC|event:154|route:13145,154,2881,4,13145,2025-11-08,November Sessions,CEC,/api/v1/category_rounds/2881/results,Regional / local,Open Male,Qualification,1,1,0.0,0.0,1,7.0,0.0,"continuous ordering: reusable athletes, outcome spread, both-board coverage, physical-metric coverage, recency; no inclusion cutoff",human_demand_tags_needed
367,CEC|event:154,CEC|event:154|route:13146,154,2881,5,13146,2025-11-08,November Sessions,CEC,/api/v1/category_rounds/2881/results,Regional / local,Open Male,Qualification,1,1,1.0,1.0,1,7.0,0.0,"continuous ordering: reusable athletes, outcome spread, both-board coverage, physical-metric coverage, recency; no inclusion cutoff",human_demand_tags_needed
368,CEC|event:154,CEC|event:154|route:13362,154,2881,6,13362,2025-11-08,November Sessions,CEC,/api/v1/category_rounds/2881/results,Regional / local,Open Male,Qualification,1,1,1.0,0.0,1,7.0,0.0,"continuous ordering: reusable athletes, outcome spread, both-board coverage, physical-metric coverage, recency; no inclusion cutoff",human_demand_tags_needed
369,CEC|event:154,CEC|event:154|route:13363,154,2881,7,13363,2025-11-08,November Sessions,CEC,/api/v1/category_rounds/2881/results,Regional / local,Open Male,Qualification,1,1,1.0,1.0,1,7.0,0.0,"continuous ordering: reusable athletes, outcome spread, both-board coverage, physical-metric coverage, recency; no inclusion cutoff",human_demand_tags_needed
370,CEC|event:154,CEC|event:154|route:13364,154,2881,8,13364,2025-11-08,November Sessions,CEC,/api/v1/category_rounds/2881/results,Regional / local,Open Male,Qualification,1,1,1.0,1.0,1,7.0,0.0,"continuous ordering: reusable athletes, outcome spread, both-board coverage, physical-metric coverage, recency; no inclusion cutoff",human_demand_tags_needed
371,CEC|event:154,CEC|event:154|route:15157,154,2886,1,15157,2025-11-08,November Sessions,CEC,/api/v1/category_rounds/2886/results,Regional / local youth,Youth A Male,Qualification,1,1,0.0,0.0,1,7.0,0.0,"continuous ordering: reusable athletes, outcome spread, both-board coverage, physical-metric coverage, recency; no inclusion cutoff",human_demand_tags_needed
372,CEC|event:154,CEC|event:154|route:15158,154,2886,2,15158,2025-11-08,November Sessions,CEC,/api/v1/category_rounds/2886/results,Regional / local youth,Youth A Male,Qualification,1,1,1.0,1.0,1,7.0,0.0,"continuous ordering: reusable athletes, outcome spread, both-board coverage, physical-metric coverage, recency; no inclusion cutoff",human_demand_tags_needed
373,CEC|event:154,CEC|event:154|route:15159,154,2886,3,15159,2025-11-08,November Sessions,CEC,/api/v1/category_rounds/2886/results,Regional / local youth,Youth A Male,Qualification,1,1,0.0,0.0,1,7.0,0.0,"continuous ordering: reusable athletes, outcome spread, both-board coverage, physical-metric coverage, recency; no inclusion cutoff",human_demand_tags_needed
374,CEC|event:154,CEC|event:154|route:15160,154,2886,4,15160,2025-11-08,November Sessions,CEC,/api/v1/category_rounds/2886/results,Regional / local youth,Youth A Male,Qualification,1,1,0.0,0.0,1,7.0,0.0,"continuous ordering: reusable athletes, outcome spread, both-board coverage, physical-metric coverage, recency; no inclusion cutoff",human_demand_tags_needed
375,CEC|event:154,CEC|event:154|route:15161,154,2886,5,15161,2025-11-08,November Sessions,CEC,/api/v1/category_rounds/2886/results,Regional / local youth,Youth A Male,Qualification,1,1,1.0,1.0,1,7.0,0.0,"continuous ordering: reusable athletes, outcome spread, both-board coverage, physical-metric coverage, recency; no inclusion cutoff",human_demand_tags_needed
376,CEC|event:154,CEC|event:154|route:15162,154,2886,6,15162,2025-11-08,November Sessions,CEC,/api/v1/category_rounds/2886/results,Regional / local youth,Youth A Male,Qualification,1,1,1.0,0.0,1,7.0,0.0,"continuous ordering: reusable athletes, outcome spread, both-board coverage, physical-metric coverage, recency; no inclusion cutoff",human_demand_tags_needed
377,CEC|event:154,CEC|event:154|route:15163,154,2886,7,15163,2025-11-08,November Sessions,CEC,/api/v1/category_rounds/2886/results,Regional / local youth,Youth A Male,Qualification,1,1,1.0,1.0,1,7.0,0.0,"continuous ordering: reusable athletes, outcome spread, both-board coverage, physical-metric coverage, recency; no inclusion cutoff",human_demand_tags_needed
378,CEC|event:154,CEC|event:154|route:15164,154,2886,8,15164,2025-11-08,November Sessions,CEC,/api/v1/category_rounds/2886/results,Regional / local youth,Youth A Male,Qualification,1,1,1.0,1.0,1,7.0,0.0,"continuous ordering: reusable athletes, outcome spread, both-board coverage, physical-metric coverage, recency; no inclusion cutoff",human_demand_tags_needed
379,IFSC|event:1412,IFSC|event:1412|route:15862,1412,9400,1,15862,2025-06-25,IFSC World Cup Innsbruck 2025,IFSC,/api/v1/category_rounds/9400/results,World series,Women,Qualification,1,1,1.0,0.0,1,7.0,0.0,"continuous ordering: reusable athletes, outcome spread, both-board coverage, physical-metric coverage, recency; no inclusion cutoff",human_demand_tags_needed
380,IFSC|event:1412,IFSC|event:1412|route:15863,1412,9400,2,15863,2025-06-25,IFSC World Cup Innsbruck 2025,IFSC,/api/v1/category_rounds/9400/results,World series,Women,Qualification,1,1,1.0,0.0,1,7.0,0.0,"continuous ordering: reusable athletes, outcome spread, both-board coverage, physical-metric coverage, recency; no inclusion cutoff",human_demand_tags_needed
381,IFSC|event:1412,IFSC|event:1412|route:15864,1412,9400,3,15864,2025-06-25,IFSC World Cup Innsbruck 2025,IFSC,/api/v1/category_rounds/9400/results,World series,Women,Qualification,1,1,1.0,0.0,1,7.0,0.0,"continuous ordering: reusable athletes, outcome spread, both-board coverage, physical-metric coverage, recency; no inclusion cutoff",human_demand_tags_needed
382,IFSC|event:1412,IFSC|event:1412|route:15865,1412,9400,4,15865,2025-06-25,IFSC World Cup Innsbruck 2025,IFSC,/api/v1/category_rounds/9400/results,World series,Women,Qualification,1,1,0.0,0.0,1,7.0,0.0,"continuous ordering: reusable athletes, outcome spread, both-board coverage, physical-metric coverage, recency; no inclusion cutoff",human_demand_tags_needed
383,IFSC|event:1412,IFSC|event:1412|route:15866,1412,9400,5,15866,2025-06-25,IFSC World Cup Innsbruck 2025,IFSC,/api/v1/category_rounds/9400/results,World series,Women,Qualification,1,1,1.0,0.0,1,7.0,0.0,"continuous ordering: reusable athletes, outcome spread, both-board coverage, physical-metric coverage, recency; no inclusion cutoff",human_demand_tags_needed
384,IFSC|event:1411,IFSC|event:1411|route:15837,1411,9398,1,15837,2025-06-13,IFSC World Cup Bern 2025,IFSC,/api/v1/category_rounds/9398/results,World series,Women,Qualification,1,1,1.0,0.0,1,7.0,0.0,"continuous ordering: reusable athletes, outcome spread, both-board coverage, physical-metric coverage, recency; no inclusion cutoff",human_demand_tags_needed
385,IFSC|event:1411,IFSC|event:1411|route:15838,1411,9398,2,15838,2025-06-13,IFSC World Cup Bern 2025,IFSC,/api/v1/category_rounds/9398/results,World series,Women,Qualification,1,1,1.0,1.0,1,7.0,0.0,"continuous ordering: reusable athletes, outcome spread, both-board coverage, physical-metric coverage, recency; no inclusion cutoff",human_demand_tags_needed
386,IFSC|event:1411,IFSC|event:1411|route:15839,1411,9398,3,15839,2025-06-13,IFSC World Cup Bern 2025,IFSC,/api/v1/category_rounds/9398/results,World series,Women,Qualification,1,1,1.0,1.0,1,7.0,0.0,"continuous ordering: reusable athletes, outcome spread, both-board coverage, physical-metric coverage, recency; no inclusion cutoff",human_demand_tags_needed
387,IFSC|event:1411,IFSC|event:1411|route:15840,1411,9398,4,15840,2025-06-13,IFSC World Cup Bern 2025,IFSC,/api/v1/category_rounds/9398/results,World series,Women,Qualification,1,1,0.0,0.0,1,7.0,0.0,"continuous ordering: reusable athletes, outcome spread, both-board coverage, physical-metric coverage, recency; no inclusion cutoff",human_demand_tags_needed
388,IFSC|event:1411,IFSC|event:1411|route:15841,1411,9398,5,15841,2025-06-13,IFSC World Cup Bern 2025,IFSC,/api/v1/category_rounds/9398/results,World series,Women,Qualification,1,1,1.0,0.0,1,7.0,0.0,"continuous ordering: reusable athletes, outcome spread, both-board coverage, physical-metric coverage, recency; no inclusion cutoff",human_demand_tags_needed
389,IFSC|event:1410,IFSC|event:1410|route:15822,1410,9396,1,15822,2025-06-06,IFSC World Cup Prague 2025,IFSC,/api/v1/category_rounds/9396/results,World series,Women,Qualification,1,1,1.0,0.0,1,7.0,0.0,"continuous ordering: reusable athletes, outcome spread, both-board coverage, physical-metric coverage, recency; no inclusion cutoff",human_demand_tags_needed
390,IFSC|event:1410,IFSC|event:1410|route:15823,1410,9396,2,15823,2025-06-06,IFSC World Cup Prague 2025,IFSC,/api/v1/category_rounds/9396/results,World series,Women,Qualification,1,1,1.0,0.0,1,7.0,0.0,"continuous ordering: reusable athletes, outcome spread, both-board coverage, physical-metric coverage, recency; no inclusion cutoff",human_demand_tags_needed
391,IFSC|event:1410,IFSC|event:1410|route:15824,1410,9396,3,15824,2025-06-06,IFSC World Cup Prague 2025,IFSC,/api/v1/category_rounds/9396/results,World series,Women,Qualification,1,1,0.0,0.0,1,7.0,0.0,"continuous ordering: reusable athletes, outcome spread, both-board coverage, physical-metric coverage, recency; no inclusion cutoff",human_demand_tags_needed
392,IFSC|event:1410,IFSC|event:1410|route:15825,1410,9396,4,15825,2025-06-06,IFSC World Cup Prague 2025,IFSC,/api/v1/category_rounds/9396/results,World series,Women,Qualification,1,1,1.0,0.0,1,7.0,0.0,"continuous ordering: reusable athletes, outcome spread, both-board coverage, physical-metric coverage, recency; no inclusion cutoff",human_demand_tags_needed
393,IFSC|event:1410,IFSC|event:1410|route:15826,1410,9396,5,15826,2025-06-06,IFSC World Cup Prague 2025,IFSC,/api/v1/category_rounds/9396/results,World series,Women,Qualification,1,1,1.0,0.0,1,7.0,0.0,"continuous ordering: reusable athletes, outcome spread, both-board coverage, physical-metric coverage, recency; no inclusion cutoff",human_demand_tags_needed
394,CEC|event:123,CEC|event:123|route:9711,123,2302,1,9711,2025-05-15,2024-2025 Youth Boulder National Championships (Boulder & Lead),CEC,/api/v1/category_rounds/2302/results,National championship youth,U19 Female,Qualification,1,1,1.0,1.0,1,7.0,0.0,"continuous ordering: reusable athletes, outcome spread, both-board coverage, physical-metric coverage, recency; no inclusion cutoff",human_demand_tags_needed
395,CEC|event:123,CEC|event:123|route:9712,123,2302,2,9712,2025-05-15,2024-2025 Youth Boulder National Championships (Boulder & Lead),CEC,/api/v1/category_rounds/2302/results,National championship youth,U19 Female,Qualification,1,1,1.0,1.0,1,7.0,0.0,"continuous ordering: reusable athletes, outcome spread, both-board coverage, physical-metric coverage, recency; no inclusion cutoff",human_demand_tags_needed
396,CEC|event:123,CEC|event:123|route:9713,123,2302,3,9713,2025-05-15,2024-2025 Youth Boulder National Championships (Boulder & Lead),CEC,/api/v1/category_rounds/2302/results,National championship youth,U19 Female,Qualification,1,1,1.0,0.0,1,7.0,0.0,"continuous ordering: reusable athletes, outcome spread, both-board coverage, physical-metric coverage, recency; no inclusion cutoff",human_demand_tags_needed
397,CEC|event:123,CEC|event:123|route:9714,123,2302,4,9714,2025-05-15,2024-2025 Youth Boulder National Championships (Boulder & Lead),CEC,/api/v1/category_rounds/2302/results,National championship youth,U19 Female,Qualification,1,1,1.0,1.0,1,7.0,0.0,"continuous ordering: reusable athletes, outcome spread, both-board coverage, physical-metric coverage, recency; no inclusion cutoff",human_demand_tags_needed
398,CEC|event:123,CEC|event:123|route:9715,123,2302,5,9715,2025-05-15,2024-2025 Youth Boulder National Championships (Boulder & Lead),CEC,/api/v1/category_rounds/2302/results,National championship youth,U19 Female,Qualification,1,1,0.0,0.0,1,7.0,0.0,"continuous ordering: reusable athletes, outcome spread, both-board coverage, physical-metric coverage, recency; no inclusion cutoff",human_demand_tags_needed
399,CEC|event:123,CEC|event:123|route:9716,123,2302,6,9716,2025-05-15,2024-2025 Youth Boulder National Championships (Boulder & Lead),CEC,/api/v1/category_rounds/2302/results,National championship youth,U19 Female,Qualification,1,1,1.0,1.0,1,7.0,0.0,"continuous ordering: reusable athletes, outcome spread, both-board coverage, physical-metric coverage, recency; no inclusion cutoff",human_demand_tags_needed
400,CEC|event:123,CEC|event:123|route:9741,123,2329,1,9741,2025-05-15,2024-2025 Youth Boulder National Championships (Boulder & Lead),CEC,/api/v1/category_rounds/2329/results,National championship youth,U19 Female,Semi-Finals,1,1,1.0,1.0,1,7.0,0.0,"continuous ordering: reusable athletes, outcome spread, both-board coverage, physical-metric coverage, recency; no inclusion cutoff",human_demand_tags_needed
401,CEC|event:123,CEC|event:123|route:9742,123,2329,2,9742,2025-05-15,2024-2025 Youth Boulder National Championships (Boulder & Lead),CEC,/api/v1/category_rounds/2329/results,National championship youth,U19 Female,Semi-Finals,1,1,1.0,0.0,1,7.0,0.0,"continuous ordering: reusable athletes, outcome spread, both-board coverage, physical-metric coverage, recency; no inclusion cutoff",human_demand_tags_needed
402,CEC|event:123,CEC|event:123|route:9743,123,2329,3,9743,2025-05-15,2024-2025 Youth Boulder National Championships (Boulder & Lead),CEC,/api/v1/category_rounds/2329/results,National championship youth,U19 Female,Semi-Finals,1,1,1.0,0.0,1,7.0,0.0,"continuous ordering: reusable athletes, outcome spread, both-board coverage, physical-metric coverage, recency; no inclusion cutoff",human_demand_tags_needed
403,CEC|event:123,CEC|event:123|route:9744,123,2329,4,9744,2025-05-15,2024-2025 Youth Boulder National Championships (Boulder & Lead),CEC,/api/v1/category_rounds/2329/results,National championship youth,U19 Female,Semi-Finals,1,1,0.0,0.0,1,7.0,0.0,"continuous ordering: reusable athletes, outcome spread, both-board coverage, physical-metric coverage, recency; no inclusion cutoff",human_demand_tags_needed
404,CEC|event:123,CEC|event:123|route:9793,123,2336,1,9793,2025-05-15,2024-2025 Youth Boulder National Championships (Boulder & Lead),CEC,/api/v1/category_rounds/2336/results,National championship youth,U17 Male,Finals,1,1,1.0,1.0,1,7.0,0.0,"continuous ordering: reusable athletes, outcome spread, both-board coverage, physical-metric coverage, recency; no inclusion cutoff",human_demand_tags_needed
405,CEC|event:123,CEC|event:123|route:9794,123,2336,2,9794,2025-05-15,2024-2025 Youth Boulder National Championships (Boulder & Lead),CEC,/api/v1/category_rounds/2336/results,National championship youth,U17 Male,Finals,1,1,1.0,0.0,1,7.0,0.0,"continuous ordering: reusable athletes, outcome spread, both-board coverage, physical-metric coverage, recency; no inclusion cutoff",human_demand_tags_needed
406,CEC|event:123,CEC|event:123|route:9795,123,2336,3,9795,2025-05-15,2024-2025 Youth Boulder National Championships (Boulder & Lead),CEC,/api/v1/category_rounds/2336/results,National championship youth,U17 Male,Finals,1,1,0.0,0.0,1,7.0,0.0,"continuous ordering: reusable athletes, outcome spread, both-board coverage, physical-metric coverage, recency; no inclusion cutoff",human_demand_tags_needed
407,CEC|event:123,CEC|event:123|route:9796,123,2336,4,9796,2025-05-15,2024-2025 Youth Boulder National Championships (Boulder & Lead),CEC,/api/v1/category_rounds/2336/results,National championship youth,U17 Male,Finals,1,1,1.0,1.0,1,7.0,0.0,"continuous ordering: reusable athletes, outcome spread, both-board coverage, physical-metric coverage, recency; no inclusion cutoff",human_demand_tags_needed
408,CEC|event:119,CEC|event:119|route:9145,119,2179,1,9145,2025-04-26,Youth Eastern Regionals 24/25,CEC,/api/v1/category_rounds/2179/results,Regional / local youth,U19 Male,Finals,1,1,1.0,0.0,1,7.0,0.0,"continuous ordering: reusable athletes, outcome spread, both-board coverage, physical-metric coverage, recency; no inclusion cutoff",human_demand_tags_needed
409,CEC|event:119,CEC|event:119|route:9146,119,2179,2,9146,2025-04-26,Youth Eastern Regionals 24/25,CEC,/api/v1/category_rounds/2179/results,Regional / local youth,U19 Male,Finals,1,1,1.0,1.0,1,7.0,0.0,"continuous ordering: reusable athletes, outcome spread, both-board coverage, physical-metric coverage, recency; no inclusion cutoff",human_demand_tags_needed
410,CEC|event:119,CEC|event:119|route:9147,119,2179,3,9147,2025-04-26,Youth Eastern Regionals 24/25,CEC,/api/v1/category_rounds/2179/results,Regional / local youth,U19 Male,Finals,1,1,1.0,0.0,1,7.0,0.0,"continuous ordering: reusable athletes, outcome spread, both-board coverage, physical-metric coverage, recency; no inclusion cutoff",human_demand_tags_needed
411,CEC|event:119,CEC|event:119|route:9148,119,2179,4,9148,2025-04-26,Youth Eastern Regionals 24/25,CEC,/api/v1/category_rounds/2179/results,Regional / local youth,U19 Male,Finals,1,1,1.0,0.0,1,7.0,0.0,"continuous ordering: reusable athletes, outcome spread, both-board coverage, physical-metric coverage, recency; no inclusion cutoff",human_demand_tags_needed
412,CEC|event:119,CEC|event:119|route:9153,119,2181,1,9153,2025-04-26,Youth Eastern Regionals 24/25,CEC,/api/v1/category_rounds/2181/results,Regional / local youth,U17 Male,Finals,1,1,1.0,1.0,1,7.0,0.0,"continuous ordering: reusable athletes, outcome spread, both-board coverage, physical-metric coverage, recency; no inclusion cutoff",human_demand_tags_needed
413,CEC|event:119,CEC|event:119|route:9154,119,2181,2,9154,2025-04-26,Youth Eastern Regionals 24/25,CEC,/api/v1/category_rounds/2181/results,Regional / local youth,U17 Male,Finals,1,1,1.0,0.0,1,7.0,0.0,"continuous ordering: reusable athletes, outcome spread, both-board coverage, physical-metric coverage, recency; no inclusion cutoff",human_demand_tags_needed
414,CEC|event:119,CEC|event:119|route:9155,119,2181,3,9155,2025-04-26,Youth Eastern Regionals 24/25,CEC,/api/v1/category_rounds/2181/results,Regional / local youth,U17 Male,Finals,1,1,1.0,0.0,1,7.0,0.0,"continuous ordering: reusable athletes, outcome spread, both-board coverage, physical-metric coverage, recency; no inclusion cutoff",human_demand_tags_needed
415,CEC|event:119,CEC|event:119|route:9156,119,2181,4,9156,2025-04-26,Youth Eastern Regionals 24/25,CEC,/api/v1/category_rounds/2181/results,Regional / local youth,U17 Male,Finals,1,1,1.0,1.0,1,7.0,0.0,"continuous ordering: reusable athletes, outcome spread, both-board coverage, physical-metric coverage, recency; no inclusion cutoff",human_demand_tags_needed
416,CEC|event:119,CEC|event:119|route:9265,119,2160,1,9265,2025-04-26,Youth Eastern Regionals 24/25,CEC,/api/v1/category_rounds/2160/results,Regional / local youth,U19 Male,Qualification,1,1,1.0,1.0,1,7.0,0.0,"continuous ordering: reusable athletes, outcome spread, both-board coverage, physical-metric coverage, recency; no inclusion cutoff",human_demand_tags_needed
417,CEC|event:119,CEC|event:119|route:9266,119,2160,2,9266,2025-04-26,Youth Eastern Regionals 24/25,CEC,/api/v1/category_rounds/2160/results,Regional / local youth,U19 Male,Qualification,1,1,1.0,1.0,1,7.0,0.0,"continuous ordering: reusable athletes, outcome spread, both-board coverage, physical-metric coverage, recency; no inclusion cutoff",human_demand_tags_needed
418,CEC|event:119,CEC|event:119|route:9267,119,2160,3,9267,2025-04-26,Youth Eastern Regionals 24/25,CEC,/api/v1/category_rounds/2160/results,Regional / local youth,U19 Male,Qualification,1,1,1.0,1.0,1,7.0,0.0,"continuous ordering: reusable athletes, outcome spread, both-board coverage, physical-metric coverage, recency; no inclusion cutoff",human_demand_tags_needed
419,CEC|event:119,CEC|event:119|route:9268,119,2160,4,9268,2025-04-26,Youth Eastern Regionals 24/25,CEC,/api/v1/category_rounds/2160/results,Regional / local youth,U19 Male,Qualification,1,1,1.0,1.0,1,7.0,0.0,"continuous ordering: reusable athletes, outcome spread, both-board coverage, physical-metric coverage, recency; no inclusion cutoff",human_demand_tags_needed
420,CEC|event:119,CEC|event:119|route:9269,119,2160,5,9269,2025-04-26,Youth Eastern Regionals 24/25,CEC,/api/v1/category_rounds/2160/results,Regional / local youth,U19 Male,Qualification,1,1,1.0,1.0,1,7.0,0.0,"continuous ordering: reusable athletes, outcome spread, both-board coverage, physical-metric coverage, recency; no inclusion cutoff",human_demand_tags_needed
421,CEC|event:119,CEC|event:119|route:9270,119,2160,6,9270,2025-04-26,Youth Eastern Regionals 24/25,CEC,/api/v1/category_rounds/2160/results,Regional / local youth,U19 Male,Qualification,1,1,0.0,0.0,1,7.0,0.0,"continuous ordering: reusable athletes, outcome spread, both-board coverage, physical-metric coverage, recency; no inclusion cutoff",human_demand_tags_needed
422,CEC|event:119,CEC|event:119|route:9277,119,2162,1,9277,2025-04-26,Youth Eastern Regionals 24/25,CEC,/api/v1/category_rounds/2162/results,Regional / local youth,U17 Male,Qualification,1,1,1.0,1.0,1,7.0,0.0,"continuous ordering: reusable athletes, outcome spread, both-board coverage, physical-metric coverage, recency; no inclusion cutoff",human_demand_tags_needed
423,CEC|event:119,CEC|event:119|route:9278,119,2162,2,9278,2025-04-26,Youth Eastern Regionals 24/25,CEC,/api/v1/category_rounds/2162/results,Regional / local youth,U17 Male,Qualification,1,1,1.0,1.0,1,7.0,0.0,"continuous ordering: reusable athletes, outcome spread, both-board coverage, physical-metric coverage, recency; no inclusion cutoff",human_demand_tags_needed
424,CEC|event:119,CEC|event:119|route:9279,119,2162,3,9279,2025-04-26,Youth Eastern Regionals 24/25,CEC,/api/v1/category_rounds/2162/results,Regional / local youth,U17 Male,Qualification,1,1,1.0,1.0,1,7.0,0.0,"continuous ordering: reusable athletes, outcome spread, both-board coverage, physical-metric coverage, recency; no inclusion cutoff",human_demand_tags_needed
425,CEC|event:119,CEC|event:119|route:9280,119,2162,4,9280,2025-04-26,Youth Eastern Regionals 24/25,CEC,/api/v1/category_rounds/2162/results,Regional / local youth,U17 Male,Qualification,1,1,1.0,1.0,1,7.0,0.0,"continuous ordering: reusable athletes, outcome spread, both-board coverage, physical-metric coverage, recency; no inclusion cutoff",human_demand_tags_needed
426,CEC|event:119,CEC|event:119|route:9281,119,2162,5,9281,2025-04-26,Youth Eastern Regionals 24/25,CEC,/api/v1/category_rounds/2162/results,Regional / local youth,U17 Male,Qualification,1,1,1.0,1.0,1,7.0,0.0,"continuous ordering: reusable athletes, outcome spread, both-board coverage, physical-metric coverage, recency; no inclusion cutoff",human_demand_tags_needed
427,CEC|event:119,CEC|event:119|route:9282,119,2162,6,9282,2025-04-26,Youth Eastern Regionals 24/25,CEC,/api/v1/category_rounds/2162/results,Regional / local youth,U17 Male,Qualification,1,1,1.0,1.0,1,7.0,0.0,"continuous ordering: reusable athletes, outcome spread, both-board coverage, physical-metric coverage, recency; no inclusion cutoff",human_demand_tags_needed
428,CEC|event:182,CEC|event:182|route:16478,182,3481,1,16478,2026-01-10,SCBC Open Boulder Provincials,CEC,/api/v1/category_rounds/3481/results,Regional / local,Open Female,Qualification,1,1,1.0,1.0,1,6.0,0.0,"continuous ordering: reusable athletes, outcome spread, both-board coverage, physical-metric coverage, recency; no inclusion cutoff",human_demand_tags_needed
429,CEC|event:182,CEC|event:182|route:16479,182,3481,2,16479,2026-01-10,SCBC Open Boulder Provincials,CEC,/api/v1/category_rounds/3481/results,Regional / local,Open Female,Qualification,1,1,1.0,1.0,1,6.0,0.0,"continuous ordering: reusable athletes, outcome spread, both-board coverage, physical-metric coverage, recency; no inclusion cutoff",human_demand_tags_needed
430,CEC|event:182,CEC|event:182|route:16480,182,3481,3,16480,2026-01-10,SCBC Open Boulder Provincials,CEC,/api/v1/category_rounds/3481/results,Regional / local,Open Female,Qualification,1,1,1.0,1.0,1,6.0,0.0,"continuous ordering: reusable athletes, outcome spread, both-board coverage, physical-metric coverage, recency; no inclusion cutoff",human_demand_tags_needed
431,CEC|event:182,CEC|event:182|route:16481,182,3481,4,16481,2026-01-10,SCBC Open Boulder Provincials,CEC,/api/v1/category_rounds/3481/results,Regional / local,Open Female,Qualification,1,1,1.0,1.0,1,6.0,0.0,"continuous ordering: reusable athletes, outcome spread, both-board coverage, physical-metric coverage, recency; no inclusion cutoff",human_demand_tags_needed
432,CEC|event:182,CEC|event:182|route:16482,182,3481,5,16482,2026-01-10,SCBC Open Boulder Provincials,CEC,/api/v1/category_rounds/3481/results,Regional / local,Open Female,Qualification,1,1,1.0,1.0,1,6.0,0.0,"continuous ordering: reusable athletes, outcome spread, both-board coverage, physical-metric coverage, recency; no inclusion cutoff",human_demand_tags_needed
433,CEC|event:182,CEC|event:182|route:16483,182,3481,6,16483,2026-01-10,SCBC Open Boulder Provincials,CEC,/api/v1/category_rounds/3481/results,Regional / local,Open Female,Qualification,1,1,1.0,0.0,1,6.0,0.0,"continuous ordering: reusable athletes, outcome spread, both-board coverage, physical-metric coverage, recency; no inclusion cutoff",human_demand_tags_needed
434,CEC|event:182,CEC|event:182|route:16504,182,3493,1,16504,2026-01-10,SCBC Open Boulder Provincials,CEC,/api/v1/category_rounds/3493/results,Regional / local,Open Female,Finals,1,1,1.0,0.0,1,6.0,0.0,"continuous ordering: reusable athletes, outcome spread, both-board coverage, physical-metric coverage, recency; no inclusion cutoff",human_demand_tags_needed
435,CEC|event:182,CEC|event:182|route:16505,182,3493,2,16505,2026-01-10,SCBC Open Boulder Provincials,CEC,/api/v1/category_rounds/3493/results,Regional / local,Open Female,Finals,1,1,1.0,0.0,1,6.0,0.0,"continuous ordering: reusable athletes, outcome spread, both-board coverage, physical-metric coverage, recency; no inclusion cutoff",human_demand_tags_needed
436,CEC|event:182,CEC|event:182|route:16506,182,3493,3,16506,2026-01-10,SCBC Open Boulder Provincials,CEC,/api/v1/category_rounds/3493/results,Regional / local,Open Female,Finals,1,1,0.0,0.0,1,6.0,0.0,"continuous ordering: reusable athletes, outcome spread, both-board coverage, physical-metric coverage, recency; no inclusion cutoff",human_demand_tags_needed
437,CEC|event:182,CEC|event:182|route:16507,182,3493,4,16507,2026-01-10,SCBC Open Boulder Provincials,CEC,/api/v1/category_rounds/3493/results,Regional / local,Open Female,Finals,1,1,1.0,1.0,1,6.0,0.0,"continuous ordering: reusable athletes, outcome spread, both-board coverage, physical-metric coverage, recency; no inclusion cutoff",human_demand_tags_needed
438,CEC|event:165,CEC|event:165|route:14539,165,3120,1,14539,2025-12-06,SCBC Boulder Local - Bonfire,CEC,/api/v1/category_rounds/3120/results,Regional / local,Open Female,Qualification,1,1,1.0,1.0,1,6.0,0.0,"continuous ordering: reusable athletes, outcome spread, both-board coverage, physical-metric coverage, recency; no inclusion cutoff",human_demand_tags_needed
439,CEC|event:165,CEC|event:165|route:14540,165,3120,2,14540,2025-12-06,SCBC Boulder Local - Bonfire,CEC,/api/v1/category_rounds/3120/results,Regional / local,Open Female,Qualification,1,1,1.0,1.0,1,6.0,0.0,"continuous ordering: reusable athletes, outcome spread, both-board coverage, physical-metric coverage, recency; no inclusion cutoff",human_demand_tags_needed
440,CEC|event:165,CEC|event:165|route:14541,165,3120,3,14541,2025-12-06,SCBC Boulder Local - Bonfire,CEC,/api/v1/category_rounds/3120/results,Regional / local,Open Female,Qualification,1,1,1.0,1.0,1,6.0,0.0,"continuous ordering: reusable athletes, outcome spread, both-board coverage, physical-metric coverage, recency; no inclusion cutoff",human_demand_tags_needed
441,CEC|event:165,CEC|event:165|route:14542,165,3120,4,14542,2025-12-06,SCBC Boulder Local - Bonfire,CEC,/api/v1/category_rounds/3120/results,Regional / local,Open Female,Qualification,1,1,1.0,1.0,1,6.0,0.0,"continuous ordering: reusable athletes, outcome spread, both-board coverage, physical-metric coverage, recency; no inclusion cutoff",human_demand_tags_needed
442,CEC|event:165,CEC|event:165|route:14543,165,3120,5,14543,2025-12-06,SCBC Boulder Local - Bonfire,CEC,/api/v1/category_rounds/3120/results,Regional / local,Open Female,Qualification,1,1,1.0,1.0,1,6.0,0.0,"continuous ordering: reusable athletes, outcome spread, both-board coverage, physical-metric coverage, recency; no inclusion cutoff",human_demand_tags_needed
443,CEC|event:165,CEC|event:165|route:14670,165,3161,1,14670,2025-12-06,SCBC Boulder Local - Bonfire,CEC,/api/v1/category_rounds/3161/results,Regional / local,Open Female,Finals,1,1,1.0,1.0,1,6.0,0.0,"continuous ordering: reusable athletes, outcome spread, both-board coverage, physical-metric coverage, recency; no inclusion cutoff",human_demand_tags_needed
444,CEC|event:165,CEC|event:165|route:14671,165,3161,2,14671,2025-12-06,SCBC Boulder Local - Bonfire,CEC,/api/v1/category_rounds/3161/results,Regional / local,Open Female,Finals,1,1,1.0,1.0,1,6.0,0.0,"continuous ordering: reusable athletes, outcome spread, both-board coverage, physical-metric coverage, recency; no inclusion cutoff",human_demand_tags_needed
445,CEC|event:165,CEC|event:165|route:14672,165,3161,3,14672,2025-12-06,SCBC Boulder Local - Bonfire,CEC,/api/v1/category_rounds/3161/results,Regional / local,Open Female,Finals,1,1,0.0,0.0,1,6.0,0.0,"continuous ordering: reusable athletes, outcome spread, both-board coverage, physical-metric coverage, recency; no inclusion cutoff",human_demand_tags_needed
446,CEC|event:165,CEC|event:165|route:14673,165,3161,4,14673,2025-12-06,SCBC Boulder Local - Bonfire,CEC,/api/v1/category_rounds/3161/results,Regional / local,Open Female,Finals,1,1,1.0,0.0,1,6.0,0.0,"continuous ordering: reusable athletes, outcome spread, both-board coverage, physical-metric coverage, recency; no inclusion cutoff",human_demand_tags_needed
447,CEC|event:165,CEC|event:165|route:15345,165,3120,6,15345,2025-12-06,SCBC Boulder Local - Bonfire,CEC,/api/v1/category_rounds/3120/results,Regional / local,Open Female,Qualification,1,1,1.0,1.0,1,6.0,0.0,"continuous ordering: reusable athletes, outcome spread, both-board coverage, physical-metric coverage, recency; no inclusion cutoff",human_demand_tags_needed
448,CEC|event:165,CEC|event:165|route:15346,165,3120,7,15346,2025-12-06,SCBC Boulder Local - Bonfire,CEC,/api/v1/category_rounds/3120/results,Regional / local,Open Female,Qualification,1,1,1.0,1.0,1,6.0,0.0,"continuous ordering: reusable athletes, outcome spread, both-board coverage, physical-metric coverage, recency; no inclusion cutoff",human_demand_tags_needed
449,CEC|event:165,CEC|event:165|route:15608,165,3113,1,15608,2025-12-06,SCBC Boulder Local - Bonfire,CEC,/api/v1/category_rounds/3113/results,Regional / local youth,Youth A Female,Qualification,1,1,1.0,1.0,1,6.0,0.0,"continuous ordering: reusable athletes, outcome spread, both-board coverage, physical-metric coverage, recency; no inclusion cutoff",human_demand_tags_needed
450,CEC|event:165,CEC|event:165|route:15609,165,3113,2,15609,2025-12-06,SCBC Boulder Local - Bonfire,CEC,/api/v1/category_rounds/3113/results,Regional / local youth,Youth A Female,Qualification,1,1,1.0,1.0,1,6.0,0.0,"continuous ordering: reusable athletes, outcome spread, both-board coverage, physical-metric coverage, recency; no inclusion cutoff",human_demand_tags_needed
451,CEC|event:165,CEC|event:165|route:15610,165,3113,3,15610,2025-12-06,SCBC Boulder Local - Bonfire,CEC,/api/v1/category_rounds/3113/results,Regional / local youth,Youth A Female,Qualification,1,1,1.0,1.0,1,6.0,0.0,"continuous ordering: reusable athletes, outcome spread, both-board coverage, physical-metric coverage, recency; no inclusion cutoff",human_demand_tags_needed
452,CEC|event:165,CEC|event:165|route:15611,165,3113,4,15611,2025-12-06,SCBC Boulder Local - Bonfire,CEC,/api/v1/category_rounds/3113/results,Regional / local youth,Youth A Female,Qualification,1,1,1.0,1.0,1,6.0,0.0,"continuous ordering: reusable athletes, outcome spread, both-board coverage, physical-metric coverage, recency; no inclusion cutoff",human_demand_tags_needed
453,CEC|event:165,CEC|event:165|route:15612,165,3113,5,15612,2025-12-06,SCBC Boulder Local - Bonfire,CEC,/api/v1/category_rounds/3113/results,Regional / local youth,Youth A Female,Qualification,1,1,1.0,1.0,1,6.0,0.0,"continuous ordering: reusable athletes, outcome spread, both-board coverage, physical-metric coverage, recency; no inclusion cutoff",human_demand_tags_needed
454,CEC|event:165,CEC|event:165|route:15613,165,3113,6,15613,2025-12-06,SCBC Boulder Local - Bonfire,CEC,/api/v1/category_rounds/3113/results,Regional / local youth,Youth A Female,Qualification,1,1,1.0,1.0,1,6.0,0.0,"continuous ordering: reusable athletes, outcome spread, both-board coverage, physical-metric coverage, recency; no inclusion cutoff",human_demand_tags_needed
455,CEC|event:165,CEC|event:165|route:15614,165,3113,7,15614,2025-12-06,SCBC Boulder Local - Bonfire,CEC,/api/v1/category_rounds/3113/results,Regional / local youth,Youth A Female,Qualification,1,1,1.0,1.0,1,6.0,0.0,"continuous ordering: reusable athletes, outcome spread, both-board coverage, physical-metric coverage, recency; no inclusion cutoff",human_demand_tags_needed
456,CEC|event:165,CEC|event:165|route:15615,165,3323,1,15615,2025-12-06,SCBC Boulder Local - Bonfire,CEC,/api/v1/category_rounds/3323/results,Regional / local youth,Youth A Female,Finals,1,1,1.0,1.0,1,6.0,0.0,"continuous ordering: reusable athletes, outcome spread, both-board coverage, physical-metric coverage, recency; no inclusion cutoff",human_demand_tags_needed
457,CEC|event:165,CEC|event:165|route:15616,165,3323,2,15616,2025-12-06,SCBC Boulder Local - Bonfire,CEC,/api/v1/category_rounds/3323/results,Regional / local youth,Youth A Female,Finals,1,1,1.0,1.0,1,6.0,0.0,"continuous ordering: reusable athletes, outcome spread, both-board coverage, physical-metric coverage, recency; no inclusion cutoff",human_demand_tags_needed
458,CEC|event:165,CEC|event:165|route:15617,165,3323,3,15617,2025-12-06,SCBC Boulder Local - Bonfire,CEC,/api/v1/category_rounds/3323/results,Regional / local youth,Youth A Female,Finals,1,1,0.0,0.0,1,6.0,0.0,"continuous ordering: reusable athletes, outcome spread, both-board coverage, physical-metric coverage, recency; no inclusion cutoff",human_demand_tags_needed
459,CEC|event:165,CEC|event:165|route:15618,165,3323,4,15618,2025-12-06,SCBC Boulder Local - Bonfire,CEC,/api/v1/category_rounds/3323/results,Regional / local youth,Youth A Female,Finals,1,1,1.0,0.0,1,6.0,0.0,"continuous ordering: reusable athletes, outcome spread, both-board coverage, physical-metric coverage, recency; no inclusion cutoff",human_demand_tags_needed
460,CEC|event:154,CEC|event:154|route:13207,154,2894,1,13207,2025-11-08,November Sessions,CEC,/api/v1/category_rounds/2894/results,Regional / local,Open Female,Qualification,1,1,0.0,0.0,1,6.0,0.0,"continuous ordering: reusable athletes, outcome spread, both-board coverage, physical-metric coverage, recency; no inclusion cutoff",human_demand_tags_needed
461,CEC|event:154,CEC|event:154|route:13208,154,2894,2,13208,2025-11-08,November Sessions,CEC,/api/v1/category_rounds/2894/results,Regional / local,Open Female,Qualification,1,1,1.0,0.0,1,6.0,0.0,"continuous ordering: reusable athletes, outcome spread, both-board coverage, physical-metric coverage, recency; no inclusion cutoff",human_demand_tags_needed
462,CEC|event:154,CEC|event:154|route:13209,154,2894,3,13209,2025-11-08,November Sessions,CEC,/api/v1/category_rounds/2894/results,Regional / local,Open Female,Qualification,1,1,0.0,0.0,1,6.0,0.0,"continuous ordering: reusable athletes, outcome spread, both-board coverage, physical-metric coverage, recency; no inclusion cutoff",human_demand_tags_needed
463,CEC|event:154,CEC|event:154|route:13210,154,2894,4,13210,2025-11-08,November Sessions,CEC,/api/v1/category_rounds/2894/results,Regional / local,Open Female,Qualification,1,1,1.0,1.0,1,6.0,0.0,"continuous ordering: reusable athletes, outcome spread, both-board coverage, physical-metric coverage, recency; no inclusion cutoff",human_demand_tags_needed
464,CEC|event:154,CEC|event:154|route:13211,154,2894,5,13211,2025-11-08,November Sessions,CEC,/api/v1/category_rounds/2894/results,Regional / local,Open Female,Qualification,1,1,1.0,0.0,1,6.0,0.0,"continuous ordering: reusable athletes, outcome spread, both-board coverage, physical-metric coverage, recency; no inclusion cutoff",human_demand_tags_needed
465,CEC|event:154,CEC|event:154|route:13395,154,2894,6,13395,2025-11-08,November Sessions,CEC,/api/v1/category_rounds/2894/results,Regional / local,Open Female,Qualification,1,1,1.0,1.0,1,6.0,0.0,"continuous ordering: reusable athletes, outcome spread, both-board coverage, physical-metric coverage, recency; no inclusion cutoff",human_demand_tags_needed
466,CEC|event:154,CEC|event:154|route:13396,154,2894,7,13396,2025-11-08,November Sessions,CEC,/api/v1/category_rounds/2894/results,Regional / local,Open Female,Qualification,1,1,1.0,1.0,1,6.0,0.0,"continuous ordering: reusable athletes, outcome spread, both-board coverage, physical-metric coverage, recency; no inclusion cutoff",human_demand_tags_needed
467,CEC|event:154,CEC|event:154|route:15180,154,2887,1,15180,2025-11-08,November Sessions,CEC,/api/v1/category_rounds/2887/results,Regional / local youth,Youth A Female,Qualification,1,1,0.0,0.0,1,6.0,0.0,"continuous ordering: reusable athletes, outcome spread, both-board coverage, physical-metric coverage, recency; no inclusion cutoff",human_demand_tags_needed
468,CEC|event:154,CEC|event:154|route:15181,154,2887,2,15181,2025-11-08,November Sessions,CEC,/api/v1/category_rounds/2887/results,Regional / local youth,Youth A Female,Qualification,1,1,1.0,0.0,1,6.0,0.0,"continuous ordering: reusable athletes, outcome spread, both-board coverage, physical-metric coverage, recency; no inclusion cutoff",human_demand_tags_needed
469,CEC|event:154,CEC|event:154|route:15182,154,2887,3,15182,2025-11-08,November Sessions,CEC,/api/v1/category_rounds/2887/results,Regional / local youth,Youth A Female,Qualification,1,1,0.0,0.0,1,6.0,0.0,"continuous ordering: reusable athletes, outcome spread, both-board coverage, physical-metric coverage, recency; no inclusion cutoff",human_demand_tags_needed
470,CEC|event:154,CEC|event:154|route:15183,154,2887,4,15183,2025-11-08,November Sessions,CEC,/api/v1/category_rounds/2887/results,Regional / local youth,Youth A Female,Qualification,1,1,1.0,1.0,1,6.0,0.0,"continuous ordering: reusable athletes, outcome spread, both-board coverage, physical-metric coverage, recency; no inclusion cutoff",human_demand_tags_needed
471,CEC|event:154,CEC|event:154|route:15184,154,2887,5,15184,2025-11-08,November Sessions,CEC,/api/v1/category_rounds/2887/results,Regional / local youth,Youth A Female,Qualification,1,1,1.0,0.0,1,6.0,0.0,"continuous ordering: reusable athletes, outcome spread, both-board coverage, physical-metric coverage, recency; no inclusion cutoff",human_demand_tags_needed
472,CEC|event:154,CEC|event:154|route:15185,154,2887,6,15185,2025-11-08,November Sessions,CEC,/api/v1/category_rounds/2887/results,Regional / local youth,Youth A Female,Qualification,1,1,1.0,1.0,1,6.0,0.0,"continuous ordering: reusable athletes, outcome spread, both-board coverage, physical-metric coverage, recency; no inclusion cutoff",human_demand_tags_needed
473,CEC|event:154,CEC|event:154|route:15186,154,2887,7,15186,2025-11-08,November Sessions,CEC,/api/v1/category_rounds/2887/results,Regional / local youth,Youth A Female,Qualification,1,1,1.0,1.0,1,6.0,0.0,"continuous ordering: reusable athletes, outcome spread, both-board coverage, physical-metric coverage, recency; no inclusion cutoff",human_demand_tags_needed
474,IFSC|event:1418,IFSC|event:1418|route:17177,1418,9838,1,17177,2025-07-28,IFSC Youth World Championships Helsinki 2025,IFSC,/api/v1/category_rounds/9838/results,World major youth,U17 Women,Qualification,1,1,1.0,0.0,1,6.0,0.0,"continuous ordering: reusable athletes, outcome spread, both-board coverage, physical-metric coverage, recency; no inclusion cutoff",human_demand_tags_needed
475,IFSC|event:1418,IFSC|event:1418|route:17178,1418,9838,2,17178,2025-07-28,IFSC Youth World Championships Helsinki 2025,IFSC,/api/v1/category_rounds/9838/results,World major youth,U17 Women,Qualification,1,1,1.0,0.0,1,6.0,0.0,"continuous ordering: reusable athletes, outcome spread, both-board coverage, physical-metric coverage, recency; no inclusion cutoff",human_demand_tags_needed
476,IFSC|event:1418,IFSC|event:1418|route:17179,1418,9838,3,17179,2025-07-28,IFSC Youth World Championships Helsinki 2025,IFSC,/api/v1/category_rounds/9838/results,World major youth,U17 Women,Qualification,1,1,1.0,1.0,1,6.0,0.0,"continuous ordering: reusable athletes, outcome spread, both-board coverage, physical-metric coverage, recency; no inclusion cutoff",human_demand_tags_needed
477,IFSC|event:1418,IFSC|event:1418|route:17180,1418,9838,4,17180,2025-07-28,IFSC Youth World Championships Helsinki 2025,IFSC,/api/v1/category_rounds/9838/results,World major youth,U17 Women,Qualification,1,1,0.0,0.0,1,6.0,0.0,"continuous ordering: reusable athletes, outcome spread, both-board coverage, physical-metric coverage, recency; no inclusion cutoff",human_demand_tags_needed
478,IFSC|event:1418,IFSC|event:1418|route:17181,1418,9838,5,17181,2025-07-28,IFSC Youth World Championships Helsinki 2025,IFSC,/api/v1/category_rounds/9838/results,World major youth,U17 Women,Qualification,1,1,1.0,0.0,1,6.0,0.0,"continuous ordering: reusable athletes, outcome spread, both-board coverage, physical-metric coverage, recency; no inclusion cutoff",human_demand_tags_needed
479,IFSC|event:1418,IFSC|event:1418|route:17182,1418,9838,6,17182,2025-07-28,IFSC Youth World Championships Helsinki 2025,IFSC,/api/v1/category_rounds/9838/results,World major youth,U17 Women,Qualification,1,1,1.0,1.0,1,6.0,0.0,"continuous ordering: reusable athletes, outcome spread, both-board coverage, physical-metric coverage, recency; no inclusion cutoff",human_demand_tags_needed
480,CEC|event:123,CEC|event:123|route:9797,123,2337,1,9797,2025-05-15,2024-2025 Youth Boulder National Championships (Boulder & Lead),CEC,/api/v1/category_rounds/2337/results,National championship youth,U17 Female,Finals,1,1,1.0,1.0,1,6.0,0.0,"continuous ordering: reusable athletes, outcome spread, both-board coverage, physical-metric coverage, recency; no inclusion cutoff",human_demand_tags_needed
481,CEC|event:123,CEC|event:123|route:9798,123,2337,2,9798,2025-05-15,2024-2025 Youth Boulder National Championships (Boulder & Lead),CEC,/api/v1/category_rounds/2337/results,National championship youth,U17 Female,Finals,1,1,1.0,0.0,1,6.0,0.0,"continuous ordering: reusable athletes, outcome spread, both-board coverage, physical-metric coverage, recency; no inclusion cutoff",human_demand_tags_needed
482,CEC|event:123,CEC|event:123|route:9799,123,2337,3,9799,2025-05-15,2024-2025 Youth Boulder National Championships (Boulder & Lead),CEC,/api/v1/category_rounds/2337/results,National championship youth,U17 Female,Finals,1,1,1.0,1.0,1,6.0,0.0,"continuous ordering: reusable athletes, outcome spread, both-board coverage, physical-metric coverage, recency; no inclusion cutoff",human_demand_tags_needed
483,CEC|event:123,CEC|event:123|route:9800,123,2337,4,9800,2025-05-15,2024-2025 Youth Boulder National Championships (Boulder & Lead),CEC,/api/v1/category_rounds/2337/results,National championship youth,U17 Female,Finals,1,1,1.0,0.0,1,6.0,0.0,"continuous ordering: reusable athletes, outcome spread, both-board coverage, physical-metric coverage, recency; no inclusion cutoff",human_demand_tags_needed
484,CEC|event:172,CEC|event:172|route:15439,172,3260,1,15439,2025-12-11,Sélection Provinciale Séniore BLOC,CEC,/api/v1/category_rounds/3260/results,Regional / local,Sénior Femmes,Qualifications,1,1,1.0,1.0,0,7.0,0.0,"continuous ordering: reusable athletes, outcome spread, both-board coverage, physical-metric coverage, recency; no inclusion cutoff",human_demand_tags_needed
485,CEC|event:172,CEC|event:172|route:15440,172,3260,2,15440,2025-12-11,Sélection Provinciale Séniore BLOC,CEC,/api/v1/category_rounds/3260/results,Regional / local,Sénior Femmes,Qualifications,1,1,1.0,1.0,0,7.0,0.0,"continuous ordering: reusable athletes, outcome spread, both-board coverage, physical-metric coverage, recency; no inclusion cutoff",human_demand_tags_needed
486,CEC|event:172,CEC|event:172|route:15441,172,3260,3,15441,2025-12-11,Sélection Provinciale Séniore BLOC,CEC,/api/v1/category_rounds/3260/results,Regional / local,Sénior Femmes,Qualifications,1,1,1.0,1.0,0,7.0,0.0,"continuous ordering: reusable athletes, outcome spread, both-board coverage, physical-metric coverage, recency; no inclusion cutoff",human_demand_tags_needed
487,CEC|event:172,CEC|event:172|route:15442,172,3260,4,15442,2025-12-11,Sélection Provinciale Séniore BLOC,CEC,/api/v1/category_rounds/3260/results,Regional / local,Sénior Femmes,Qualifications,1,1,1.0,1.0,0,7.0,0.0,"continuous ordering: reusable athletes, outcome spread, both-board coverage, physical-metric coverage, recency; no inclusion cutoff",human_demand_tags_needed
488,CEC|event:172,CEC|event:172|route:15443,172,3260,5,15443,2025-12-11,Sélection Provinciale Séniore BLOC,CEC,/api/v1/category_rounds/3260/results,Regional / local,Sénior Femmes,Qualifications,1,1,0.0,0.0,0,7.0,0.0,"continuous ordering: reusable athletes, outcome spread, both-board coverage, physical-metric coverage, recency; no inclusion cutoff",human_demand_tags_needed
489,CEC|event:153,CEC|event:153|route:13960,153,2852,1,13960,2025-11-08,D1 Bloc #1 Délire Ste-Foy,CEC,/api/v1/category_rounds/2852/results,Regional / local youth,Junior femmes,Qualifications,1,1,1.0,1.0,0,6.0,0.0,"continuous ordering: reusable athletes, outcome spread, both-board coverage, physical-metric coverage, recency; no inclusion cutoff",human_demand_tags_needed
490,CEC|event:153,CEC|event:153|route:13961,153,2852,2,13961,2025-11-08,D1 Bloc #1 Délire Ste-Foy,CEC,/api/v1/category_rounds/2852/results,Regional / local youth,Junior femmes,Qualifications,1,1,1.0,1.0,0,6.0,0.0,"continuous ordering: reusable athletes, outcome spread, both-board coverage, physical-metric coverage, recency; no inclusion cutoff",human_demand_tags_needed
491,CEC|event:153,CEC|event:153|route:13962,153,2852,3,13962,2025-11-08,D1 Bloc #1 Délire Ste-Foy,CEC,/api/v1/category_rounds/2852/results,Regional / local youth,Junior femmes,Qualifications,1,1,1.0,1.0,0,6.0,0.0,"continuous ordering: reusable athletes, outcome spread, both-board coverage, physical-metric coverage, recency; no inclusion cutoff",human_demand_tags_needed
492,CEC|event:153,CEC|event:153|route:13963,153,2852,4,13963,2025-11-08,D1 Bloc #1 Délire Ste-Foy,CEC,/api/v1/category_rounds/2852/results,Regional / local youth,Junior femmes,Qualifications,1,1,1.0,1.0,0,6.0,0.0,"continuous ordering: reusable athletes, outcome spread, both-board coverage, physical-metric coverage, recency; no inclusion cutoff",human_demand_tags_needed
493,CEC|event:153,CEC|event:153|route:13964,153,2852,5,13964,2025-11-08,D1 Bloc #1 Délire Ste-Foy,CEC,/api/v1/category_rounds/2852/results,Regional / local youth,Junior femmes,Qualifications,1,1,1.0,1.0,0,6.0,0.0,"continuous ordering: reusable athletes, outcome spread, both-board coverage, physical-metric coverage, recency; no inclusion cutoff",human_demand_tags_needed
494,CEC|event:153,CEC|event:153|route:14028,153,2868,1,14028,2025-11-08,D1 Bloc #1 Délire Ste-Foy,CEC,/api/v1/category_rounds/2868/results,Regional / local youth,Junior femmes,Finales,1,1,1.0,1.0,0,6.0,0.0,"continuous ordering: reusable athletes, outcome spread, both-board coverage, physical-metric coverage, recency; no inclusion cutoff",human_demand_tags_needed
495,CEC|event:153,CEC|event:153|route:14029,153,2868,2,14029,2025-11-08,D1 Bloc #1 Délire Ste-Foy,CEC,/api/v1/category_rounds/2868/results,Regional / local youth,Junior femmes,Finales,1,1,1.0,1.0,0,6.0,0.0,"continuous ordering: reusable athletes, outcome spread, both-board coverage, physical-metric coverage, recency; no inclusion cutoff",human_demand_tags_needed
496,CEC|event:153,CEC|event:153|route:14030,153,2868,3,14030,2025-11-08,D1 Bloc #1 Délire Ste-Foy,CEC,/api/v1/category_rounds/2868/results,Regional / local youth,Junior femmes,Finales,1,1,1.0,1.0,0,6.0,0.0,"continuous ordering: reusable athletes, outcome spread, both-board coverage, physical-metric coverage, recency; no inclusion cutoff",human_demand_tags_needed
497,CEC|event:153,CEC|event:153|route:14031,153,2868,4,14031,2025-11-08,D1 Bloc #1 Délire Ste-Foy,CEC,/api/v1/category_rounds/2868/results,Regional / local youth,Junior femmes,Finales,1,1,1.0,1.0,0,6.0,0.0,"continuous ordering: reusable athletes, outcome spread, both-board coverage, physical-metric coverage, recency; no inclusion cutoff",human_demand_tags_needed
498,IFSC|event:1522,IFSC|event:1522|route:18996,1522,10691,1,18996,2026-07-18,World Climbing Youth Championship Arco 2026,IFSC,/api/v1/category_rounds/10691/results,International other youth,U19 Men,Semi-Final,1,1,0.0,0.0,0,3.0,0.0,"continuous ordering: reusable athletes, outcome spread, both-board coverage, physical-metric coverage, recency; no inclusion cutoff",human_demand_tags_needed
499,IFSC|event:1522,IFSC|event:1522|route:18997,1522,10691,2,18997,2026-07-18,World Climbing Youth Championship Arco 2026,IFSC,/api/v1/category_rounds/10691/results,International other youth,U19 Men,Semi-Final,1,1,0.0,0.0,0,3.0,0.0,"continuous ordering: reusable athletes, outcome spread, both-board coverage, physical-metric coverage, recency; no inclusion cutoff",human_demand_tags_needed
500,IFSC|event:1522,IFSC|event:1522|route:18998,1522,10691,3,18998,2026-07-18,World Climbing Youth Championship Arco 2026,IFSC,/api/v1/category_rounds/10691/results,International other youth,U19 Men,Semi-Final,1,1,0.0,0.0,0,3.0,0.0,"continuous ordering: reusable athletes, outcome spread, both-board coverage, physical-metric coverage, recency; no inclusion cutoff",human_demand_tags_needed
501,IFSC|event:1522,IFSC|event:1522|route:18999,1522,10691,4,18999,2026-07-18,World Climbing Youth Championship Arco 2026,IFSC,/api/v1/category_rounds/10691/results,International other youth,U19 Men,Semi-Final,1,1,0.0,0.0,0,3.0,0.0,"continuous ordering: reusable athletes, outcome spread, both-board coverage, physical-metric coverage, recency; no inclusion cutoff",human_demand_tags_needed
502,IFSC|event:1522,IFSC|event:1522|route:19273,1522,10637,1,19273,2026-07-18,World Climbing Youth Championship Arco 2026,IFSC,/api/v1/category_rounds/10637/results,International other youth,U19 Women,Qualification,1,1,1.0,0.0,0,3.0,0.0,"continuous ordering: reusable athletes, outcome spread, both-board coverage, physical-metric coverage, recency; no inclusion cutoff",human_demand_tags_needed
503,IFSC|event:1522,IFSC|event:1522|route:19274,1522,10637,2,19274,2026-07-18,World Climbing Youth Championship Arco 2026,IFSC,/api/v1/category_rounds/10637/results,International other youth,U19 Women,Qualification,1,1,1.0,1.0,0,3.0,0.0,"continuous ordering: reusable athletes, outcome spread, both-board coverage, physical-metric coverage, recency; no inclusion cutoff",human_demand_tags_needed
504,IFSC|event:1522,IFSC|event:1522|route:19275,1522,10637,3,19275,2026-07-18,World Climbing Youth Championship Arco 2026,IFSC,/api/v1/category_rounds/10637/results,International other youth,U19 Women,Qualification,1,1,0.0,0.0,0,3.0,0.0,"continuous ordering: reusable athletes, outcome spread, both-board coverage, physical-metric coverage, recency; no inclusion cutoff",human_demand_tags_needed
505,IFSC|event:1522,IFSC|event:1522|route:19276,1522,10637,4,19276,2026-07-18,World Climbing Youth Championship Arco 2026,IFSC,/api/v1/category_rounds/10637/results,International other youth,U19 Women,Qualification,1,1,0.0,0.0,0,3.0,0.0,"continuous ordering: reusable athletes, outcome spread, both-board coverage, physical-metric coverage, recency; no inclusion cutoff",human_demand_tags_needed
506,IFSC|event:1522,IFSC|event:1522|route:19277,1522,10637,5,19277,2026-07-18,World Climbing Youth Championship Arco 2026,IFSC,/api/v1/category_rounds/10637/results,International other youth,U19 Women,Qualification,1,1,0.0,0.0,0,3.0,0.0,"continuous ordering: reusable athletes, outcome spread, both-board coverage, physical-metric coverage, recency; no inclusion cutoff",human_demand_tags_needed
507,CEC|event:224,CEC|event:224|route:22451,224,4421,1,22451,2026-05-14,2025-26 Youth Nationals - Boulder & Lead,CEC,/api/v1/category_rounds/4421/results,National championship youth,U19 Female,Qualification,1,1,1.0,1.0,0,3.0,0.0,"continuous ordering: reusable athletes, outcome spread, both-board coverage, physical-metric coverage, recency; no inclusion cutoff",human_demand_tags_needed
508,CEC|event:224,CEC|event:224|route:22452,224,4421,2,22452,2026-05-14,2025-26 Youth Nationals - Boulder & Lead,CEC,/api/v1/category_rounds/4421/results,National championship youth,U19 Female,Qualification,1,1,1.0,0.0,0,3.0,0.0,"continuous ordering: reusable athletes, outcome spread, both-board coverage, physical-metric coverage, recency; no inclusion cutoff",human_demand_tags_needed
509,CEC|event:224,CEC|event:224|route:22453,224,4421,3,22453,2026-05-14,2025-26 Youth Nationals - Boulder & Lead,CEC,/api/v1/category_rounds/4421/results,National championship youth,U19 Female,Qualification,1,1,1.0,1.0,0,3.0,0.0,"continuous ordering: reusable athletes, outcome spread, both-board coverage, physical-metric coverage, recency; no inclusion cutoff",human_demand_tags_needed
510,CEC|event:224,CEC|event:224|route:22454,224,4421,4,22454,2026-05-14,2025-26 Youth Nationals - Boulder & Lead,CEC,/api/v1/category_rounds/4421/results,National championship youth,U19 Female,Qualification,1,1,1.0,1.0,0,3.0,0.0,"continuous ordering: reusable athletes, outcome spread, both-board coverage, physical-metric coverage, recency; no inclusion cutoff",human_demand_tags_needed
511,CEC|event:224,CEC|event:224|route:22455,224,4421,5,22455,2026-05-14,2025-26 Youth Nationals - Boulder & Lead,CEC,/api/v1/category_rounds/4421/results,National championship youth,U19 Female,Qualification,1,1,1.0,0.0,0,3.0,0.0,"continuous ordering: reusable athletes, outcome spread, both-board coverage, physical-metric coverage, recency; no inclusion cutoff",human_demand_tags_needed
512,CEC|event:224,CEC|event:224|route:22456,224,4421,6,22456,2026-05-14,2025-26 Youth Nationals - Boulder & Lead,CEC,/api/v1/category_rounds/4421/results,National championship youth,U19 Female,Qualification,1,1,1.0,1.0,0,3.0,0.0,"continuous ordering: reusable athletes, outcome spread, both-board coverage, physical-metric coverage, recency; no inclusion cutoff",human_demand_tags_needed
513,CEC|event:224,CEC|event:224|route:23236,224,4452,1,23236,2026-05-14,2025-26 Youth Nationals - Boulder & Lead,CEC,/api/v1/category_rounds/4452/results,National championship youth,U19 Female,Semi-Finals,1,1,1.0,0.0,0,3.0,0.0,"continuous ordering: reusable athletes, outcome spread, both-board coverage, physical-metric coverage, recency; no inclusion cutoff",human_demand_tags_needed
514,CEC|event:224,CEC|event:224|route:23237,224,4452,2,23237,2026-05-14,2025-26 Youth Nationals - Boulder & Lead,CEC,/api/v1/category_rounds/4452/results,National championship youth,U19 Female,Semi-Finals,1,1,1.0,1.0,0,3.0,0.0,"continuous ordering: reusable athletes, outcome spread, both-board coverage, physical-metric coverage, recency; no inclusion cutoff",human_demand_tags_needed
515,CEC|event:224,CEC|event:224|route:23238,224,4452,3,23238,2026-05-14,2025-26 Youth Nationals - Boulder & Lead,CEC,/api/v1/category_rounds/4452/results,National championship youth,U19 Female,Semi-Finals,1,1,1.0,0.0,0,3.0,0.0,"continuous ordering: reusable athletes, outcome spread, both-board coverage, physical-metric coverage, recency; no inclusion cutoff",human_demand_tags_needed
516,CEC|event:224,CEC|event:224|route:23239,224,4452,4,23239,2026-05-14,2025-26 Youth Nationals - Boulder & Lead,CEC,/api/v1/category_rounds/4452/results,National championship youth,U19 Female,Semi-Finals,1,1,1.0,1.0,0,3.0,0.0,"continuous ordering: reusable athletes, outcome spread, both-board coverage, physical-metric coverage, recency; no inclusion cutoff",human_demand_tags_needed
517,CEC|event:224,CEC|event:224|route:23260,224,4458,1,23260,2026-05-14,2025-26 Youth Nationals - Boulder & Lead,CEC,/api/v1/category_rounds/4458/results,National championship youth,U19 Female,Finals,1,1,1.0,1.0,0,3.0,0.0,"continuous ordering: reusable athletes, outcome spread, both-board coverage, physical-metric coverage, recency; no inclusion cutoff",human_demand_tags_needed
518,CEC|event:224,CEC|event:224|route:23261,224,4458,2,23261,2026-05-14,2025-26 Youth Nationals - Boulder & Lead,CEC,/api/v1/category_rounds/4458/results,National championship youth,U19 Female,Finals,1,1,1.0,1.0,0,3.0,0.0,"continuous ordering: reusable athletes, outcome spread, both-board coverage, physical-metric coverage, recency; no inclusion cutoff",human_demand_tags_needed
519,CEC|event:224,CEC|event:224|route:23262,224,4458,3,23262,2026-05-14,2025-26 Youth Nationals - Boulder & Lead,CEC,/api/v1/category_rounds/4458/results,National championship youth,U19 Female,Finals,1,1,1.0,1.0,0,3.0,0.0,"continuous ordering: reusable athletes, outcome spread, both-board coverage, physical-metric coverage, recency; no inclusion cutoff",human_demand_tags_needed
520,CEC|event:224,CEC|event:224|route:23263,224,4458,4,23263,2026-05-14,2025-26 Youth Nationals - Boulder & Lead,CEC,/api/v1/category_rounds/4458/results,National championship youth,U19 Female,Finals,1,1,1.0,1.0,0,3.0,0.0,"continuous ordering: reusable athletes, outcome spread, both-board coverage, physical-metric coverage, recency; no inclusion cutoff",human_demand_tags_needed
521,CEC|event:225,CEC|event:225|route:22595,225,4462,1,22595,2026-05-02,2026 NACS Boulder,CEC,/api/v1/category_rounds/4462/results,Continental / cross-border,Women,Qualification,1,1,1.0,0.0,0,3.0,0.0,"continuous ordering: reusable athletes, outcome spread, both-board coverage, physical-metric coverage, recency; no inclusion cutoff",human_demand_tags_needed
522,CEC|event:225,CEC|event:225|route:22596,225,4462,2,22596,2026-05-02,2026 NACS Boulder,CEC,/api/v1/category_rounds/4462/results,Continental / cross-border,Women,Qualification,1,1,1.0,1.0,0,3.0,0.0,"continuous ordering: reusable athletes, outcome spread, both-board coverage, physical-metric coverage, recency; no inclusion cutoff",human_demand_tags_needed
523,CEC|event:225,CEC|event:225|route:22597,225,4462,3,22597,2026-05-02,2026 NACS Boulder,CEC,/api/v1/category_rounds/4462/results,Continental / cross-border,Women,Qualification,1,1,1.0,0.0,0,3.0,0.0,"continuous ordering: reusable athletes, outcome spread, both-board coverage, physical-metric coverage, recency; no inclusion cutoff",human_demand_tags_needed
524,CEC|event:225,CEC|event:225|route:22598,225,4462,4,22598,2026-05-02,2026 NACS Boulder,CEC,/api/v1/category_rounds/4462/results,Continental / cross-border,Women,Qualification,1,1,1.0,0.0,0,3.0,0.0,"continuous ordering: reusable athletes, outcome spread, both-board coverage, physical-metric coverage, recency; no inclusion cutoff",human_demand_tags_needed
525,CEC|event:225,CEC|event:225|route:22599,225,4462,5,22599,2026-05-02,2026 NACS Boulder,CEC,/api/v1/category_rounds/4462/results,Continental / cross-border,Women,Qualification,1,1,0.0,0.0,0,3.0,0.0,"continuous ordering: reusable athletes, outcome spread, both-board coverage, physical-metric coverage, recency; no inclusion cutoff",human_demand_tags_needed
526,CEC|event:119,CEC|event:119|route:9161,119,2183,1,9161,2025-04-26,Youth Eastern Regionals 24/25,CEC,/api/v1/category_rounds/2183/results,Regional / local youth,U15 Male,Finals,1,1,1.0,1.0,0,1.0,0.0,"continuous ordering: reusable athletes, outcome spread, both-board coverage, physical-metric coverage, recency; no inclusion cutoff",human_demand_tags_needed
527,CEC|event:119,CEC|event:119|route:9162,119,2183,2,9162,2025-04-26,Youth Eastern Regionals 24/25,CEC,/api/v1/category_rounds/2183/results,Regional / local youth,U15 Male,Finals,1,1,1.0,1.0,0,1.0,0.0,"continuous ordering: reusable athletes, outcome spread, both-board coverage, physical-metric coverage, recency; no inclusion cutoff",human_demand_tags_needed
528,CEC|event:119,CEC|event:119|route:9163,119,2183,3,9163,2025-04-26,Youth Eastern Regionals 24/25,CEC,/api/v1/category_rounds/2183/results,Regional / local youth,U15 Male,Finals,1,1,1.0,1.0,0,1.0,0.0,"continuous ordering: reusable athletes, outcome spread, both-board coverage, physical-metric coverage, recency; no inclusion cutoff",human_demand_tags_needed
529,CEC|event:119,CEC|event:119|route:9164,119,2183,4,9164,2025-04-26,Youth Eastern Regionals 24/25,CEC,/api/v1/category_rounds/2183/results,Regional / local youth,U15 Male,Finals,1,1,1.0,0.0,0,1.0,0.0,"continuous ordering: reusable athletes, outcome spread, both-board coverage, physical-metric coverage, recency; no inclusion cutoff",human_demand_tags_needed
530,CEC|event:119,CEC|event:119|route:9289,119,2164,1,9289,2025-04-26,Youth Eastern Regionals 24/25,CEC,/api/v1/category_rounds/2164/results,Regional / local youth,U15 Male,Qualification,1,1,1.0,1.0,0,1.0,0.0,"continuous ordering: reusable athletes, outcome spread, both-board coverage, physical-metric coverage, recency; no inclusion cutoff",human_demand_tags_needed
531,CEC|event:119,CEC|event:119|route:9290,119,2164,2,9290,2025-04-26,Youth Eastern Regionals 24/25,CEC,/api/v1/category_rounds/2164/results,Regional / local youth,U15 Male,Qualification,1,1,1.0,1.0,0,1.0,0.0,"continuous ordering: reusable athletes, outcome spread, both-board coverage, physical-metric coverage, recency; no inclusion cutoff",human_demand_tags_needed
532,CEC|event:119,CEC|event:119|route:9291,119,2164,3,9291,2025-04-26,Youth Eastern Regionals 24/25,CEC,/api/v1/category_rounds/2164/results,Regional / local youth,U15 Male,Qualification,1,1,1.0,1.0,0,1.0,0.0,"continuous ordering: reusable athletes, outcome spread, both-board coverage, physical-metric coverage, recency; no inclusion cutoff",human_demand_tags_needed
533,CEC|event:119,CEC|event:119|route:9292,119,2164,4,9292,2025-04-26,Youth Eastern Regionals 24/25,CEC,/api/v1/category_rounds/2164/results,Regional / local youth,U15 Male,Qualification,1,1,1.0,1.0,0,1.0,0.0,"continuous ordering: reusable athletes, outcome spread, both-board coverage, physical-metric coverage, recency; no inclusion cutoff",human_demand_tags_needed
534,CEC|event:119,CEC|event:119|route:9293,119,2164,5,9293,2025-04-26,Youth Eastern Regionals 24/25,CEC,/api/v1/category_rounds/2164/results,Regional / local youth,U15 Male,Qualification,1,1,1.0,1.0,0,1.0,0.0,"continuous ordering: reusable athletes, outcome spread, both-board coverage, physical-metric coverage, recency; no inclusion cutoff",human_demand_tags_needed
535,CEC|event:119,CEC|event:119|route:9294,119,2164,6,9294,2025-04-26,Youth Eastern Regionals 24/25,CEC,/api/v1/category_rounds/2164/results,Regional / local youth,U15 Male,Qualification,1,1,1.0,1.0,0,1.0,0.0,"continuous ordering: reusable athletes, outcome spread, both-board coverage, physical-metric coverage, recency; no inclusion cutoff",human_demand_tags_needed
