event_name,event_date,source_scope,source_event_id,round_group,confirmed_procedure,pool
World Climbing Pan America Series Salt Lake City 2026,2026-07-25,IFSC,1531,Qualification,Onsight,Boulder_Men
World Climbing Pan America Series Salt Lake City 2026,2026-07-25,IFSC,1531,Qualification,Onsight,Boulder_Women
World Climbing Pan America Series Salt Lake City 2026,2026-07-25,IFSC,1531,Semi-final,Onsight,Boulder_Men
World Climbing Pan America Series Salt Lake City 2026,2026-07-25,IFSC,1531,Semi-final,Onsight,Boulder_Women
World Climbing Pan America Series Salt Lake City 2026,2026-07-25,IFSC,1531,Final,Onsight,Boulder_Men
World Climbing Pan America Series Salt Lake City 2026,2026-07-25,IFSC,1531,Final,Onsight,Boulder_Women
World Climbing Youth Championship Arco 2026,2026-07-18,IFSC,1522,Qualification,Flash,Boulder_Men
World Climbing Youth Championship Arco 2026,2026-07-18,IFSC,1522,Qualification,Flash,Boulder_Women
World Climbing Youth Championship Arco 2026,2026-07-18,IFSC,1522,Semi-final,Onsight,Boulder_Men
World Climbing Youth Championship Arco 2026,2026-07-18,IFSC,1522,Semi-final,Onsight,Boulder_Women
World Climbing Youth Championship Arco 2026,2026-07-18,IFSC,1522,Final,Onsight,Boulder_Men
World Climbing Youth Championship Arco 2026,2026-07-18,IFSC,1522,Final,Onsight,Boulder_Women
World Climbing Europe Championship Barcelona 2026,2026-07-17,IFSC,1503,Qualification,Onsight,Boulder_Men
World Climbing Europe Championship Barcelona 2026,2026-07-17,IFSC,1503,Qualification,Onsight,Boulder_Women
World Climbing Europe Championship Barcelona 2026,2026-07-17,IFSC,1503,Semi-final,Onsight,Boulder_Men
World Climbing Europe Championship Barcelona 2026,2026-07-17,IFSC,1503,Semi-final,Onsight,Boulder_Women
World Climbing Europe Championship Barcelona 2026,2026-07-17,IFSC,1503,Final,Onsight,Boulder_Men
World Climbing Europe Championship Barcelona 2026,2026-07-17,IFSC,1503,Final,Onsight,Boulder_Women
12 x 12 - Boulder Challenge - Juli - Sommeredition ☀️,2026-07-16,VL-GLOBAL,639,Hauptrunde,Unknown,Boulder_Men
12 x 12 - Boulder Challenge - Juli - Sommeredition ☀️,2026-07-16,VL-GLOBAL,639,Hauptrunde,Unknown,Boulder_Women
DENEME TEST,2026-07-15,VL-GLOBAL,411,Sıralama,Unknown,Boulder_Men
Goat Games Reborn 2026 Main Event,2026-07-11,VL-GLOBAL,636,Qualification,Unknown,Boulder_Men
Goat Games Reborn 2026 Main Event,2026-07-11,VL-GLOBAL,636,Qualification,Unknown,Boulder_Women
Goat Games Reborn 2026 Main Event,2026-07-11,VL-GLOBAL,636,Semi-final,Unknown,Boulder_Men
Goat Games Reborn 2026 Main Event,2026-07-11,VL-GLOBAL,636,Semi-final,Unknown,Boulder_Women
Goat Games Reborn 2026 Main Event,2026-07-11,VL-GLOBAL,636,Final,Onsight,Boulder_Men
Goat Games Reborn 2026 Main Event,2026-07-11,VL-GLOBAL,636,Final,Onsight,Boulder_Women
Bloc Shop Open,2026-07-04,VL-GLOBAL,545,Qualification,Unknown,Boulder_Men
Bloc Shop Open,2026-07-04,VL-GLOBAL,545,Qualification,Unknown,Boulder_Women
Bloc Shop Open,2026-07-04,VL-GLOBAL,545,Semi-final,Unknown,Boulder_Men
Bloc Shop Open,2026-07-04,VL-GLOBAL,545,Semi-final,Unknown,Boulder_Women
Bloc Shop Open,2026-07-04,VL-GLOBAL,545,Final,Onsight,Boulder_Men
Bloc Shop Open,2026-07-04,VL-GLOBAL,545,Final,Onsight,Boulder_Women
Bloc Shop Open,2026-07-04,VL-GLOBAL,545,Bso Marathon,Scramble,Boulder_Men
Bloc Shop Open,2026-07-04,VL-GLOBAL,545,Bso Marathon,Scramble,Boulder_Women
Sparta Summer Fight 2026,2026-07-03,VL-GLOBAL,651,Sparta Summer Fight,Unknown,Boulder_Men
Sparta Summer Fight 2026,2026-07-03,VL-GLOBAL,651,Sparta Summer Fight,Unknown,Boulder_Women
Plausch Boulderparcours im Rahmen der Schweizermeisterschaft – Minimum Flüela,2026-06-28,SAC-CAS,1015,Qualification,Unknown,Boulder_Women
Plausch Boulderparcours im Rahmen der Schweizermeisterschaft – Minimum Flüela,2026-06-28,SAC-CAS,1015,Qualification,Unknown,Boulder_Men
Boulder-Schweizermeisterschaften 2026 im Rahmen des BSCC/nur Schweizer/innen - Minimum Flüela,2026-06-27,SAC-CAS,1035,Qualification,Unknown,Boulder_Men
Boulder-Schweizermeisterschaften 2026 im Rahmen des BSCC/nur Schweizer/innen - Minimum Flüela,2026-06-27,SAC-CAS,1035,Qualification,Unknown,Boulder_Women
Boulder-Schweizermeisterschaften 2026 im Rahmen des BSCC/nur Schweizer/innen - Minimum Flüela,2026-06-27,SAC-CAS,1035,Final,Onsight,Boulder_Men
Boulder-Schweizermeisterschaften 2026 im Rahmen des BSCC/nur Schweizer/innen - Minimum Flüela,2026-06-27,SAC-CAS,1035,Final,Onsight,Boulder_Women
Bächli Bergsport Swiss Climbing Cup 2026 (B)/Tageswertung - Minimum Flüela,2026-06-27,SAC-CAS,980,Qualification,Unknown,Boulder_Men
Bächli Bergsport Swiss Climbing Cup 2026 (B)/Tageswertung - Minimum Flüela,2026-06-27,SAC-CAS,980,Qualification,Unknown,Boulder_Women
Bächli Bergsport Swiss Climbing Cup 2026 (B)/Tageswertung - Minimum Flüela,2026-06-27,SAC-CAS,980,Final,Onsight,Boulder_Men
Bächli Bergsport Swiss Climbing Cup 2026 (B)/Tageswertung - Minimum Flüela,2026-06-27,SAC-CAS,980,Final,Onsight,Boulder_Women
2026 Youth National Championship,2026-06-26,USAC,535,Qualification,Flash,Boulder_Women
2026 Youth National Championship,2026-06-26,USAC,535,Qualification,Flash,Boulder_Men
2026 Youth National Championship,2026-06-26,USAC,535,Semi-final,Onsight,Boulder_Women
2026 Youth National Championship,2026-06-26,USAC,535,Semi-final,Onsight,Boulder_Men
2026 Youth National Championship,2026-06-26,USAC,535,Final,Onsight,Boulder_Women
2026 Youth National Championship,2026-06-26,USAC,535,Final,Onsight,Boulder_Men
Goat Games 2026 Classification Round,2026-06-26,VL-GLOBAL,635,Qualification,Unknown,Boulder_Men
Goat Games 2026 Classification Round,2026-06-26,VL-GLOBAL,635,Qualification,Unknown,Boulder_Women
Goat Games 2026 Test Rounds,2026-06-26,VL-GLOBAL,629,Qualification,Unknown,Boulder_Men
Goat Games 2026 Test Rounds,2026-06-26,VL-GLOBAL,629,Qualification,Unknown,Boulder_Women
Goat Games 2026 Test Rounds,2026-06-26,VL-GLOBAL,629,Semi-final,Unknown,Boulder_Men
Goat Games 2026 Test Rounds,2026-06-26,VL-GLOBAL,629,Semi-final,Unknown,Boulder_Women
Goat Games 2026 Test Rounds,2026-06-26,VL-GLOBAL,629,Final,Onsight,Boulder_Women
Goat Games 2026 Test Rounds,2026-06-26,VL-GLOBAL,629,Final,Onsight,Boulder_Men
3a Prueba Copa de Escalada en Bloque FEMECV Absoluta y Juvenil,2026-06-20,FEDME,194,Final,Onsight,Boulder_Women
3a Prueba Copa de Escalada en Bloque FEMECV Absoluta y Juvenil,2026-06-20,FEDME,194,Final,Onsight,Boulder_Men
3a Prueba Copa de Escalada en Bloque FEMECV Absoluta y Juvenil,2026-06-20,FEDME,194,Clasificatoria,Unknown,Boulder_Women
3a Prueba Copa de Escalada en Bloque FEMECV Absoluta y Juvenil,2026-06-20,FEDME,194,Clasificatoria,Unknown,Boulder_Men
Campeonato Autonomico FEMECV de Escalada en Bloque,2026-06-20,FEDME,195,Final,Onsight,Boulder_Women
Campeonato Autonomico FEMECV de Escalada en Bloque,2026-06-20,FEDME,195,Final,Onsight,Boulder_Men
Campeonato Autonomico FEMECV de Escalada en Bloque,2026-06-20,FEDME,195,Clasificatoria,Unknown,Boulder_Women
Campeonato Autonomico FEMECV de Escalada en Bloque,2026-06-20,FEDME,195,Clasificatoria,Unknown,Boulder_Men
12 x 12 - Boulder Challenge - Juni,2026-06-18,VL-GLOBAL,638,Hauptrunde,Unknown,Boulder_Men
12 x 12 - Boulder Challenge - Juni,2026-06-18,VL-GLOBAL,638,Hauptrunde,Unknown,Boulder_Women
Test Try Penalty Zone,2026-06-18,VL-GLOBAL,648,Qualification,Unknown,Boulder_Women
World Climbing Series Innsbruck 2026,2026-06-17,IFSC,1482,Qualification,Onsight,Boulder_Men
World Climbing Series Innsbruck 2026,2026-06-17,IFSC,1482,Qualification,Onsight,Boulder_Women
World Climbing Series Innsbruck 2026,2026-06-17,IFSC,1482,Semi-final,Onsight,Boulder_Men
World Climbing Series Innsbruck 2026,2026-06-17,IFSC,1482,Semi-final,Onsight,Boulder_Women
World Climbing Series Innsbruck 2026,2026-06-17,IFSC,1482,Final,Onsight,Boulder_Men
World Climbing Series Innsbruck 2026,2026-06-17,IFSC,1482,Final,Onsight,Boulder_Women
Grande Prise - Boulder Plauschwettkampf - Bouba Baden,2026-06-13,SAC-CAS,1024,Qualification,Unknown,Boulder_Women
Grande Prise - Boulder Plauschwettkampf - Bouba Baden,2026-06-13,SAC-CAS,1024,Qualification,Unknown,Boulder_Men
Magic Mountain Bouldering Competion Open,2026-06-13,VL-GLOBAL,605,Open Session,Scramble,Boulder_Men
Magic Mountain Bouldering Competion Open,2026-06-13,VL-GLOBAL,605,Open Session,Scramble,Boulder_Women
Zürcher Klettermeisterschaft 2026 (Boulder) - Bouba Baden,2026-06-13,SAC-CAS,1001,Qualification,Unknown,Boulder_Women
Zürcher Klettermeisterschaft 2026 (Boulder) - Bouba Baden,2026-06-13,SAC-CAS,1001,Qualification,Unknown,Boulder_Men
Zürcher Klettermeisterschaft 2026 (Boulder) - Bouba Baden,2026-06-13,SAC-CAS,1001,Final,Unknown,Boulder_Women
Zürcher Klettermeisterschaft 2026 (Boulder) - Bouba Baden,2026-06-13,SAC-CAS,1001,Final,Unknown,Boulder_Men
World Climbing Europe Youth Championship Sukoró 2026,2026-06-11,IFSC,1501,Qualification,Flash,Boulder_Men
World Climbing Europe Youth Championship Sukoró 2026,2026-06-11,IFSC,1501,Qualification,Flash,Boulder_Women
World Climbing Europe Youth Championship Sukoró 2026,2026-06-11,IFSC,1501,Semi-final,Onsight,Boulder_Men
World Climbing Europe Youth Championship Sukoró 2026,2026-06-11,IFSC,1501,Semi-final,Onsight,Boulder_Women
World Climbing Europe Youth Championship Sukoró 2026,2026-06-11,IFSC,1501,Final,Onsight,Boulder_Men
World Climbing Europe Youth Championship Sukoró 2026,2026-06-11,IFSC,1501,Final,Onsight,Boulder_Women
CELSIUS Citizen Climbing Boulder - Wave 1,2026-06-07,USAC,550,Round 1,Scramble,Boulder_Men
CELSIUS Citizen Climbing Boulder - Wave 1,2026-06-07,USAC,550,Round 1,Scramble,Boulder_Women
CELSIUS Citizen Climbing Boulder - Wave 2,2026-06-07,USAC,551,Round 1,Scramble,Boulder_Men
CELSIUS Citizen Climbing Boulder - Wave 2,2026-06-07,USAC,551,Round 1,Scramble,Boulder_Women
TEST -- Bloc Beats NORD Edition -- TEST,2026-06-06,VL-GLOBAL,602,Qualification,Unknown,Boulder_Men
TEST -- Bloc Beats NORD Edition -- TEST,2026-06-06,VL-GLOBAL,602,Qualification,Unknown,Boulder_Women
TEST -- Bloc Beats NORD Edition -- TEST,2026-06-06,VL-GLOBAL,602,Final,Unknown,Boulder_Men
TEST -- Bloc Beats NORD Edition -- TEST,2026-06-06,VL-GLOBAL,602,Final,Unknown,Boulder_Women
The Climb Fest Qualifiers - Sharma Climbing Gavà,2026-06-06,VL-GLOBAL,634,Qualification,Unknown,Boulder_Women
The Climb Fest Qualifiers - Sharma Climbing Gavà,2026-06-06,VL-GLOBAL,634,Qualification,Unknown,Boulder_Men
The Climb Fest Qualifiers - Sharma Climbing Gavà,2026-06-06,VL-GLOBAL,634,Final,Onsight,Boulder_Women
The Climb Fest Qualifiers - Sharma Climbing Gavà,2026-06-06,VL-GLOBAL,634,Final,Onsight,Boulder_Men
The Climb Fest Qualifiers - Sharma Climbing Madrid,2026-06-06,VL-GLOBAL,633,Qualification,Unknown,Boulder_Women
The Climb Fest Qualifiers - Sharma Climbing Madrid,2026-06-06,VL-GLOBAL,633,Qualification,Unknown,Boulder_Men
The Climb Fest Qualifiers - Sharma Climbing Madrid,2026-06-06,VL-GLOBAL,633,Final,Onsight,Boulder_Women
The Climb Fest Qualifiers - Sharma Climbing Madrid,2026-06-06,VL-GLOBAL,633,Final,Onsight,Boulder_Men
NACS Vail (Boulder & Speed),2026-06-04,USAC,534,Qualification,Unknown,Boulder_Men
NACS Vail (Boulder & Speed),2026-06-04,USAC,534,Qualification,Unknown,Boulder_Women
NACS Vail (Boulder & Speed),2026-06-04,USAC,534,Semi-final,Unknown,Boulder_Men
NACS Vail (Boulder & Speed),2026-06-04,USAC,534,Semi-final,Unknown,Boulder_Women
NACS Vail (Boulder & Speed),2026-06-04,USAC,534,Final,Onsight,Boulder_Men
NACS Vail (Boulder & Speed),2026-06-04,USAC,534,Final,Onsight,Boulder_Women
World Climbing Series Prague 2026,2026-06-03,IFSC,1480,Qualification,Onsight,Boulder_Men
World Climbing Series Prague 2026,2026-06-03,IFSC,1480,Qualification,Onsight,Boulder_Women
World Climbing Series Prague 2026,2026-06-03,IFSC,1480,Semi-final,Onsight,Boulder_Men
World Climbing Series Prague 2026,2026-06-03,IFSC,1480,Semi-final,Onsight,Boulder_Women
World Climbing Series Prague 2026,2026-06-03,IFSC,1480,Final,Onsight,Boulder_Men
World Climbing Series Prague 2026,2026-06-03,IFSC,1480,Final,Onsight,Boulder_Women
Valais Wallis Boulder Championship 2026 (B) Young and Adults (from U15 on) - Vertic-Hall Baltschieder,2026-05-31,SAC-CAS,1027,Qualification,Flash,Boulder_Men
Valais Wallis Boulder Championship 2026 (B) Young and Adults (from U15 on) - Vertic-Hall Baltschieder,2026-05-31,SAC-CAS,1027,Final,Onsight,Boulder_Men
World Climbing Series Comunidad de Madrid 2026,2026-05-28,IFSC,1479,Qualification,Onsight,Boulder_Men
World Climbing Series Comunidad de Madrid 2026,2026-05-28,IFSC,1479,Qualification,Onsight,Boulder_Women
World Climbing Series Comunidad de Madrid 2026,2026-05-28,IFSC,1479,Semi-final,Onsight,Boulder_Men
World Climbing Series Comunidad de Madrid 2026,2026-05-28,IFSC,1479,Semi-final,Onsight,Boulder_Women
World Climbing Series Comunidad de Madrid 2026,2026-05-28,IFSC,1479,Final,Onsight,Boulder_Men
World Climbing Series Comunidad de Madrid 2026,2026-05-28,IFSC,1479,Final,Onsight,Boulder_Women
U11/U13/U15 SM-Boulder ja SM-Yläköysi 2026,2026-05-23,VL-GLOBAL,563,Karsinnat,Unknown,Boulder_Women
U11/U13/U15 SM-Boulder ja SM-Yläköysi 2026,2026-05-23,VL-GLOBAL,563,Karsinnat,Unknown,Boulder_Men
U11/U13/U15 SM-Boulder ja SM-Yläköysi 2026,2026-05-23,VL-GLOBAL,563,Finaalit,Onsight,Boulder_Women
U11/U13/U15 SM-Boulder ja SM-Yläköysi 2026,2026-05-23,VL-GLOBAL,563,Finaalit,Onsight,Boulder_Men
BLX Bouldering League - #4,2026-05-22,VL-GLOBAL,627,Qualification,Unknown,Boulder_Women
BLX Bouldering League - #4,2026-05-22,VL-GLOBAL,627,Qualification,Unknown,Boulder_Men
Test Event Erlangen,2026-05-22,VL-GLOBAL,628,Qualification,Unknown,Boulder_Men
Test Kitchen,2026-05-22,VL-GLOBAL,622,Qualification,Unknown,Boulder_Men
Test Kitchen,2026-05-22,VL-GLOBAL,622,Final,Onsight,Boulder_Men
World Climbing Series Bern 2026,2026-05-22,IFSC,1478,Qualification,Onsight,Boulder_Men
World Climbing Series Bern 2026,2026-05-22,IFSC,1478,Qualification,Onsight,Boulder_Women
World Climbing Series Bern 2026,2026-05-22,IFSC,1478,Semi-final,Onsight,Boulder_Men
World Climbing Series Bern 2026,2026-05-22,IFSC,1478,Semi-final,Onsight,Boulder_Women
World Climbing Series Bern 2026,2026-05-22,IFSC,1478,Final,Onsight,Boulder_Men
World Climbing Series Bern 2026,2026-05-22,IFSC,1478,Final,Onsight,Boulder_Women
12 x 12 - Boulder Challenge - Mai,2026-05-21,VL-GLOBAL,607,Hauptrunde,Unknown,Boulder_Men
12 x 12 - Boulder Challenge - Mai,2026-05-21,VL-GLOBAL,607,Hauptrunde,Unknown,Boulder_Women
Campeonato de Castilla y León de Escalada en Bloque Juvenil y 1ª Prueba de Copa Abs y Juv,2026-05-16,FEDME,184,Final,Onsight,Boulder_Men
Campeonato de Castilla y León de Escalada en Bloque Juvenil y 1ª Prueba de Copa Abs y Juv,2026-05-16,FEDME,184,Final,Onsight,Boulder_Women
Campeonato de Castilla y León de Escalada en Bloque Juvenil y 1ª Prueba de Copa Abs y Juv,2026-05-16,FEDME,184,Clasificatoria,Unknown,Boulder_Men
Campeonato de Castilla y León de Escalada en Bloque Juvenil y 1ª Prueba de Copa Abs y Juv,2026-05-16,FEDME,184,Clasificatoria,Unknown,Boulder_Women
Prueba Castilla y León de Bloque - Campo Base 2026,2026-05-16,FEDME,192,Final,Onsight,Boulder_Men
Prueba Castilla y León de Bloque - Campo Base 2026,2026-05-16,FEDME,192,Final,Onsight,Boulder_Women
Prueba Castilla y León de Bloque - Campo Base 2026,2026-05-16,FEDME,192,Clasificatoria,Unknown,Boulder_Men
Prueba Castilla y León de Bloque - Campo Base 2026,2026-05-16,FEDME,192,Clasificatoria,Unknown,Boulder_Women
World Climbing Europe Series Liptovský Mikuláš 2026,2026-05-16,IFSC,1497,Qualification,Onsight,Boulder_Men
World Climbing Europe Series Liptovský Mikuláš 2026,2026-05-16,IFSC,1497,Qualification,Onsight,Boulder_Women
World Climbing Europe Series Liptovský Mikuláš 2026,2026-05-16,IFSC,1497,Semi-final,Onsight,Boulder_Men
World Climbing Europe Series Liptovský Mikuláš 2026,2026-05-16,IFSC,1497,Semi-final,Onsight,Boulder_Women
World Climbing Europe Series Liptovský Mikuláš 2026,2026-05-16,IFSC,1497,Final,Onsight,Boulder_Men
World Climbing Europe Series Liptovský Mikuláš 2026,2026-05-16,IFSC,1497,Final,Onsight,Boulder_Women
2025-26 Youth Nationals - Boulder & Lead,2026-05-14,CEC,224,Qualification,Flash,Boulder_Men
2025-26 Youth Nationals - Boulder & Lead,2026-05-14,CEC,224,Qualification,Flash,Boulder_Women
2025-26 Youth Nationals - Boulder & Lead,2026-05-14,CEC,224,Semi-final,Onsight,Boulder_Men
2025-26 Youth Nationals - Boulder & Lead,2026-05-14,CEC,224,Semi-final,Onsight,Boulder_Women
2025-26 Youth Nationals - Boulder & Lead,2026-05-14,CEC,224,Final,Onsight,Boulder_Men
2025-26 Youth Nationals - Boulder & Lead,2026-05-14,CEC,224,Final,Onsight,Boulder_Women
2ª Prueba Copa de Escalada en Bloque FEMECV Absoluta y Juvenil,2026-05-09,FEDME,191,Final,Onsight,Boulder_Women
2ª Prueba Copa de Escalada en Bloque FEMECV Absoluta y Juvenil,2026-05-09,FEDME,191,Final,Onsight,Boulder_Men
2ª Prueba Copa de Escalada en Bloque FEMECV Absoluta y Juvenil,2026-05-09,FEDME,191,Clasificatoria,Unknown,Boulder_Women
2ª Prueba Copa de Escalada en Bloque FEMECV Absoluta y Juvenil,2026-05-09,FEDME,191,Clasificatoria,Unknown,Boulder_Men
Sparta Fight Kids 2026,2026-05-09,VL-GLOBAL,580,Qualification,Flash,Boulder_Women
Sparta Fight Kids 2026,2026-05-09,VL-GLOBAL,580,Qualification,Flash,Boulder_Men
Sparta Fight Kids 2026,2026-05-09,VL-GLOBAL,580,Final,Onsight,Boulder_Women
Sparta Fight Kids 2026,2026-05-09,VL-GLOBAL,580,Final,Onsight,Boulder_Men
World Climbing Europe Youth Series Graz 2026,2026-05-09,IFSC,1496,Qualification,Flash,Boulder_Men
World Climbing Europe Youth Series Graz 2026,2026-05-09,IFSC,1496,Qualification,Flash,Boulder_Women
World Climbing Europe Youth Series Graz 2026,2026-05-09,IFSC,1496,Final,Onsight,Boulder_Men
World Climbing Europe Youth Series Graz 2026,2026-05-09,IFSC,1496,Final,Onsight,Boulder_Women
2026 NACS Boulder,2026-05-02,CEC,225,Qualification,Flash,Boulder_Men
2026 NACS Boulder,2026-05-02,CEC,225,Qualification,Flash,Boulder_Women
2026 NACS Boulder,2026-05-02,CEC,225,Semi-final,Unknown,Boulder_Men
2026 NACS Boulder,2026-05-02,CEC,225,Semi-final,Unknown,Boulder_Women
2026 NACS Boulder,2026-05-02,CEC,225,Final,Onsight,Boulder_Men
2026 NACS Boulder,2026-05-02,CEC,225,Final,Onsight,Boulder_Women
D4 The Spot Denver Youth Boulder Divisional Championship,2026-05-02,USAC,528,Qualification,Flash,Boulder_Women
D4 The Spot Denver Youth Boulder Divisional Championship,2026-05-02,USAC,528,Qualification,Flash,Boulder_Men
D4 The Spot Denver Youth Boulder Divisional Championship,2026-05-02,USAC,528,Final,Onsight,Boulder_Women
D4 The Spot Denver Youth Boulder Divisional Championship,2026-05-02,USAC,528,Final,Onsight,Boulder_Men
D6 North Mass Boulder Youth Boulder Divisional Championship,2026-05-02,USAC,530,Qualification,Flash,Boulder_Women
D6 North Mass Boulder Youth Boulder Divisional Championship,2026-05-02,USAC,530,Qualification,Flash,Boulder_Men
D6 North Mass Boulder Youth Boulder Divisional Championship,2026-05-02,USAC,530,Final,Onsight,Boulder_Women
D6 North Mass Boulder Youth Boulder Divisional Championship,2026-05-02,USAC,530,Final,Onsight,Boulder_Men
D8 Sportrock Alexandria Youth Boulder Divisional Championship,2026-05-02,USAC,532,Qualification,Flash,Boulder_Women
D8 Sportrock Alexandria Youth Boulder Divisional Championship,2026-05-02,USAC,532,Qualification,Flash,Boulder_Men
D8 Sportrock Alexandria Youth Boulder Divisional Championship,2026-05-02,USAC,532,Final,Onsight,Boulder_Women
D8 Sportrock Alexandria Youth Boulder Divisional Championship,2026-05-02,USAC,532,Final,Onsight,Boulder_Men
Irish Bouldering Championships 2026,2026-05-02,VL-GLOBAL,589,Qualification,Flash,Boulder_Men
Irish Bouldering Championships 2026,2026-05-02,VL-GLOBAL,589,Qualification,Flash,Boulder_Women
Irish Bouldering Championships 2026,2026-05-02,VL-GLOBAL,589,Qualification,Unknown,Boulder_Men
Irish Bouldering Championships 2026,2026-05-02,VL-GLOBAL,589,Qualification,Unknown,Boulder_Women
Irish Bouldering Championships 2026,2026-05-02,VL-GLOBAL,589,Final,Onsight,Boulder_Men
Irish Bouldering Championships 2026,2026-05-02,VL-GLOBAL,589,Final,Onsight,Boulder_Women
Irish Bouldering Championships 2026,2026-05-02,VL-GLOBAL,589,Irish Bouldering Championship - Community Competition,Unknown,Boulder_Men
Irish Bouldering Championships 2026,2026-05-02,VL-GLOBAL,589,Irish Bouldering Championship - Community Competition,Unknown,Boulder_Women
boulder deneme,2026-05-02,VL-GLOBAL,590,Final,Onsight,Boulder_Women
boulder deneme,2026-05-02,VL-GLOBAL,590,Final,Onsight,Boulder_Men
boulder deneme,2026-05-02,VL-GLOBAL,590,Sıralama,Onsight,Boulder_Women
boulder deneme,2026-05-02,VL-GLOBAL,590,Sıralama,Onsight,Boulder_Men
Test my Mind,2026-05-01,VL-GLOBAL,609,Qualification,Unknown,Boulder_Men
Test my Mind,2026-05-01,VL-GLOBAL,609,Final,Onsight,Boulder_Men
World Climbing Series Keqiao 2026,2026-05-01,IFSC,1524,Qualification,Onsight,Boulder_Men
World Climbing Series Keqiao 2026,2026-05-01,IFSC,1524,Qualification,Onsight,Boulder_Women
World Climbing Series Keqiao 2026,2026-05-01,IFSC,1524,Semi-final,Onsight,Boulder_Men
World Climbing Series Keqiao 2026,2026-05-01,IFSC,1524,Semi-final,Onsight,Boulder_Women
World Climbing Series Keqiao 2026,2026-05-01,IFSC,1524,Final,Onsight,Boulder_Men
World Climbing Series Keqiao 2026,2026-05-01,IFSC,1524,Final,Onsight,Boulder_Women
Speki Masters by Minimum – Minimum Flüela,2026-04-30,SAC-CAS,1016,Qualification,Unknown,Boulder_Men
Speki Masters by Minimum – Minimum Flüela,2026-04-30,SAC-CAS,1016,Qualification,Unknown,Boulder_Women
1ª Copa Andalucía Bloque Estepona,2026-04-25,FEDME,189,Final,Onsight,Boulder_Women
1ª Copa Andalucía Bloque Estepona,2026-04-25,FEDME,189,Final,Onsight,Boulder_Men
1ª Copa Andalucía Bloque Estepona,2026-04-25,FEDME,189,Clasificatoria,Unknown,Boulder_Women
1ª Copa Andalucía Bloque Estepona,2026-04-25,FEDME,189,Clasificatoria,Unknown,Boulder_Men
3a Prova Copa Catalana de Bloc,2026-04-25,FEDME,188,Qualification,Unknown,Boulder_Women
3a Prova Copa Catalana de Bloc,2026-04-25,FEDME,188,Qualification,Unknown,Boulder_Men
3a Prova Copa Catalana de Bloc,2026-04-25,FEDME,188,Final,Onsight,Boulder_Women
3a Prova Copa Catalana de Bloc,2026-04-25,FEDME,188,Final,Onsight,Boulder_Men
Jarní boulder otvírák 2026,2026-04-25,VL-GLOBAL,574,Final,Unknown,Boulder_Men
Jarní boulder otvírák 2026,2026-04-25,VL-GLOBAL,574,Final,Unknown,Boulder_Women
Jarní boulder otvírák 2026,2026-04-25,VL-GLOBAL,574,Main Round,Unknown,Boulder_Men
Jarní boulder otvírák 2026,2026-04-25,VL-GLOBAL,574,Main Round,Unknown,Boulder_Women
Nurf Skill Competition,2026-04-25,VL-GLOBAL,604,Qualification,Unknown,Boulder_Women
Nurf Skill Competition,2026-04-25,VL-GLOBAL,604,Qualification,Unknown,Boulder_Men
Nurf Skill Competition,2026-04-25,VL-GLOBAL,604,Final,Unknown,Boulder_Men
Sicilia Campionato Regionale (B),2026-04-25,FASI,1359,Qualification,Unknown,Boulder_Women
Sicilia Campionato Regionale (B),2026-04-25,FASI,1359,Qualification,Unknown,Boulder_Men
Sicilia Campionato Regionale (B),2026-04-25,FASI,1359,Final,Onsight,Boulder_Men
Sicilia Campionato Regionale (B),2026-04-25,FASI,1359,Final,Onsight,Boulder_Women
World Climbing Europe Series Kaunas 2026,2026-04-25,IFSC,1495,Qualification,Onsight,Boulder_Men
World Climbing Europe Series Kaunas 2026,2026-04-25,IFSC,1495,Qualification,Onsight,Boulder_Women
World Climbing Europe Series Kaunas 2026,2026-04-25,IFSC,1495,Semi-final,Onsight,Boulder_Men
World Climbing Europe Series Kaunas 2026,2026-04-25,IFSC,1495,Semi-final,Onsight,Boulder_Women
World Climbing Europe Series Kaunas 2026,2026-04-25,IFSC,1495,Final,Onsight,Boulder_Men
World Climbing Europe Series Kaunas 2026,2026-04-25,IFSC,1495,Final,Onsight,Boulder_Women
Test Kids,2026-04-24,VL-GLOBAL,595,Main Round,Unknown,Boulder_Men
12 x 12 - Boulder Challenge - April,2026-04-23,VL-GLOBAL,587,Hauptrunde,Unknown,Boulder_Men
12 x 12 - Boulder Challenge - April,2026-04-23,VL-GLOBAL,587,Hauptrunde,Unknown,Boulder_Women
FVG Campionato regionale 3° prova (B),2026-04-19,FASI,1297,Qualification,Unknown,Boulder_Women
FVG Campionato regionale 3° prova (B),2026-04-19,FASI,1297,Qualification,Unknown,Boulder_Men
FVG Campionato regionale 3° prova (B),2026-04-19,FASI,1297,Final,Onsight,Boulder_Women
FVG Campionato regionale 3° prova (B),2026-04-19,FASI,1297,Final,Onsight,Boulder_Men
Macro Sud Campionato regionale 2° prova (B),2026-04-19,FASI,1304,Qualification,Unknown,Boulder_Women
Macro Sud Campionato regionale 2° prova (B),2026-04-19,FASI,1304,Qualification,Unknown,Boulder_Men
Macro Sud Campionato regionale 2° prova (B),2026-04-19,FASI,1304,Final,Onsight,Boulder_Women
Macro Sud Campionato regionale 2° prova (B),2026-04-19,FASI,1304,Final,Onsight,Boulder_Men
Sicilia 5° prova di qualifica U15 U21 (B),2026-04-18,FASI,1356,Qualification,Flash,Boulder_Men
Sicilia 5° prova di qualifica U15 U21 (B),2026-04-18,FASI,1356,Qualification,Flash,Boulder_Women
Sicilia 5° prova di qualifica U15 U21 (B),2026-04-18,FASI,1356,Final,Onsight,Boulder_Women
Sicilia 5° prova di qualifica U15 U21 (B),2026-04-18,FASI,1356,Final,Onsight,Boulder_Men
Toscana Campionato Regionale 4° prova (B),2026-04-18,FASI,1165,Qualification,Unknown,Boulder_Women
Toscana Campionato Regionale 4° prova (B),2026-04-18,FASI,1165,Qualification,Unknown,Boulder_Men
Toscana Campionato Regionale 4° prova (B),2026-04-18,FASI,1165,Final,Onsight,Boulder_Women
Toscana Campionato Regionale 4° prova (B),2026-04-18,FASI,1165,Final,Onsight,Boulder_Men
Umbria Campionato Regionale 2° prova (B),2026-04-18,FASI,1291,Qualification,Unknown,Boulder_Women
Umbria Campionato Regionale 2° prova (B),2026-04-18,FASI,1291,Qualification,Unknown,Boulder_Men
Umbria Campionato Regionale 2° prova (B),2026-04-18,FASI,1291,Final,Onsight,Boulder_Women
Umbria Campionato Regionale 2° prova (B),2026-04-18,FASI,1291,Final,Onsight,Boulder_Men
World Climbing Europe Youth Series Soure 2026,2026-04-18,IFSC,1494,Qualification,Flash,Boulder_Men
World Climbing Europe Youth Series Soure 2026,2026-04-18,IFSC,1494,Qualification,Flash,Boulder_Women
World Climbing Europe Youth Series Soure 2026,2026-04-18,IFSC,1494,Final,Onsight,Boulder_Men
World Climbing Europe Youth Series Soure 2026,2026-04-18,IFSC,1494,Final,Onsight,Boulder_Women
Youth Benchmarking Weekend 1,2026-04-18,VL-GLOBAL,599,Youth Climbing Series,Unknown,Boulder_Men
Youth Benchmarking Weekend 1,2026-04-18,VL-GLOBAL,599,Youth Climbing Series,Unknown,Boulder_Women
Youth Eastern Regionals 25/26,2026-04-18,CEC,217,Qualification,Flash,Boulder_Men
Youth Eastern Regionals 25/26,2026-04-18,CEC,217,Qualification,Flash,Boulder_Women
Youth Eastern Regionals 25/26,2026-04-18,CEC,217,Final,Onsight,Boulder_Men
Youth Eastern Regionals 25/26,2026-04-18,CEC,217,Final,Onsight,Boulder_Women
Youth Western Regionals 25/26,2026-04-18,CEC,223,Qualification,Flash,Boulder_Men
Youth Western Regionals 25/26,2026-04-18,CEC,223,Qualification,Flash,Boulder_Women
Youth Western Regionals 25/26,2026-04-18,CEC,223,Final,Onsight,Boulder_Men
Youth Western Regionals 25/26,2026-04-18,CEC,223,Final,Onsight,Boulder_Women
Veneto Campionato Regionale 3° prova (B),2026-04-12,FASI,1252,Qualification,Unknown,Boulder_Women
Veneto Campionato Regionale 3° prova (B),2026-04-12,FASI,1252,Qualification,Unknown,Boulder_Men
Veneto Campionato Regionale 3° prova (B),2026-04-12,FASI,1252,Final,Onsight,Boulder_Women
Veneto Campionato Regionale 3° prova (B),2026-04-12,FASI,1252,Final,Onsight,Boulder_Men
D1 Multnomah Athletic Club Youth Boulder Divisional Championship,2026-04-11,USAC,523,Qualification,Flash,Boulder_Women
D1 Multnomah Athletic Club Youth Boulder Divisional Championship,2026-04-11,USAC,523,Qualification,Flash,Boulder_Men
D1 Multnomah Athletic Club Youth Boulder Divisional Championship,2026-04-11,USAC,523,Final,Onsight,Boulder_Women
D1 Multnomah Athletic Club Youth Boulder Divisional Championship,2026-04-11,USAC,523,Final,Onsight,Boulder_Men
D2 The Boulder Field Youth Boulder Divisional Championship,2026-04-11,USAC,524,Qualification,Flash,Boulder_Women
D2 The Boulder Field Youth Boulder Divisional Championship,2026-04-11,USAC,524,Qualification,Flash,Boulder_Men
D2 The Boulder Field Youth Boulder Divisional Championship,2026-04-11,USAC,524,Final,Onsight,Boulder_Women
D2 The Boulder Field Youth Boulder Divisional Championship,2026-04-11,USAC,524,Final,Onsight,Boulder_Men
D3 Mesa Rim Academy Youth Boulder Divisional Championship,2026-04-11,USAC,522,Qualification,Flash,Boulder_Women
D3 Mesa Rim Academy Youth Boulder Divisional Championship,2026-04-11,USAC,522,Qualification,Flash,Boulder_Men
D3 Mesa Rim Academy Youth Boulder Divisional Championship,2026-04-11,USAC,522,Final,Onsight,Boulder_Women
D3 Mesa Rim Academy Youth Boulder Divisional Championship,2026-04-11,USAC,522,Final,Onsight,Boulder_Men
D5 Sequence Climb Youth Boulder Divisional Championship,2026-04-11,USAC,517,Qualification,Flash,Boulder_Women
D5 Sequence Climb Youth Boulder Divisional Championship,2026-04-11,USAC,517,Qualification,Flash,Boulder_Men
D5 Sequence Climb Youth Boulder Divisional Championship,2026-04-11,USAC,517,Final,Onsight,Boulder_Women
D5 Sequence Climb Youth Boulder Divisional Championship,2026-04-11,USAC,517,Final,Onsight,Boulder_Men
D7 Central Rock Gym - Orlando Youth Boulder Divisional Championship,2026-04-11,USAC,519,Qualification,Flash,Boulder_Women
D7 Central Rock Gym - Orlando Youth Boulder Divisional Championship,2026-04-11,USAC,519,Qualification,Flash,Boulder_Men
D7 Central Rock Gym - Orlando Youth Boulder Divisional Championship,2026-04-11,USAC,519,Final,Onsight,Boulder_Women
D7 Central Rock Gym - Orlando Youth Boulder Divisional Championship,2026-04-11,USAC,519,Final,Onsight,Boulder_Men
D9 Central Rock Gym - Cambridge Youth Boulder Divisional Championship,2026-04-11,USAC,521,Qualification,Flash,Boulder_Women
D9 Central Rock Gym - Cambridge Youth Boulder Divisional Championship,2026-04-11,USAC,521,Qualification,Flash,Boulder_Men
D9 Central Rock Gym - Cambridge Youth Boulder Divisional Championship,2026-04-11,USAC,521,Final,Onsight,Boulder_Women
D9 Central Rock Gym - Cambridge Youth Boulder Divisional Championship,2026-04-11,USAC,521,Final,Onsight,Boulder_Men
Plastic Fantastic Comp. Series 2026 (U17 and older) - Minimum Flüela,2026-04-11,SAC-CAS,972,Qualification,Flash,Boulder_Women
Plastic Fantastic Comp. Series 2026 (U17 and older) - Minimum Flüela,2026-04-11,SAC-CAS,972,Qualification,Flash,Boulder_Men
Plastic Fantastic Comp. Series 2026 (U17 and older) - Minimum Flüela,2026-04-11,SAC-CAS,972,Final,Onsight,Boulder_Women
Plastic Fantastic Comp. Series 2026 (U17 and older) - Minimum Flüela,2026-04-11,SAC-CAS,972,Final,Onsight,Boulder_Men
Testevent Bouldering,2026-04-11,SAC-CAS,1022,Qualification,Unknown,Boulder_Men
U17/U19/U21 SM-Boulder 2026,2026-04-11,VL-GLOBAL,564,Karsinnat,Unknown,Boulder_Women
U17/U19/U21 SM-Boulder 2026,2026-04-11,VL-GLOBAL,564,Karsinnat,Unknown,Boulder_Men
U17/U19/U21 SM-Boulder 2026,2026-04-11,VL-GLOBAL,564,Finaalit,Onsight,Boulder_Women
U17/U19/U21 SM-Boulder 2026,2026-04-11,VL-GLOBAL,564,Finaalit,Onsight,Boulder_Men
Demo Judging,2026-04-10,VL-GLOBAL,591,Qualification,Unknown,Boulder_Women
Demo Judging,2026-04-10,VL-GLOBAL,591,Final,Onsight,Boulder_Women
World Climbing Asia Championship Meishan 2026,2026-04-08,IFSC,1515,Qualification,Onsight,Boulder_Men
World Climbing Asia Championship Meishan 2026,2026-04-08,IFSC,1515,Qualification,Onsight,Boulder_Women
World Climbing Asia Championship Meishan 2026,2026-04-08,IFSC,1515,Semi-final,Onsight,Boulder_Men
World Climbing Asia Championship Meishan 2026,2026-04-08,IFSC,1515,Semi-final,Onsight,Boulder_Women
World Climbing Asia Championship Meishan 2026,2026-04-08,IFSC,1515,Final,Onsight,Boulder_Men
World Climbing Asia Championship Meishan 2026,2026-04-08,IFSC,1515,Final,Onsight,Boulder_Women
Boulder Selection Event 2,2026-04-03,SAC-CAS,1021,Qualification,Unknown,Boulder_Men
Boulder Selection Event 2,2026-04-03,SAC-CAS,1021,Qualification,Unknown,Boulder_Women
Reg Test Event - Caden (Internal),2026-04-01,USAC,60,Qualification,Flash,Boulder_Women
R42 Ascent Studio Climbing & Fitness Youth Boulder Regional Championship,2026-03-29,USAC,491,Final,Onsight,Boulder_Women
R42 Ascent Studio Climbing & Fitness Youth Boulder Regional Championship,2026-03-29,USAC,491,Final,Onsight,Boulder_Men
1a Prueba Copa España Bloque,2026-03-28,FEDME,106,Final,Onsight,Boulder_Women
1a Prueba Copa España Bloque,2026-03-28,FEDME,106,Final,Onsight,Boulder_Men
1a Prueba Copa España Bloque,2026-03-28,FEDME,106,Clasificatoria,Unknown,Boulder_Women
1a Prueba Copa España Bloque,2026-03-28,FEDME,106,Clasificatoria,Unknown,Boulder_Men
Berner Oberland Cup 2026 - 2. Teil Qualifikation,2026-03-28,VL-GLOBAL,568,Qualification,Unknown,Boulder_Women
Berner Oberland Cup 2026 - 2. Teil Qualifikation,2026-03-28,VL-GLOBAL,568,Qualification,Unknown,Boulder_Men
Berner Oberland Cup 2026 - Finale,2026-03-28,VL-GLOBAL,569,Final,Onsight,Boulder_Women
Berner Oberland Cup 2026 - Finale,2026-03-28,VL-GLOBAL,569,Final,Onsight,Boulder_Men
Boulder Selection Event 1,2026-03-28,SAC-CAS,1018,Qualification,Unknown,Boulder_Men
Boulder Selection Event 1,2026-03-28,SAC-CAS,1018,Qualification,Unknown,Boulder_Women
R62 Ascend South Side Youth Boulder Regional Championship,2026-03-28,USAC,496,Final,Onsight,Boulder_Women
R62 Ascend South Side Youth Boulder Regional Championship,2026-03-28,USAC,496,Final,Onsight,Boulder_Men
TRIAL Nazionale Boulder,2026-03-28,FASI,1340,Qualification,Unknown,Boulder_Men
TRIAL Nazionale Boulder,2026-03-28,FASI,1340,Qualification,Unknown,Boulder_Women
Toscana Campionato Regionale 3° prova (B),2026-03-28,FASI,1332,Qualification,Unknown,Boulder_Women
Toscana Campionato Regionale 3° prova (B),2026-03-28,FASI,1332,Qualification,Unknown,Boulder_Men
Toscana Campionato Regionale 3° prova (B),2026-03-28,FASI,1332,Final,Onsight,Boulder_Women
Toscana Campionato Regionale 3° prova (B),2026-03-28,FASI,1332,Final,Onsight,Boulder_Men
Umbria Campionato Regionale 1° prova (B),2026-03-28,FASI,1282,Qualification,Unknown,Boulder_Women
Umbria Campionato Regionale 1° prova (B),2026-03-28,FASI,1282,Qualification,Unknown,Boulder_Men
Umbria Campionato Regionale 1° prova (B),2026-03-28,FASI,1282,Final,Unknown,Boulder_Women
Umbria Campionato Regionale 1° prova (B),2026-03-28,FASI,1282,Final,Unknown,Boulder_Men
BLX Bouldering League - #3,2026-03-27,VL-GLOBAL,578,Qualification,Unknown,Boulder_Women
BLX Bouldering League - #3,2026-03-27,VL-GLOBAL,578,Qualification,Unknown,Boulder_Men
12 x 12 - Boulder Challenge - März,2026-03-26,VL-GLOBAL,549,Hauptrunde,Unknown,Boulder_Men
12 x 12 - Boulder Challenge - März,2026-03-26,VL-GLOBAL,549,Hauptrunde,Unknown,Boulder_Women
OCF B/A/Jr Boulder Provincials,2026-03-26,CEC,189,Qualification,Flash,Boulder_Men
OCF B/A/Jr Boulder Provincials,2026-03-26,CEC,189,Qualification,Flash,Boulder_Women
OCF B/A/Jr Boulder Provincials,2026-03-26,CEC,189,Final,Onsight,Boulder_Men
OCF B/A/Jr Boulder Provincials,2026-03-26,CEC,189,Final,Onsight,Boulder_Women
Championnat Provincial D2 Bloc,2026-03-22,CEC,212,Qualification,Flash,Boulder_Men
Championnat Provincial D2 Bloc,2026-03-22,CEC,212,Qualification,Flash,Boulder_Women
FVG 2° prova di qualifica U21 (B),2026-03-22,FASI,1296,Qualification,Flash,Boulder_Women
FVG 2° prova di qualifica U21 (B),2026-03-22,FASI,1296,Qualification,Flash,Boulder_Men
FVG 2° prova di qualifica U21 (B),2026-03-22,FASI,1296,Final,Onsight,Boulder_Women
FVG 2° prova di qualifica U21 (B),2026-03-22,FASI,1296,Final,Onsight,Boulder_Men
FVG Campionato regionale 2° prova (B),2026-03-22,FASI,1295,Qualification,Unknown,Boulder_Women
FVG Campionato regionale 2° prova (B),2026-03-22,FASI,1295,Qualification,Unknown,Boulder_Men
FVG Campionato regionale 2° prova (B),2026-03-22,FASI,1295,Final,Onsight,Boulder_Men
FVG Campionato regionale 2° prova (B),2026-03-22,FASI,1295,Final,Onsight,Boulder_Women
Stafftastic,2026-03-22,VL-GLOBAL,185,Main Round,Unknown,Boulder_Men
2a Prova Copa Catalana de Bloc,2026-03-21,FEDME,171,Qualification,Unknown,Boulder_Women
2a Prova Copa Catalana de Bloc,2026-03-21,FEDME,171,Qualification,Unknown,Boulder_Men
2a Prova Copa Catalana de Bloc,2026-03-21,FEDME,171,Final,Onsight,Boulder_Women
2a Prova Copa Catalana de Bloc,2026-03-21,FEDME,171,Final,Onsight,Boulder_Men
Campionat de Catalunya de Bloc,2026-03-21,FEDME,100,Qualification,Unknown,Boulder_Women
Campionat de Catalunya de Bloc,2026-03-21,FEDME,100,Qualification,Unknown,Boulder_Men
Campionat de Catalunya de Bloc,2026-03-21,FEDME,100,Final,Onsight,Boulder_Women
Campionat de Catalunya de Bloc,2026-03-21,FEDME,100,Final,Onsight,Boulder_Men
Championnat Provincial D1 Bloc,2026-03-21,CEC,211,Qualification,Flash,Boulder_Men
Championnat Provincial D1 Bloc,2026-03-21,CEC,211,Qualification,Flash,Boulder_Women
Championnat Provincial D1 Bloc,2026-03-21,CEC,211,Final,Onsight,Boulder_Men
Championnat Provincial D1 Bloc,2026-03-21,CEC,211,Final,Onsight,Boulder_Women
Coppa Italia 3° prova (B),2026-03-21,FASI,1185,Qualification,Unknown,Boulder_Men
Coppa Italia 3° prova (B),2026-03-21,FASI,1185,Qualification,Unknown,Boulder_Women
Coppa Italia 3° prova (B),2026-03-21,FASI,1185,Semi-final,Unknown,Boulder_Men
Coppa Italia 3° prova (B),2026-03-21,FASI,1185,Semi-final,Unknown,Boulder_Women
Coppa Italia 3° prova (B),2026-03-21,FASI,1185,Final,Onsight,Boulder_Men
Coppa Italia 3° prova (B),2026-03-21,FASI,1185,Final,Onsight,Boulder_Women
Kivi Men Only Comp 2026,2026-03-21,VL-GLOBAL,570,Qualification,Unknown,Boulder_Men
Kivi Men Only Comp 2026,2026-03-21,VL-GLOBAL,570,Semi-final,Unknown,Boulder_Men
Kivi Men Only Comp 2026,2026-03-21,VL-GLOBAL,570,Final,Onsight,Boulder_Men
Garage Sessions - Finals,2026-03-20,VL-GLOBAL,529,Final,Onsight,Boulder_Men
Garage Sessions - Finals,2026-03-20,VL-GLOBAL,529,Final,Onsight,Boulder_Women
Garage Sessions - Qualification 3,2026-03-20,VL-GLOBAL,528,Qualification,Unknown,Boulder_Men
Garage Sessions - Qualification 3,2026-03-20,VL-GLOBAL,528,Qualification,Unknown,Boulder_Women
Test,2026-03-20,VL-GLOBAL,586,Qualification,Unknown,Boulder_Men
Test,2026-03-20,VL-GLOBAL,586,Final,Onsight,Boulder_Men
R12 Bend Endurance Academy Youth Boulder Regional Championship,2026-03-15,USAC,503,Final,Onsight,Boulder_Women
R12 Bend Endurance Academy Youth Boulder Regional Championship,2026-03-15,USAC,503,Final,Onsight,Boulder_Men
R22 Asana Climbing Gym Youth Boulder Regional Championship,2026-03-15,USAC,480,Final,Onsight,Boulder_Women
R22 Asana Climbing Gym Youth Boulder Regional Championship,2026-03-15,USAC,480,Final,Onsight,Boulder_Men
R32 Rock Solid Climbing + Fitness Youth Boulder Regional Championship,2026-03-15,USAC,481,Final,Onsight,Boulder_Women
R32 Rock Solid Climbing + Fitness Youth Boulder Regional Championship,2026-03-15,USAC,481,Final,Onsight,Boulder_Men
R41 Movement Centennial Youth Boulder Regional Championship,2026-03-15,USAC,482,Final,Onsight,Boulder_Women
R41 Movement Centennial Youth Boulder Regional Championship,2026-03-15,USAC,482,Final,Onsight,Boulder_Men
R52 Climb Murfreesboro Youth Boulder Regional Championship,2026-03-15,USAC,483,Final,Onsight,Boulder_Women
R52 Climb Murfreesboro Youth Boulder Regional Championship,2026-03-15,USAC,483,Final,Onsight,Boulder_Men
R61 Minneapolis Bouldering Project Youth Boulder Regional Championship,2026-03-15,USAC,484,Final,Onsight,Boulder_Women
R61 Minneapolis Bouldering Project Youth Boulder Regional Championship,2026-03-15,USAC,484,Final,Onsight,Boulder_Men
ACA Youth B/A/Jr Boulder Provincials - CCC Chinook,2026-03-14,CEC,215,Qualification,Flash,Boulder_Men
ACA Youth B/A/Jr Boulder Provincials - CCC Chinook,2026-03-14,CEC,215,Qualification,Flash,Boulder_Women
ACA Youth B/A/Jr Boulder Provincials - CCC Chinook,2026-03-14,CEC,215,Semi-final,Onsight,Boulder_Men
ACA Youth B/A/Jr Boulder Provincials - CCC Chinook,2026-03-14,CEC,215,Semi-final,Onsight,Boulder_Women
ACA Youth B/A/Jr Boulder Provincials - CCC Chinook,2026-03-14,CEC,215,Final,Onsight,Boulder_Men
ACA Youth B/A/Jr Boulder Provincials - CCC Chinook,2026-03-14,CEC,215,Final,Onsight,Boulder_Women
Lazio 2° prova di qualifica U21 (B),2026-03-14,FASI,1331,Qualification,Flash,Boulder_Women
Lazio 2° prova di qualifica U21 (B),2026-03-14,FASI,1331,Qualification,Flash,Boulder_Men
Lazio 2° prova di qualifica U21 (B),2026-03-14,FASI,1331,Final,Onsight,Boulder_Women
Lazio 2° prova di qualifica U21 (B),2026-03-14,FASI,1331,Final,Onsight,Boulder_Men
OCF D/C Boulder Provincials,2026-03-14,CEC,187,Qualification,Flash,Boulder_Men
OCF D/C Boulder Provincials,2026-03-14,CEC,187,Qualification,Flash,Boulder_Women
OCF D/C Boulder Provincials,2026-03-14,CEC,187,Final,Onsight,Boulder_Men
OCF D/C Boulder Provincials,2026-03-14,CEC,187,Final,Onsight,Boulder_Women
Plastic Fantastic Comp. Series 2026 (U17 and older) - Manola Langenthal,2026-03-14,SAC-CAS,971,Qualification,Flash,Boulder_Women
Plastic Fantastic Comp. Series 2026 (U17 and older) - Manola Langenthal,2026-03-14,SAC-CAS,971,Qualification,Flash,Boulder_Men
Plastic Fantastic Comp. Series 2026 (U17 and older) - Manola Langenthal,2026-03-14,SAC-CAS,971,Final,Onsight,Boulder_Women
Plastic Fantastic Comp. Series 2026 (U17 and older) - Manola Langenthal,2026-03-14,SAC-CAS,971,Final,Onsight,Boulder_Men
R11 Edgeworks Climbing Bellevue Youth Boulder Regional Championship,2026-03-14,USAC,504,Final,Onsight,Boulder_Women
R11 Edgeworks Climbing Bellevue Youth Boulder Regional Championship,2026-03-14,USAC,504,Final,Onsight,Boulder_Men
R21 Berkeley Ironworks Youth Boulder Regional Championship,2026-03-14,USAC,501,Final,Onsight,Boulder_Women
R21 Berkeley Ironworks Youth Boulder Regional Championship,2026-03-14,USAC,501,Final,Onsight,Boulder_Men
R31 Long Beach Rising Youth Boulder Regional Championship,2026-03-14,USAC,494,Final,Onsight,Boulder_Women
R31 Long Beach Rising Youth Boulder Regional Championship,2026-03-14,USAC,494,Final,Onsight,Boulder_Men
R51 Mesa Rim Austin Youth Boulder Regional Championship,2026-03-14,USAC,473,Final,Onsight,Boulder_Women
R51 Mesa Rim Austin Youth Boulder Regional Championship,2026-03-14,USAC,473,Final,Onsight,Boulder_Men
R71 High Point Climbing and Fitness - Birmingham Youth Boulder Regional Championship,2026-03-14,USAC,476,Final,Onsight,Boulder_Women
R71 High Point Climbing and Fitness - Birmingham Youth Boulder Regional Championship,2026-03-14,USAC,476,Final,Onsight,Boulder_Men
R72 Cultivate Climbing Foundy Youth Boulder Regional Championship,2026-03-14,USAC,477,Final,Onsight,Boulder_Women
R72 Cultivate Climbing Foundy Youth Boulder Regional Championship,2026-03-14,USAC,477,Final,Onsight,Boulder_Men
R81 Movement Hampden Youth Boulder Regional Championship,2026-03-14,USAC,478,Final,Onsight,Boulder_Women
R81 Movement Hampden Youth Boulder Regional Championship,2026-03-14,USAC,478,Final,Onsight,Boulder_Men
R82 Method Climbing Youth Boulder Regional Championship,2026-03-14,USAC,479,Final,Onsight,Boulder_Women
R82 Method Climbing Youth Boulder Regional Championship,2026-03-14,USAC,479,Final,Onsight,Boulder_Men
R91 Central Rock Gym - Warwick Youth Boulder Regional Championship,2026-03-14,USAC,492,Final,Onsight,Boulder_Women
R91 Central Rock Gym - Warwick Youth Boulder Regional Championship,2026-03-14,USAC,492,Final,Onsight,Boulder_Men
R92 Boulder Union Youth Boulder Regional Championship,2026-03-14,USAC,498,Final,Onsight,Boulder_Women
R92 Boulder Union Youth Boulder Regional Championship,2026-03-14,USAC,498,Final,Onsight,Boulder_Men
Regionals Boulder Flash Training,2026-03-14,USAC,452,Final,Onsight,Boulder_Men
SCBC Youth Provincials,2026-03-13,CEC,218,Qualification,Flash,Boulder_Men
SCBC Youth Provincials,2026-03-13,CEC,218,Qualification,Flash,Boulder_Women
SCBC Youth Provincials,2026-03-13,CEC,218,Semi-final,Onsight,Boulder_Women
SCBC Youth Provincials,2026-03-13,CEC,218,Semi-final,Onsight,Boulder_Men
SCBC Youth Provincials,2026-03-13,CEC,218,Final,Onsight,Boulder_Men
SCBC Youth Provincials,2026-03-13,CEC,218,Final,Onsight,Boulder_Women
Test Q2,2026-03-12,VL-GLOBAL,553,Qualification,Unknown,Boulder_Men
Test Q2,2026-03-12,VL-GLOBAL,553,Qualification,Unknown,Boulder_Women
Test Q2,2026-03-12,VL-GLOBAL,553,Final,Onsight,Boulder_Men
Practice Plastic 7,2026-03-11,VL-GLOBAL,582,Main Round,Unknown,Boulder_Men
Plastic Fantastic 7 (Test),2026-03-10,VL-GLOBAL,248,Main Round,Unknown,Boulder_Men
1a Prova Copa Catalana de Bloc,2026-03-07,FEDME,168,Qualification,Unknown,Boulder_Women
1a Prova Copa Catalana de Bloc,2026-03-07,FEDME,168,Qualification,Unknown,Boulder_Men
1a Prova Copa Catalana de Bloc,2026-03-07,FEDME,168,Final,Onsight,Boulder_Women
1a Prova Copa Catalana de Bloc,2026-03-07,FEDME,168,Final,Onsight,Boulder_Men
2026 National Team Trials - Boulder,2026-03-07,USAC,508,Round 1,Unknown,Boulder_Men
2026 National Team Trials - Boulder,2026-03-07,USAC,508,Round 1,Unknown,Boulder_Women
ACA 2026 D/C Bouldering Provincials (Point based scoring),2026-03-07,CEC,219,Qualification,Flash,Boulder_Women
ACA 2026 D/C Bouldering Provincials (Point based scoring),2026-03-07,CEC,219,Qualification,Flash,Boulder_Men
ACA 2026 D/C Bouldering Provincials (Point based scoring),2026-03-07,CEC,219,Final,Onsight,Boulder_Women
ACA 2026 D/C Bouldering Provincials (Point based scoring),2026-03-07,CEC,219,Final,Onsight,Boulder_Men
Campionato Italiano (B),2026-03-07,FASI,1182,Qualification,Unknown,Boulder_Men
Campionato Italiano (B),2026-03-07,FASI,1182,Qualification,Unknown,Boulder_Women
Campionato Italiano (B),2026-03-07,FASI,1182,Semi-final,Unknown,Boulder_Men
Campionato Italiano (B),2026-03-07,FASI,1182,Semi-final,Unknown,Boulder_Women
Campionato Italiano (B),2026-03-07,FASI,1182,Final,Onsight,Boulder_Men
Campionato Italiano (B),2026-03-07,FASI,1182,Final,Onsight,Boulder_Women
Test Even Normal,2026-03-06,VL-GLOBAL,576,Qualification,Unknown,Boulder_Men
2026 National Team Trials,2026-03-04,USAC,448,Round 1,Unknown,Boulder_Men
2026 National Team Trials,2026-03-04,USAC,448,Round 1,Unknown,Boulder_Women
2026 National Team Trials,2026-03-04,USAC,448,Round 2,Unknown,Boulder_Men
2026 National Team Trials,2026-03-04,USAC,448,Round 2,Unknown,Boulder_Women
2026 National Team Trials,2026-03-04,USAC,448,Round 3,Unknown,Boulder_Men
2026 National Team Trials,2026-03-04,USAC,448,Round 3,Unknown,Boulder_Women
G-Force Finals,2026-03-01,VL-GLOBAL,572,Final,Unknown,Boulder_Men
G-Force Finals,2026-03-01,VL-GLOBAL,572,Final,Unknown,Boulder_Women
Test Event,2026-03-01,VL-GLOBAL,571,Final,Unknown,Boulder_Men
Test Event,2026-03-01,VL-GLOBAL,571,Final,Unknown,Boulder_Women
Berner Oberland Cup 2026 - 1. Teil Qualifikation,2026-02-28,VL-GLOBAL,567,Qualification,Unknown,Boulder_Women
Berner Oberland Cup 2026 - 1. Teil Qualifikation,2026-02-28,VL-GLOBAL,567,Qualification,Unknown,Boulder_Men
G-Force Semi-Finals,2026-02-28,VL-GLOBAL,565,Semi-final,Unknown,Boulder_Men
G-Force Semi-Finals,2026-02-28,VL-GLOBAL,565,Semi-final,Unknown,Boulder_Women
R12 Source Climbing Center QE 2025-26,2026-02-28,USAC,395,Final,Onsight,Boulder_Women
R12 Source Climbing Center QE 2025-26,2026-02-28,USAC,395,Final,Onsight,Boulder_Men
R61 Adventure Rock Walker's Point QE 2025-26,2026-02-28,USAC,445,Final,Onsight,Boulder_Women
R61 Adventure Rock Walker's Point QE 2025-26,2026-02-28,USAC,445,Final,Onsight,Boulder_Men
R62 Scrapyard Climbing Collective QE 2025-26,2026-02-28,USAC,348,Final,Onsight,Boulder_Women
R62 Scrapyard Climbing Collective QE 2025-26,2026-02-28,USAC,348,Final,Onsight,Boulder_Men
R82 Gravity Vault Jersey City QE 2025-26,2026-02-28,USAC,432,Final,Onsight,Boulder_Women
R82 Gravity Vault Jersey City QE 2025-26,2026-02-28,USAC,432,Final,Onsight,Boulder_Men
SCBC Boulder Tier 2 - Gravity Check 3.0,2026-02-28,CEC,209,Qualification,Flash,Boulder_Men
SCBC Boulder Tier 2 - Gravity Check 3.0,2026-02-28,CEC,209,Qualification,Flash,Boulder_Women
Test Finale,2026-02-28,VL-GLOBAL,554,Final,Onsight,Boulder_Women
World Climbing Oceania Series New South Wales 2026,2026-02-28,IFSC,1523,Qualification,Onsight,Boulder_Men
World Climbing Oceania Series New South Wales 2026,2026-02-28,IFSC,1523,Qualification,Onsight,Boulder_Women
World Climbing Oceania Series New South Wales 2026,2026-02-28,IFSC,1523,Semi-final,Onsight,Boulder_Men
World Climbing Oceania Series New South Wales 2026,2026-02-28,IFSC,1523,Semi-final,Onsight,Boulder_Women
World Climbing Oceania Series New South Wales 2026,2026-02-28,IFSC,1523,Final,Onsight,Boulder_Men
World Climbing Oceania Series New South Wales 2026,2026-02-28,IFSC,1523,Final,Onsight,Boulder_Women
Test,2026-02-27,CEC,213,Qualification,Flash,Boulder_Men
12 x 12 - Boulder Challenge - Februar,2026-02-26,VL-GLOBAL,540,Januar,Unknown,Boulder_Men
12 x 12 - Boulder Challenge - Februar,2026-02-26,VL-GLOBAL,540,Januar,Unknown,Boulder_Women
Basilicata Campionato regionale 1° prova B),2026-02-22,FASI,1327,Qualification,Unknown,Boulder_Women
Basilicata Campionato regionale 1° prova B),2026-02-22,FASI,1327,Qualification,Unknown,Boulder_Men
Basilicata Campionato regionale 1° prova B),2026-02-22,FASI,1327,Final,Onsight,Boulder_Women
Campania Campionato regionale 1° prova B),2026-02-22,FASI,1328,Qualification,Unknown,Boulder_Men
Campania Campionato regionale 1° prova B),2026-02-22,FASI,1328,Final,Onsight,Boulder_Men
Puglia Campionato regionale 1° prova B),2026-02-22,FASI,1300,Qualification,Unknown,Boulder_Women
Puglia Campionato regionale 1° prova B),2026-02-22,FASI,1300,Qualification,Unknown,Boulder_Men
Puglia Campionato regionale 1° prova B),2026-02-22,FASI,1300,Final,Onsight,Boulder_Women
Puglia Campionato regionale 1° prova B),2026-02-22,FASI,1300,Final,Onsight,Boulder_Men
2n Selectivo Bloque 2026,2026-02-21,FEDME,162,Final,Onsight,Boulder_Women
2n Selectivo Bloque 2026,2026-02-21,FEDME,162,Final,Onsight,Boulder_Men
2n Selectivo Bloque 2026,2026-02-21,FEDME,162,Clasificatoria,Unknown,Boulder_Women
2n Selectivo Bloque 2026,2026-02-21,FEDME,162,Clasificatoria,Unknown,Boulder_Men
Coppa Italia 2° prova (B),2026-02-21,FASI,1180,Qualification,Unknown,Boulder_Men
Coppa Italia 2° prova (B),2026-02-21,FASI,1180,Qualification,Unknown,Boulder_Women
Coppa Italia 2° prova (B),2026-02-21,FASI,1180,Semi-final,Unknown,Boulder_Men
Coppa Italia 2° prova (B),2026-02-21,FASI,1180,Semi-final,Unknown,Boulder_Women
Coppa Italia 2° prova (B),2026-02-21,FASI,1180,Final,Onsight,Boulder_Men
Coppa Italia 2° prova (B),2026-02-21,FASI,1180,Final,Onsight,Boulder_Women
Kivi Women Only Comp 2026,2026-02-21,VL-GLOBAL,532,Qualification,Unknown,Boulder_Women
Kivi Women Only Comp 2026,2026-02-21,VL-GLOBAL,532,Semi-final,Unknown,Boulder_Women
Kivi Women Only Comp 2026,2026-02-21,VL-GLOBAL,532,Final,Onsight,Boulder_Women
R11 Bloc Yard Bouldering Gym QE 2025-26,2026-02-21,USAC,371,Final,Onsight,Boulder_Women
R11 Bloc Yard Bouldering Gym QE 2025-26,2026-02-21,USAC,371,Final,Onsight,Boulder_Men
R32 Flux Training Center QE 2025-26,2026-02-21,USAC,421,Final,Onsight,Boulder_Women
R32 Flux Training Center QE 2025-26,2026-02-21,USAC,421,Final,Onsight,Boulder_Men
R41 Movement - Englewood QE 2025-26,2026-02-21,USAC,422,Final,Onsight,Boulder_Women
R41 Movement - Englewood QE 2025-26,2026-02-21,USAC,422,Final,Onsight,Boulder_Men
R62 Hoosier Heights Indianapolis QE 2025-26,2026-02-21,USAC,424,Final,Onsight,Boulder_Women
R62 Hoosier Heights Indianapolis QE 2025-26,2026-02-21,USAC,424,Final,Onsight,Boulder_Men
R71 Active Climbing Augusta QE 2025-26,2026-02-21,USAC,425,Final,Onsight,Boulder_Women
R71 Active Climbing Augusta QE 2025-26,2026-02-21,USAC,425,Final,Onsight,Boulder_Men
R82 Tufas Boulder Lounge QE 2025-26,2026-02-21,USAC,346,Qualification,Flash,Boulder_Women
R82 Tufas Boulder Lounge QE 2025-26,2026-02-21,USAC,346,Qualification,Flash,Boulder_Men
Toscana Campionato Regionale 2° prova (B),2026-02-21,FASI,1162,Qualification,Unknown,Boulder_Women
Toscana Campionato Regionale 2° prova (B),2026-02-21,FASI,1162,Qualification,Unknown,Boulder_Men
Toscana Campionato Regionale 2° prova (B),2026-02-21,FASI,1162,Final,Onsight,Boulder_Women
Toscana Campionato Regionale 2° prova (B),2026-02-21,FASI,1162,Final,Onsight,Boulder_Men
Climb Till Death - night edition - 2026,2026-02-20,VL-GLOBAL,534,Qualification,Unknown,Boulder_Men
Climb Till Death - night edition - 2026,2026-02-20,VL-GLOBAL,534,Qualification,Unknown,Boulder_Women
Dolomate Test,2026-02-20,VL-GLOBAL,559,Qualification,Unknown,Boulder_Men
Dolomate Test,2026-02-20,VL-GLOBAL,559,Qualification,Unknown,Boulder_Women
Dolomate Test,2026-02-20,VL-GLOBAL,559,Final,Onsight,Boulder_Men
Garage Sessions - Qualification 2,2026-02-20,VL-GLOBAL,527,Qualification,Unknown,Boulder_Men
Garage Sessions - Qualification 2,2026-02-20,VL-GLOBAL,527,Qualification,Unknown,Boulder_Women
JOBO CUP,2026-02-20,VL-GLOBAL,551,Qualification,Unknown,Boulder_Women
JOBO CUP,2026-02-20,VL-GLOBAL,551,Qualification,Unknown,Boulder_Men
Lazio 1° prova di qualifica U21 (B),2026-02-15,FASI,1319,Qualification,Flash,Boulder_Women
Lazio 1° prova di qualifica U21 (B),2026-02-15,FASI,1319,Qualification,Flash,Boulder_Men
Lazio 1° prova di qualifica U21 (B),2026-02-15,FASI,1319,Final,Onsight,Boulder_Women
Lazio 1° prova di qualifica U21 (B),2026-02-15,FASI,1319,Final,Onsight,Boulder_Men
R31 Refuge Climbing Gym QE 2025-26,2026-02-14,USAC,370,Final,Onsight,Boulder_Women
R31 Refuge Climbing Gym QE 2025-26,2026-02-14,USAC,370,Final,Onsight,Boulder_Men
Test Attribute,2026-02-13,VL-GLOBAL,535,Qualification,Unknown,Boulder_Men
Test Q1,2026-02-13,VL-GLOBAL,552,Qualification,Unknown,Boulder_Men
2025-2026 Senior National Championships,2026-02-12,CEC,157,Qualification,Flash,Boulder_Men
2025-2026 Senior National Championships,2026-02-12,CEC,157,Qualification,Flash,Boulder_Women
2025-2026 Senior National Championships,2026-02-12,CEC,157,Semi-final,Unknown,Boulder_Men
2025-2026 Senior National Championships,2026-02-12,CEC,157,Semi-final,Unknown,Boulder_Women
2025-2026 Senior National Championships,2026-02-12,CEC,157,Final,Unknown,Boulder_Men
2025-2026 Senior National Championships,2026-02-12,CEC,157,Final,Unknown,Boulder_Women
Test NCH,2026-02-12,USAC,437,Qualification,Unknown,Boulder_Men
Test NCH,2026-02-12,USAC,437,Qualification,Unknown,Boulder_Women
2026 YETI Climbing National Championships,2026-02-11,USAC,391,Qualification,Unknown,Boulder_Men
2026 YETI Climbing National Championships,2026-02-11,USAC,391,Qualification,Unknown,Boulder_Women
2026 YETI Climbing National Championships,2026-02-11,USAC,391,Semi-final,Unknown,Boulder_Men
2026 YETI Climbing National Championships,2026-02-11,USAC,391,Semi-final,Unknown,Boulder_Women
2026 YETI Climbing National Championships,2026-02-11,USAC,391,Final,Unknown,Boulder_Men
2026 YETI Climbing National Championships,2026-02-11,USAC,391,Final,Unknown,Boulder_Women
Sardegna Campionato Regionale 2° prova,2026-02-08,FASI,1313,Qualification,Unknown,Boulder_Women
Sardegna Campionato Regionale 2° prova,2026-02-08,FASI,1313,Qualification,Unknown,Boulder_Men
Sardegna Campionato Regionale 2° prova,2026-02-08,FASI,1313,Final,Onsight,Boulder_Women
Sardegna Campionato Regionale 2° prova,2026-02-08,FASI,1313,Final,Onsight,Boulder_Men
Chalk it Down,2026-02-07,VL-GLOBAL,449,Qualification,Unknown,Boulder_Men
Chalk it Down,2026-02-07,VL-GLOBAL,449,Qualification,Unknown,Boulder_Women
Chalk it Down,2026-02-07,VL-GLOBAL,449,Final,Unknown,Boulder_Women
Chalk it Down,2026-02-07,VL-GLOBAL,449,Final,Unknown,Boulder_Men
Coppa Italia 1° prova (B),2026-02-07,FASI,1179,Qualification,Unknown,Boulder_Men
Coppa Italia 1° prova (B),2026-02-07,FASI,1179,Qualification,Unknown,Boulder_Women
Coppa Italia 1° prova (B),2026-02-07,FASI,1179,Semi-final,Unknown,Boulder_Men
Coppa Italia 1° prova (B),2026-02-07,FASI,1179,Semi-final,Unknown,Boulder_Women
Coppa Italia 1° prova (B),2026-02-07,FASI,1179,Final,Onsight,Boulder_Men
Coppa Italia 1° prova (B),2026-02-07,FASI,1179,Final,Onsight,Boulder_Women
R11 Insight Climbing Bremerton QE 2025-26,2026-02-07,USAC,369,Final,Onsight,Boulder_Women
R11 Insight Climbing Bremerton QE 2025-26,2026-02-07,USAC,369,Final,Onsight,Boulder_Men
"R41 Threshold Climbing, Fitness, and Yoga QE 2025-26",2026-02-07,USAC,403,Final,Onsight,Boulder_Women
"R41 Threshold Climbing, Fitness, and Yoga QE 2025-26",2026-02-07,USAC,403,Final,Onsight,Boulder_Men
R91 Hudson Boulders QE 2025-26,2026-02-07,USAC,340,Final,Onsight,Boulder_Women
R91 Hudson Boulders QE 2025-26,2026-02-07,USAC,340,Final,Onsight,Boulder_Men
SCBC Boulder Tier 2 - Pumped,2026-02-07,CEC,204,Qualification,Flash,Boulder_Men
SCBC Boulder Tier 2 - Pumped,2026-02-07,CEC,204,Qualification,Flash,Boulder_Women
R72 FirstHand Climbing QE 2025-26,2026-02-01,USAC,325,Final,Onsight,Boulder_Women
R72 FirstHand Climbing QE 2025-26,2026-02-01,USAC,325,Final,Onsight,Boulder_Men
Marche 2° prova di qualifica U15 U21 (B),2026-01-31,FASI,1294,Qualification,Flash,Boulder_Women
Marche 2° prova di qualifica U15 U21 (B),2026-01-31,FASI,1294,Qualification,Flash,Boulder_Men
Marche 2° prova di qualifica U15 U21 (B),2026-01-31,FASI,1294,Final,Onsight,Boulder_Women
Marche 2° prova di qualifica U15 U21 (B),2026-01-31,FASI,1294,Final,Onsight,Boulder_Men
Marche Campionato Regionale 2° prova (B),2026-01-31,FASI,1293,Qualification,Unknown,Boulder_Women
Marche Campionato Regionale 2° prova (B),2026-01-31,FASI,1293,Qualification,Unknown,Boulder_Men
Marche Campionato Regionale 2° prova (B),2026-01-31,FASI,1293,Final,Onsight,Boulder_Women
Marche Campionato Regionale 2° prova (B),2026-01-31,FASI,1293,Final,Onsight,Boulder_Men
OCF D/C Boulder Qualifier #2,2026-01-31,CEC,180,Qualification,Flash,Boulder_Men
OCF D/C Boulder Qualifier #2,2026-01-31,CEC,180,Qualification,Flash,Boulder_Women
R12 Rock Haven QE 2025-26,2026-01-31,USAC,328,Final,Onsight,Boulder_Women
R12 Rock Haven QE 2025-26,2026-01-31,USAC,328,Final,Onsight,Boulder_Men
R41 The Spot - Denver QE 2025-26,2026-01-31,USAC,333,Final,Onsight,Boulder_Women
R41 The Spot - Denver QE 2025-26,2026-01-31,USAC,333,Final,Onsight,Boulder_Men
R51 MoCo Bouldering and Fitness QE 2025-26,2026-01-31,USAC,309,Final,Onsight,Boulder_Women
R51 MoCo Bouldering and Fitness QE 2025-26,2026-01-31,USAC,309,Final,Onsight,Boulder_Men
R81 Sportrock Alexandria QE 2025-26,2026-01-31,USAC,326,Final,Onsight,Boulder_Women
R81 Sportrock Alexandria QE 2025-26,2026-01-31,USAC,326,Final,Onsight,Boulder_Men
R91 Mustangs Bouldering QE 2025-26,2026-01-31,USAC,381,Final,Onsight,Boulder_Women
R91 Mustangs Bouldering QE 2025-26,2026-01-31,USAC,381,Final,Onsight,Boulder_Men
R92 Metrorock - Newburyport QE 2025-26,2026-01-31,USAC,389,Final,Onsight,Boulder_Women
R92 Metrorock - Newburyport QE 2025-26,2026-01-31,USAC,389,Final,Onsight,Boulder_Men
B-DAY Cup 2026,2026-01-30,VL-GLOBAL,538,Qualification,Unknown,Boulder_Women
B-DAY Cup 2026,2026-01-30,VL-GLOBAL,538,Qualification,Unknown,Boulder_Men
B-DAY Cup 2026,2026-01-30,VL-GLOBAL,538,Final,Unknown,Boulder_Women
B-DAY Cup 2026,2026-01-30,VL-GLOBAL,538,Final,Unknown,Boulder_Men
Garage Sessions - Qualification 1,2026-01-30,VL-GLOBAL,524,Qualification,Unknown,Boulder_Men
Garage Sessions - Qualification 1,2026-01-30,VL-GLOBAL,524,Qualification,Unknown,Boulder_Women
Test Saarbrücken,2026-01-30,VL-GLOBAL,537,Qualification,Unknown,Boulder_Men
Test Saarbrücken,2026-01-30,VL-GLOBAL,537,Final,Onsight,Boulder_Men
12 x 12 - Boulder Challenge - Januar,2026-01-29,VL-GLOBAL,539,Hauptrunde,Unknown,Boulder_Men
12 x 12 - Boulder Challenge - Januar,2026-01-29,VL-GLOBAL,539,Hauptrunde,Unknown,Boulder_Women
Test speed,2026-01-26,CEC,194,Qualification,Flash,Boulder_Men
The Carnival Boulder 2026,2026-01-26,VL-GLOBAL,541,Qualification,Unknown,Boulder_Men
The Carnival Boulder 2026,2026-01-26,VL-GLOBAL,541,Qualification,Unknown,Boulder_Women
The Carnival Boulder 2026,2026-01-26,VL-GLOBAL,541,Final,Onsight,Boulder_Men
The Carnival Boulder 2026,2026-01-26,VL-GLOBAL,541,Final,Onsight,Boulder_Women
Coupe QC D2 Bloc - Rose Bloc,2026-01-25,CEC,195,Qualification,Flash,Boulder_Men
Coupe QC D2 Bloc - Rose Bloc,2026-01-25,CEC,195,Qualification,Flash,Boulder_Women
1r Selectivo Bloque 2026,2026-01-24,FEDME,161,Final,Onsight,Boulder_Women
1r Selectivo Bloque 2026,2026-01-24,FEDME,161,Final,Onsight,Boulder_Men
1r Selectivo Bloque 2026,2026-01-24,FEDME,161,Clasificatoria,Unknown,Boulder_Women
1r Selectivo Bloque 2026,2026-01-24,FEDME,161,Clasificatoria,Unknown,Boulder_Men
ACA Senior Boulder Provincials CCC Chinook,2026-01-24,CEC,196,Qualification,Flash,Boulder_Men
ACA Senior Boulder Provincials CCC Chinook,2026-01-24,CEC,196,Qualification,Flash,Boulder_Women
ACA Senior Boulder Provincials CCC Chinook,2026-01-24,CEC,196,Final,Onsight,Boulder_Men
ACA Senior Boulder Provincials CCC Chinook,2026-01-24,CEC,196,Final,Onsight,Boulder_Women
ACA Senior Boulder Provincials CCC Chinook - B Development,2026-01-24,CEC,198,Qualification,Flash,Boulder_Women
ACA Senior Boulder Provincials CCC Chinook - B Development,2026-01-24,CEC,198,Qualification,Flash,Boulder_Men
Coupe QC D1 Bloc #2,2026-01-24,CEC,192,Qualification,Flash,Boulder_Men
Coupe QC D1 Bloc #2,2026-01-24,CEC,192,Qualification,Flash,Boulder_Women
Coupe QC D1 Bloc #2,2026-01-24,CEC,192,Final,Onsight,Boulder_Men
Coupe QC D1 Bloc #2,2026-01-24,CEC,192,Final,Onsight,Boulder_Women
Liguria Campionato Regionale 2° prova (B),2026-01-24,FASI,1263,Qualification,Unknown,Boulder_Women
Liguria Campionato Regionale 2° prova (B),2026-01-24,FASI,1263,Qualification,Unknown,Boulder_Men
Liguria Campionato Regionale 2° prova (B),2026-01-24,FASI,1263,Final,Onsight,Boulder_Women
Liguria Campionato Regionale 2° prova (B),2026-01-24,FASI,1263,Final,Onsight,Boulder_Men
R11 Edgeworks Climbing Seattle QE 2025-26,2026-01-24,USAC,322,Final,Onsight,Boulder_Women
R11 Edgeworks Climbing Seattle QE 2025-26,2026-01-24,USAC,322,Final,Onsight,Boulder_Men
R21 Bridges Rock Gym QE 2025-26,2026-01-24,USAC,363,Final,Onsight,Boulder_Women
R21 Bridges Rock Gym QE 2025-26,2026-01-24,USAC,363,Final,Onsight,Boulder_Men
R31 Flowstone Climbing QE 2025-26,2026-01-24,USAC,376,Final,Onsight,Boulder_Women
R31 Flowstone Climbing QE 2025-26,2026-01-24,USAC,376,Final,Onsight,Boulder_Men
R42 Ascent Studio Climbing and Fitness QE 2025-26,2026-01-24,USAC,364,Final,Onsight,Boulder_Women
R42 Ascent Studio Climbing and Fitness QE 2025-26,2026-01-24,USAC,364,Final,Onsight,Boulder_Men
R62 Rock Mill Climbing QE 2025-26,2026-01-24,USAC,310,Final,Onsight,Boulder_Women
R62 Rock Mill Climbing QE 2025-26,2026-01-24,USAC,310,Final,Onsight,Boulder_Men
R71 Escalade Rock Climbing QE 2025-26,2026-01-24,USAC,388,Final,Onsight,Boulder_Women
R71 Escalade Rock Climbing QE 2025-26,2026-01-24,USAC,388,Final,Onsight,Boulder_Men
Sparta Fight 2026,2026-01-24,VL-GLOBAL,510,Qualification,Unknown,Boulder_Men
Sparta Fight 2026,2026-01-24,VL-GLOBAL,510,Qualification,Unknown,Boulder_Women
Sparta Fight 2026,2026-01-24,VL-GLOBAL,510,Final,Onsight,Boulder_Men
Sparta Fight 2026,2026-01-24,VL-GLOBAL,510,Final,Onsight,Boulder_Women
Session 2,2026-01-23,VL-GLOBAL,526,Qualification,Unknown,Boulder_Men
Session 2,2026-01-23,VL-GLOBAL,526,Qualification,Unknown,Boulder_Women
Session 2,2026-01-23,VL-GLOBAL,526,Final,Unknown,Boulder_Men
Lazio Campionato Regionale 2ª prova (B),2026-01-18,FASI,1292,Qualification,Unknown,Boulder_Women
Lazio Campionato Regionale 2ª prova (B),2026-01-18,FASI,1292,Qualification,Unknown,Boulder_Men
Lazio Campionato Regionale 2ª prova (B),2026-01-18,FASI,1292,Final,Onsight,Boulder_Women
Lazio Campionato Regionale 2ª prova (B),2026-01-18,FASI,1292,Final,Onsight,Boulder_Men
Lombardia Campionato Regionale 2° prova (B),2026-01-18,FASI,1216,Qualification,Unknown,Boulder_Women
Lombardia Campionato Regionale 2° prova (B),2026-01-18,FASI,1216,Qualification,Unknown,Boulder_Men
Lombardia Campionato Regionale 2° prova (B),2026-01-18,FASI,1216,Final,Onsight,Boulder_Women
Lombardia Campionato Regionale 2° prova (B),2026-01-18,FASI,1216,Final,Onsight,Boulder_Men
Veneto Campionato Regionale 1° prova (B),2026-01-18,FASI,1240,Qualification,Unknown,Boulder_Women
Veneto Campionato Regionale 1° prova (B),2026-01-18,FASI,1240,Qualification,Unknown,Boulder_Men
Veneto Campionato Regionale 1° prova (B),2026-01-18,FASI,1240,Final,Onsight,Boulder_Women
Veneto Campionato Regionale 1° prova (B),2026-01-18,FASI,1240,Final,Onsight,Boulder_Men
1a prueba Copa de Bloque FEMECV,2026-01-17,FEDME,190,Final,Onsight,Boulder_Women
1a prueba Copa de Bloque FEMECV,2026-01-17,FEDME,190,Final,Onsight,Boulder_Men
1a prueba Copa de Bloque FEMECV,2026-01-17,FEDME,190,Clasificatoria,Unknown,Boulder_Women
1a prueba Copa de Bloque FEMECV,2026-01-17,FEDME,190,Clasificatoria,Unknown,Boulder_Men
ACA Boulder Local Youth C/D/Tier 2 Coulee,2026-01-17,CEC,188,Qualification,Flash,Boulder_Women
ACA Boulder Local Youth C/D/Tier 2 Coulee,2026-01-17,CEC,188,Qualification,Flash,Boulder_Men
ACA Boulder Local Youth C/D/Tier 2 Coulee,2026-01-17,CEC,188,Final,Onsight,Boulder_Women
ACA Boulder Local Youth C/D/Tier 2 Coulee,2026-01-17,CEC,188,Final,Onsight,Boulder_Men
Abruzzo Campionato Regionale 2° prova (B),2026-01-17,FASI,1288,Qualification,Unknown,Boulder_Women
Abruzzo Campionato Regionale 2° prova (B),2026-01-17,FASI,1288,Qualification,Unknown,Boulder_Men
Abruzzo Campionato Regionale 2° prova (B),2026-01-17,FASI,1288,Final,Onsight,Boulder_Women
Abruzzo Campionato Regionale 2° prova (B),2026-01-17,FASI,1288,Final,Onsight,Boulder_Men
Marche Campionato Regionale 1° prova (B),2026-01-17,FASI,1283,Qualification,Unknown,Boulder_Women
Marche Campionato Regionale 1° prova (B),2026-01-17,FASI,1283,Qualification,Unknown,Boulder_Men
Marche Campionato Regionale 1° prova (B),2026-01-17,FASI,1283,Final,Onsight,Boulder_Men
Marche Campionato Regionale 1° prova (B),2026-01-17,FASI,1283,Final,Onsight,Boulder_Women
OCF B/A/Jr Boulder Qualifier #2,2026-01-17,CEC,178,Qualification,Flash,Boulder_Women
OCF B/A/Jr Boulder Qualifier #2,2026-01-17,CEC,178,Qualification,Flash,Boulder_Men
OCF B/A/Jr Boulder Qualifier #2,2026-01-17,CEC,178,Final,Onsight,Boulder_Women
OCF B/A/Jr Boulder Qualifier #2,2026-01-17,CEC,178,Final,Onsight,Boulder_Men
R32 Alta Boulders QE 2025-26,2026-01-17,USAC,358,Final,Onsight,Boulder_Women
R32 Alta Boulders QE 2025-26,2026-01-17,USAC,358,Final,Onsight,Boulder_Men
R32 Rock City Training Center QE 2025-26,2026-01-17,USAC,359,Final,Onsight,Boulder_Women
R32 Rock City Training Center QE 2025-26,2026-01-17,USAC,359,Final,Onsight,Boulder_Men
R52 Rendezvous Climbing Gym QE 2025-26,2026-01-17,USAC,360,Final,Onsight,Boulder_Women
R52 Rendezvous Climbing Gym QE 2025-26,2026-01-17,USAC,360,Final,Onsight,Boulder_Men
R72 Inner Peaks NoDa QE 2025-26,2026-01-17,USAC,331,Final,Onsight,Boulder_Women
R72 Inner Peaks NoDa QE 2025-26,2026-01-17,USAC,331,Final,Onsight,Boulder_Men
Test event,2026-01-17,CEC,191,Qualification,Flash,Boulder_Men
Test event,2026-01-17,CEC,191,Qualification,Flash,Boulder_Women
Toscana Campionato Regionale 1° prova (B),2026-01-17,FASI,1160,Qualification,Unknown,Boulder_Women
Toscana Campionato Regionale 1° prova (B),2026-01-17,FASI,1160,Qualification,Unknown,Boulder_Men
Toscana Campionato Regionale 1° prova (B),2026-01-17,FASI,1160,Final,Onsight,Boulder_Women
Toscana Campionato Regionale 1° prova (B),2026-01-17,FASI,1160,Final,Onsight,Boulder_Men
Event 2,2026-01-16,VL-GLOBAL,514,Qualification,Unknown,Boulder_Men
Januar,2026-01-16,VL-GLOBAL,523,Qualification,Unknown,Boulder_Men
Januar,2026-01-16,VL-GLOBAL,523,Final,Unknown,Boulder_Men
Session 1,2026-01-16,VL-GLOBAL,525,Qualification,Unknown,Boulder_Men
Test Canada,2026-01-16,VL-GLOBAL,520,Qualification,Unknown,Boulder_Men
Test Canada,2026-01-16,VL-GLOBAL,520,Qualification,Unknown,Boulder_Women
Liguria Campionato Regionale 1° prova (B),2026-01-10,FASI,1261,Qualification,Unknown,Boulder_Women
Liguria Campionato Regionale 1° prova (B),2026-01-10,FASI,1261,Qualification,Unknown,Boulder_Men
Liguria Campionato Regionale 1° prova (B),2026-01-10,FASI,1261,Final,Onsight,Boulder_Women
Liguria Campionato Regionale 1° prova (B),2026-01-10,FASI,1261,Final,Onsight,Boulder_Men
MP Test CRP Boulder,2026-01-10,USAC,241,Qualification,Unknown,Boulder_Women
R42 Greeley Climbing Collective QE 2025-26,2026-01-10,USAC,314,Final,Onsight,Boulder_Women
R42 Greeley Climbing Collective QE 2025-26,2026-01-10,USAC,314,Final,Onsight,Boulder_Men
R72 Cultivate Climbing - Foundy Street QE 2025-26,2026-01-10,USAC,321,Final,Onsight,Boulder_Women
R72 Cultivate Climbing - Foundy Street QE 2025-26,2026-01-10,USAC,321,Final,Onsight,Boulder_Men
SCBC Open Boulder Provincials,2026-01-10,CEC,182,Qualification,Flash,Boulder_Men
SCBC Open Boulder Provincials,2026-01-10,CEC,182,Qualification,Flash,Boulder_Women
SCBC Open Boulder Provincials,2026-01-10,CEC,182,Final,Onsight,Boulder_Men
SCBC Open Boulder Provincials,2026-01-10,CEC,182,Final,Onsight,Boulder_Women
Youth B/A/Jr/Open Boulder Local Niche Jan 10/26 - 2025 Points 2,2026-01-10,CEC,185,Qualification,Flash,Boulder_Men
Youth B/A/Jr/Open Boulder Local Niche Jan 10/26 - 2025 Points 2,2026-01-10,CEC,185,Qualification,Flash,Boulder_Women
Youth B/A/Jr/Open Boulder Local Niche Jan 10/26 - 2025 Points 2,2026-01-10,CEC,185,Final,Onsight,Boulder_Men
Youth B/A/Jr/Open Boulder Local Niche Jan 10/26 - 2025 Points 2,2026-01-10,CEC,185,Final,Onsight,Boulder_Women
Event 1,2026-01-09,VL-GLOBAL,513,Qualification,Unknown,Boulder_Men
"R41 Beast Fingers Climbing QE 2025-26 (U17, U19, U20 only)",2026-01-03,USAC,330,Final,Onsight,Boulder_Women
"R41 Beast Fingers Climbing QE 2025-26 (U17, U19, U20 only)",2026-01-03,USAC,330,Final,Onsight,Boulder_Men
Emilia Romagna - Campionato Regionale 3° prova (B),2025-12-21,FASI,1099,Qualification,Unknown,Boulder_Men
Emilia Romagna - Campionato Regionale 3° prova (B),2025-12-21,FASI,1099,Qualification,Unknown,Boulder_Women
Emilia Romagna - Campionato Regionale 3° prova (B),2025-12-21,FASI,1099,Final,Onsight,Boulder_Men
Emilia Romagna - Campionato Regionale 3° prova (B),2025-12-21,FASI,1099,Final,Onsight,Boulder_Women
FVG  campionato Regionale 1° prova (B),2025-12-21,FASI,1168,Qualification,Onsight,Boulder_Women
FVG  campionato Regionale 1° prova (B),2025-12-21,FASI,1168,Qualification,Onsight,Boulder_Men
FVG  campionato Regionale 1° prova (B),2025-12-21,FASI,1168,Final,Onsight,Boulder_Women
FVG  campionato Regionale 1° prova (B),2025-12-21,FASI,1168,Final,Onsight,Boulder_Men
"R41 Denver Bouldering Club - South QE 2025-26 (U11, U13, U15 only)",2025-12-21,USAC,304,Final,Onsight,Boulder_Women
"R41 Denver Bouldering Club - South QE 2025-26 (U11, U13, U15 only)",2025-12-21,USAC,304,Final,Onsight,Boulder_Men
Basilicata campionato regionale 4° prova (B),2025-12-14,FASI,1259,Qualification,Unknown,Boulder_Women
Basilicata campionato regionale 4° prova (B),2025-12-14,FASI,1259,Qualification,Unknown,Boulder_Men
Basilicata campionato regionale 4° prova (B),2025-12-14,FASI,1259,Final,Onsight,Boulder_Women
Campania campionato regionale 4° prova (B),2025-12-14,FASI,1260,Qualification,Unknown,Boulder_Men
Campania campionato regionale 4° prova (B),2025-12-14,FASI,1260,Final,Onsight,Boulder_Men
Lombardia Campionato Regionale 1° prova (B),2025-12-14,FASI,1130,Qualification,Unknown,Boulder_Women
Lombardia Campionato Regionale 1° prova (B),2025-12-14,FASI,1130,Qualification,Unknown,Boulder_Men
Lombardia Campionato Regionale 1° prova (B),2025-12-14,FASI,1130,Final,Onsight,Boulder_Women
Lombardia Campionato Regionale 1° prova (B),2025-12-14,FASI,1130,Final,Onsight,Boulder_Men
Piemonte Campionato Regionale 2° prova (B),2025-12-14,FASI,1166,Qualification,Unknown,Boulder_Women
Piemonte Campionato Regionale 2° prova (B),2025-12-14,FASI,1166,Qualification,Unknown,Boulder_Men
Piemonte Campionato Regionale 2° prova (B),2025-12-14,FASI,1166,Final,Onsight,Boulder_Women
Piemonte Campionato Regionale 2° prova (B),2025-12-14,FASI,1166,Final,Onsight,Boulder_Men
Puglia Campionato regionale 4° prova (B),2025-12-14,FASI,1114,Qualification,Unknown,Boulder_Women
Puglia Campionato regionale 4° prova (B),2025-12-14,FASI,1114,Qualification,Unknown,Boulder_Men
Puglia Campionato regionale 4° prova (B),2025-12-14,FASI,1114,Final,Onsight,Boulder_Women
Puglia Campionato regionale 4° prova (B),2025-12-14,FASI,1114,Final,Onsight,Boulder_Men
Valle d'Aosta Campionato Regionale 2° prova (B),2025-12-14,FASI,1141,Qualification,Unknown,Boulder_Women
Valle d'Aosta Campionato Regionale 2° prova (B),2025-12-14,FASI,1141,Qualification,Unknown,Boulder_Men
Adventcup 2025,2025-12-13,VL-GLOBAL,403,Qualification,Flash,Boulder_Men
Adventcup 2025,2025-12-13,VL-GLOBAL,403,Qualification,Flash,Boulder_Women
Adventcup 2025,2025-12-13,VL-GLOBAL,403,Qualification,Unknown,Boulder_Men
Adventcup 2025,2025-12-13,VL-GLOBAL,403,Qualification,Unknown,Boulder_Women
Adventcup 2025,2025-12-13,VL-GLOBAL,403,Final,Unknown,Boulder_Women
Adventcup 2025,2025-12-13,VL-GLOBAL,403,Final,Unknown,Boulder_Men
Adventcup 25,2025-12-13,VL-GLOBAL,503,Qualification,Unknown,Boulder_Women
Adventcup 25,2025-12-13,VL-GLOBAL,503,Qualification,Unknown,Boulder_Men
OCF Senior Boulder Provincials,2025-12-13,CEC,163,Qualification,Flash,Boulder_Men
OCF Senior Boulder Provincials,2025-12-13,CEC,163,Qualification,Flash,Boulder_Women
OCF Senior Boulder Provincials,2025-12-13,CEC,163,Final,Onsight,Boulder_Men
OCF Senior Boulder Provincials,2025-12-13,CEC,163,Final,Onsight,Boulder_Women
R11 Seattle Bouldering Project - Upper Walls QE 2025-26,2025-12-13,USAC,289,Final,Onsight,Boulder_Women
R11 Seattle Bouldering Project - Upper Walls QE 2025-26,2025-12-13,USAC,289,Final,Onsight,Boulder_Men
R42 The Campus Climbing + Training QE 2025-26,2025-12-13,USAC,292,Final,Onsight,Boulder_Women
R42 The Campus Climbing + Training QE 2025-26,2025-12-13,USAC,292,Final,Onsight,Boulder_Men
R51 Stone Co. Climbing QE 2025-26,2025-12-13,USAC,293,Final,Onsight,Boulder_Women
R51 Stone Co. Climbing QE 2025-26,2025-12-13,USAC,293,Final,Onsight,Boulder_Men
R52 High Point Climbing and Fitness - Cleveland QE 2025-26,2025-12-13,USAC,294,Final,Onsight,Boulder_Women
R52 High Point Climbing and Fitness - Cleveland QE 2025-26,2025-12-13,USAC,294,Final,Onsight,Boulder_Men
R61 The Proving Ground QE 2025-26,2025-12-13,USAC,295,Final,Onsight,Boulder_Women
R61 The Proving Ground QE 2025-26,2025-12-13,USAC,295,Final,Onsight,Boulder_Men
R62 Ascend South Side QE 2025-26,2025-12-13,USAC,296,Final,Onsight,Boulder_Women
R62 Ascend South Side QE 2025-26,2025-12-13,USAC,296,Final,Onsight,Boulder_Men
R91 Movement - Gowanus QE 2025-26,2025-12-13,USAC,298,Final,Onsight,Boulder_Women
R91 Movement - Gowanus QE 2025-26,2025-12-13,USAC,298,Final,Onsight,Boulder_Men
R92 Boulder Union QE 2025-26,2025-12-13,USAC,299,Final,Onsight,Boulder_Women
R92 Boulder Union QE 2025-26,2025-12-13,USAC,299,Final,Onsight,Boulder_Men
Vienna Boulder Tour 2025 FINALE - boulderbar Hannovergasse,2025-12-12,VL-GLOBAL,339,Final,Unknown,Boulder_Women
Vienna Boulder Tour 2025 FINALE - boulderbar Hannovergasse,2025-12-12,VL-GLOBAL,339,Final,Unknown,Boulder_Men
Sélection Provinciale Séniore BLOC,2025-12-11,CEC,172,Qualification,Flash,Boulder_Women
Sélection Provinciale Séniore BLOC,2025-12-11,CEC,172,Qualification,Flash,Boulder_Men
TEST (Quota management),2025-12-10,CEC,173,Qualification,Flash,Boulder_Women
OCF B/A/JR Boulder Qualifier #1,2025-12-06,CEC,162,Qualification,Flash,Boulder_Women
OCF B/A/JR Boulder Qualifier #1,2025-12-06,CEC,162,Qualification,Flash,Boulder_Men
OCF B/A/JR Boulder Qualifier #1,2025-12-06,CEC,162,Final,Onsight,Boulder_Women
OCF B/A/JR Boulder Qualifier #1,2025-12-06,CEC,162,Final,Onsight,Boulder_Men
Open Bloc Vertic-Halle,2025-12-06,VL-GLOBAL,493,Qualification,Unknown,Boulder_Men
Open Bloc Vertic-Halle,2025-12-06,VL-GLOBAL,493,Qualification,Unknown,Boulder_Women
Open Bloc Vertic-Halle,2025-12-06,VL-GLOBAL,493,Final,Unknown,Boulder_Men
Open Bloc Vertic-Halle,2025-12-06,VL-GLOBAL,493,Final,Unknown,Boulder_Women
R22 Asana Climbing Gym QE 2025-26,2025-12-06,USAC,271,Final,Onsight,Boulder_Women
R22 Asana Climbing Gym QE 2025-26,2025-12-06,USAC,271,Final,Onsight,Boulder_Men
R41 Stone Age Climbing Gym - Midtown QE 2025-26,2025-12-06,USAC,273,Final,Onsight,Boulder_Women
R41 Stone Age Climbing Gym - Midtown QE 2025-26,2025-12-06,USAC,273,Final,Onsight,Boulder_Men
R61 First Ascent Humboldt Park QE 2025-26,2025-12-06,USAC,276,Final,Onsight,Boulder_Women
R61 First Ascent Humboldt Park QE 2025-26,2025-12-06,USAC,276,Final,Onsight,Boulder_Men
R62 Training Event,2025-12-06,USAC,118,Qualification,Unknown,Boulder_Men
R72 Bigfoot Climbing Gym QE 2025-26,2025-12-06,USAC,280,Final,Onsight,Boulder_Women
R72 Bigfoot Climbing Gym QE 2025-26,2025-12-06,USAC,280,Final,Onsight,Boulder_Men
R72 Training Event,2025-12-06,USAC,120,Final,Onsight,Boulder_Men
R81 Peak Experiences - Richmond QE 2025-26,2025-12-06,USAC,281,Final,Onsight,Boulder_Women
R81 Peak Experiences - Richmond QE 2025-26,2025-12-06,USAC,281,Final,Onsight,Boulder_Men
R82 Central Rock Gym - Buffalo QE 2025-26,2025-12-06,USAC,282,Qualification,Flash,Boulder_Women
R82 Central Rock Gym - Buffalo QE 2025-26,2025-12-06,USAC,282,Qualification,Flash,Boulder_Men
R91 Central Rock Gym - Chelsea QE 2025-26,2025-12-06,USAC,283,Final,Onsight,Boulder_Women
R91 Central Rock Gym - Chelsea QE 2025-26,2025-12-06,USAC,283,Final,Onsight,Boulder_Men
R91 Training Event,2025-12-06,USAC,123,Final,Onsight,Boulder_Men
SCBC Boulder Local - Bonfire,2025-12-06,CEC,165,Qualification,Flash,Boulder_Men
SCBC Boulder Local - Bonfire,2025-12-06,CEC,165,Qualification,Flash,Boulder_Women
SCBC Boulder Local - Bonfire,2025-12-06,CEC,165,Final,Onsight,Boulder_Women
SCBC Boulder Local - Bonfire,2025-12-06,CEC,165,Final,Onsight,Boulder_Men
"Spor Tırmanış Boulder Minikler, Küçükler, Yıldızlar Türkiye Kupası",2025-12-06,VL-GLOBAL,500,Qualification,Flash,Boulder_Men
"Spor Tırmanış Boulder Minikler, Küçükler, Yıldızlar Türkiye Kupası",2025-12-06,VL-GLOBAL,500,Qualification,Flash,Boulder_Women
"Spor Tırmanış Boulder Minikler, Küçükler, Yıldızlar Türkiye Kupası",2025-12-06,VL-GLOBAL,500,Final,Onsight,Boulder_Men
"Spor Tırmanış Boulder Minikler, Küçükler, Yıldızlar Türkiye Kupası",2025-12-06,VL-GLOBAL,500,Final,Onsight,Boulder_Women
Tallinn Boulder Festival 2025,2025-12-06,VL-GLOBAL,491,Qualification,Unknown,Boulder_Men
Tallinn Boulder Festival 2025,2025-12-06,VL-GLOBAL,491,Qualification,Unknown,Boulder_Women
Tallinn Boulder Festival 2025,2025-12-06,VL-GLOBAL,491,Final,Onsight,Boulder_Men
Tallinn Boulder Festival 2025,2025-12-06,VL-GLOBAL,491,Final,Onsight,Boulder_Women
Test Scoring Jam,2025-12-06,USAC,217,Qualification,Unknown,Boulder_Women
Test Scoring Jam,2025-12-06,USAC,217,Final,Unknown,Boulder_Women
Test Tallin,2025-12-06,VL-GLOBAL,497,Qualification,Unknown,Boulder_Men
Test Tallin,2025-12-06,VL-GLOBAL,497,Qualification,Unknown,Boulder_Women
Test Tallin,2025-12-06,VL-GLOBAL,497,Final,Onsight,Boulder_Men
Youth B/A/Jr/Open Boulder Local - Blocs - Edmonton,2025-12-06,CEC,168,Qualification,Flash,Boulder_Men
Youth B/A/Jr/Open Boulder Local - Blocs - Edmonton,2025-12-06,CEC,168,Qualification,Flash,Boulder_Women
Youth B/A/Jr/Open Boulder Local - Blocs - Edmonton,2025-12-06,CEC,168,Final,Onsight,Boulder_Men
Youth B/A/Jr/Open Boulder Local - Blocs - Edmonton,2025-12-06,CEC,168,Final,Onsight,Boulder_Women
DENEME TEST BOULDER,2025-12-05,VL-GLOBAL,426,Test League,Unknown,Boulder_Men
DENEME TEST BOULDER,2025-12-05,VL-GLOBAL,426,Eleme,Unknown,Boulder_Men
Flotten-Freitag 2025 - Finale,2025-12-05,VL-GLOBAL,486,Final,Unknown,Boulder_Women
Flotten-Freitag 2025 - Finale,2025-12-05,VL-GLOBAL,486,Final,Unknown,Boulder_Men
Test Swedenm,2025-12-05,VL-GLOBAL,495,Qualification,Unknown,Boulder_Men
Test Swedenm,2025-12-05,VL-GLOBAL,495,Qualification,Unknown,Boulder_Women
Test Swedenm,2025-12-05,VL-GLOBAL,495,Final,Onsight,Boulder_Men
minik küçük yıldız boulder deneme,2025-12-05,VL-GLOBAL,501,Final,Onsight,Boulder_Women
minik küçük yıldız boulder deneme,2025-12-05,VL-GLOBAL,501,Sıralama,Unknown,Boulder_Men
minik küçük yıldız boulder deneme,2025-12-05,VL-GLOBAL,501,Sıralama,Unknown,Boulder_Women
Basilicata campionato regionale 3° prova (B),2025-11-30,FASI,1153,Qualification,Unknown,Boulder_Women
Campania campionato regionale 3° prova (B),2025-11-30,FASI,1154,Qualification,Unknown,Boulder_Men
Campania campionato regionale 3° prova (B),2025-11-30,FASI,1154,Final,Unknown,Boulder_Men
Puglia Campionato regionale 3° prova (B),2025-11-30,FASI,1113,Qualification,Unknown,Boulder_Women
Puglia Campionato regionale 3° prova (B),2025-11-30,FASI,1113,Qualification,Unknown,Boulder_Men
Puglia Campionato regionale 3° prova (B),2025-11-30,FASI,1113,Final,Unknown,Boulder_Women
Puglia Campionato regionale 3° prova (B),2025-11-30,FASI,1113,Final,Unknown,Boulder_Men
Sardegna Campionato Regionale 1° prova,2025-11-30,FASI,1136,Qualification,Unknown,Boulder_Women
Sardegna Campionato Regionale 1° prova,2025-11-30,FASI,1136,Qualification,Unknown,Boulder_Men
Sardegna Campionato Regionale 1° prova,2025-11-30,FASI,1136,Final,Onsight,Boulder_Women
Sardegna Campionato Regionale 1° prova,2025-11-30,FASI,1136,Final,Onsight,Boulder_Men
BoulderBash 2025,2025-11-29,VL-GLOBAL,377,Qualification,Flash,Boulder_Women
BoulderBash 2025,2025-11-29,VL-GLOBAL,377,Qualification,Flash,Boulder_Men
BoulderBash 2025,2025-11-29,VL-GLOBAL,377,Final,Onsight,Boulder_Women
BoulderBash 2025,2025-11-29,VL-GLOBAL,377,Final,Onsight,Boulder_Men
Recreate R92 Issue,2025-11-29,USAC,250,Final,Onsight,Boulder_Men
Test Final,2025-11-28,VL-GLOBAL,490,Final,Onsight,Boulder_Men
Vienna Boulder Tour 2025 - Kletterhalle Marswiese,2025-11-24,VL-GLOBAL,346,Qualification,Unknown,Boulder_Women
Vienna Boulder Tour 2025 - Kletterhalle Marswiese,2025-11-24,VL-GLOBAL,346,Qualification,Unknown,Boulder_Men
IFSC Pan American Cup Armenia 2025,2025-11-22,IFSC,1465,Qualification,Onsight,Boulder_Men
IFSC Pan American Cup Armenia 2025,2025-11-22,IFSC,1465,Qualification,Onsight,Boulder_Women
IFSC Pan American Cup Armenia 2025,2025-11-22,IFSC,1465,Semi-final,Onsight,Boulder_Men
IFSC Pan American Cup Armenia 2025,2025-11-22,IFSC,1465,Semi-final,Onsight,Boulder_Women
IFSC Pan American Cup Armenia 2025,2025-11-22,IFSC,1465,Final,Onsight,Boulder_Men
IFSC Pan American Cup Armenia 2025,2025-11-22,IFSC,1465,Final,Onsight,Boulder_Women
R11 Riverfront Rock Gym QE 2025-26,2025-11-22,USAC,262,Final,Onsight,Boulder_Women
R11 Riverfront Rock Gym QE 2025-26,2025-11-22,USAC,262,Final,Onsight,Boulder_Men
R21 Blue Granite Climbing Gym QE 2025-26,2025-11-22,USAC,261,Final,Onsight,Boulder_Women
R21 Blue Granite Climbing Gym QE 2025-26,2025-11-22,USAC,261,Final,Onsight,Boulder_Men
R41 Santa Fe Climbing Center QE 2025-26,2025-11-22,USAC,259,Final,Onsight,Boulder_Women
R41 Santa Fe Climbing Center QE 2025-26,2025-11-22,USAC,259,Final,Onsight,Boulder_Men
R71 High Point Climbing and Fitness - Lincoln Mill QE 2025-26,2025-11-22,USAC,260,Final,Onsight,Boulder_Women
R71 High Point Climbing and Fitness - Lincoln Mill QE 2025-26,2025-11-22,USAC,260,Final,Onsight,Boulder_Men
SPOR TIRMANIS BUYUKLER BOULDER TURKIYE SAMPIYONASI,2025-11-22,VL-GLOBAL,488,Qualification,Unknown,Boulder_Men
SPOR TIRMANIS BUYUKLER BOULDER TURKIYE SAMPIYONASI,2025-11-22,VL-GLOBAL,488,Qualification,Unknown,Boulder_Women
SPOR TIRMANIS BUYUKLER BOULDER TURKIYE SAMPIYONASI,2025-11-22,VL-GLOBAL,488,Semi-final,Unknown,Boulder_Men
SPOR TIRMANIS BUYUKLER BOULDER TURKIYE SAMPIYONASI,2025-11-22,VL-GLOBAL,488,Semi-final,Unknown,Boulder_Women
SPOR TIRMANIS BUYUKLER BOULDER TURKIYE SAMPIYONASI,2025-11-22,VL-GLOBAL,488,Final,Onsight,Boulder_Men
SPOR TIRMANIS BUYUKLER BOULDER TURKIYE SAMPIYONASI,2025-11-22,VL-GLOBAL,488,Final,Onsight,Boulder_Women
BUYUKLER BOULDER DENEME,2025-11-21,VL-GLOBAL,489,Final,Unknown,Boulder_Women
BUYUKLER BOULDER DENEME,2025-11-21,VL-GLOBAL,489,Final,Onsight,Boulder_Women
BUYUKLER BOULDER DENEME,2025-11-21,VL-GLOBAL,489,Sıralama,Unknown,Boulder_Women
BUYUKLER BOULDER DENEME,2025-11-21,VL-GLOBAL,489,Sıralama,Unknown,Boulder_Men
Test Event,2025-11-21,VL-GLOBAL,487,Qualification,Unknown,Boulder_Men
Test Event,2025-11-21,VL-GLOBAL,487,Final,Onsight,Boulder_Men
Vienna Boulder Tour 2025 - Edelweiss Walfischgasse,2025-11-17,VL-GLOBAL,345,Qualification,Unknown,Boulder_Women
Vienna Boulder Tour 2025 - Edelweiss Walfischgasse,2025-11-17,VL-GLOBAL,345,Qualification,Unknown,Boulder_Men
Basilicata campionato regionale 2° prova (B),2025-11-16,FASI,1152,Qualification,Unknown,Boulder_Women
Basilicata campionato regionale 2° prova (B),2025-11-16,FASI,1152,Final,Onsight,Boulder_Women
Campania Campionato regionale 2° prova (B),2025-11-16,FASI,1085,Qualification,Unknown,Boulder_Women
Campania Campionato regionale 2° prova (B),2025-11-16,FASI,1085,Qualification,Unknown,Boulder_Men
Campania Campionato regionale 2° prova (B),2025-11-16,FASI,1085,Final,Onsight,Boulder_Women
Campania Campionato regionale 2° prova (B),2025-11-16,FASI,1085,Final,Onsight,Boulder_Men
Emilia Romagna - Campionato Regionale 2° prova (B),2025-11-16,FASI,1098,Qualification,Unknown,Boulder_Men
Emilia Romagna - Campionato Regionale 2° prova (B),2025-11-16,FASI,1098,Qualification,Unknown,Boulder_Women
Emilia Romagna - Campionato Regionale 2° prova (B),2025-11-16,FASI,1098,Final,Unknown,Boulder_Men
Emilia Romagna - Campionato Regionale 2° prova (B),2025-11-16,FASI,1098,Final,Unknown,Boulder_Women
Piemonte Campionato Regionale 1° prova (B),2025-11-16,FASI,1140,Qualification,Unknown,Boulder_Women
Piemonte Campionato Regionale 1° prova (B),2025-11-16,FASI,1140,Qualification,Unknown,Boulder_Men
Piemonte Campionato Regionale 1° prova (B),2025-11-16,FASI,1140,Final,Onsight,Boulder_Women
Piemonte Campionato Regionale 1° prova (B),2025-11-16,FASI,1140,Final,Onsight,Boulder_Men
Puglia campionato regionale 2° prova (B),2025-11-16,FASI,1151,Qualification,Unknown,Boulder_Women
Puglia campionato regionale 2° prova (B),2025-11-16,FASI,1151,Qualification,Unknown,Boulder_Men
Puglia campionato regionale 2° prova (B),2025-11-16,FASI,1151,Final,Onsight,Boulder_Women
Puglia campionato regionale 2° prova (B),2025-11-16,FASI,1151,Final,Onsight,Boulder_Men
R41 Climb Tulsa QE 2025-26,2025-11-16,USAC,258,Final,Onsight,Boulder_Women
R41 Climb Tulsa QE 2025-26,2025-11-16,USAC,258,Final,Onsight,Boulder_Men
Sicilia Campionato Regionale (B),2025-11-16,FASI,1134,Qualification,Unknown,Boulder_Women
Sicilia Campionato Regionale (B),2025-11-16,FASI,1134,Qualification,Unknown,Boulder_Men
Sicilia Campionato Regionale (B),2025-11-16,FASI,1134,Final,Onsight,Boulder_Women
Sicilia Campionato Regionale (B),2025-11-16,FASI,1134,Final,Onsight,Boulder_Men
Valle d'Aosta Campionato Regionale 1° prova (B),2025-11-16,FASI,1148,Qualification,Unknown,Boulder_Women
Valle d'Aosta Campionato Regionale 1° prova (B),2025-11-16,FASI,1148,Qualification,Unknown,Boulder_Men
ACA Youth D/C/Tier 2 Boulder Local Trailhead Red Deer,2025-11-15,CEC,147,Qualification,Flash,Boulder_Men
ACA Youth D/C/Tier 2 Boulder Local Trailhead Red Deer,2025-11-15,CEC,147,Qualification,Flash,Boulder_Women
ACA Youth D/C/Tier 2 Boulder Local Trailhead Red Deer,2025-11-15,CEC,147,Final,Onsight,Boulder_Women
ACA Youth D/C/Tier 2 Boulder Local Trailhead Red Deer,2025-11-15,CEC,147,Final,Onsight,Boulder_Men
Abruzzo Campionato Regionale 1° prova (B),2025-11-15,FASI,1120,Qualification,Unknown,Boulder_Women
Abruzzo Campionato Regionale 1° prova (B),2025-11-15,FASI,1120,Qualification,Unknown,Boulder_Men
Abruzzo Campionato Regionale 1° prova (B),2025-11-15,FASI,1120,Final,Onsight,Boulder_Women
Abruzzo Campionato Regionale 1° prova (B),2025-11-15,FASI,1120,Final,Onsight,Boulder_Men
OCF E/D/C Boulder Qualifier #1,2025-11-15,CEC,143,Qualification,Flash,Boulder_Men
OCF E/D/C Boulder Qualifier #1,2025-11-15,CEC,143,Qualification,Flash,Boulder_Women
R32 Beta Bouldering Gym QE 2025-26,2025-11-15,USAC,245,Final,Onsight,Boulder_Women
R32 Beta Bouldering Gym QE 2025-26,2025-11-15,USAC,245,Final,Onsight,Boulder_Men
R41 Gravity Lab QE 2025-26,2025-11-15,USAC,257,Final,Onsight,Boulder_Women
R41 Gravity Lab QE 2025-26,2025-11-15,USAC,257,Final,Onsight,Boulder_Men
R51 Crux Climbing Center Pflugerville QE 2025-26,2025-11-15,USAC,247,Final,Onsight,Boulder_Women
R51 Crux Climbing Center Pflugerville QE 2025-26,2025-11-15,USAC,247,Final,Onsight,Boulder_Men
R71 Central Rock Gym - Citrus Park QE 2025-26,2025-11-15,USAC,252,Final,Onsight,Boulder_Women
R71 Central Rock Gym - Citrus Park QE 2025-26,2025-11-15,USAC,252,Final,Onsight,Boulder_Men
R82 Reach Climbing & Fitness QE 2025-26,2025-11-15,USAC,254,Final,Onsight,Boulder_Women
R82 Reach Climbing & Fitness QE 2025-26,2025-11-15,USAC,254,Final,Onsight,Boulder_Men
R91 Movement - Harlem QE 2025-26,2025-11-15,USAC,255,Final,Onsight,Boulder_Women
R91 Movement - Harlem QE 2025-26,2025-11-15,USAC,255,Final,Onsight,Boulder_Men
R92 Rock Spot Boston/Dedham QE 2025-26,2025-11-15,USAC,256,Final,Onsight,Boulder_Women
R92 Rock Spot Boston/Dedham QE 2025-26,2025-11-15,USAC,256,Final,Onsight,Boulder_Men
TAA Campionato Regionale (B),2025-11-15,FASI,1133,Qualification,Unknown,Boulder_Women
TAA Campionato Regionale (B),2025-11-15,FASI,1133,Qualification,Unknown,Boulder_Men
TAA Campionato Regionale (B),2025-11-15,FASI,1133,Final,Onsight,Boulder_Women
TAA Campionato Regionale (B),2025-11-15,FASI,1133,Final,Onsight,Boulder_Men
TEST - Boulderfest -SLC,2025-11-15,VL-GLOBAL,483,Final,Unknown,Boulder_Men
TEST - Boulderfest -SLC,2025-11-15,VL-GLOBAL,483,Final,Unknown,Boulder_Women
ZKM Plauschwettkampf Erwachsene 2025 (Boulder) - Minimum Zürich,2025-11-15,SAC-CAS,957,Qualification,Unknown,Boulder_Women
ZKM Plauschwettkampf Erwachsene 2025 (Boulder) - Minimum Zürich,2025-11-15,SAC-CAS,957,Qualification,Unknown,Boulder_Men
Zürcher Klettermeisterschaft 2025 (Boulder) - Minimum Zürich,2025-11-15,SAC-CAS,930,Qualification,Unknown,Boulder_Women
Zürcher Klettermeisterschaft 2025 (Boulder) - Minimum Zürich,2025-11-15,SAC-CAS,930,Qualification,Unknown,Boulder_Men
Zürcher Klettermeisterschaft 2025 (Boulder) - Minimum Zürich,2025-11-15,SAC-CAS,930,Final,Unknown,Boulder_Women
Zürcher Klettermeisterschaft 2025 (Boulder) - Minimum Zürich,2025-11-15,SAC-CAS,930,Final,Unknown,Boulder_Men
Boulderfest 2025 - SLC,2025-11-14,VL-GLOBAL,481,Final,Unknown,Boulder_Men
Boulderfest 2025 - SLC,2025-11-14,VL-GLOBAL,481,Final,Unknown,Boulder_Women
Naturkompaniet Cupen,2025-11-14,VL-GLOBAL,468,Qualification,Unknown,Boulder_Women
Naturkompaniet Cupen,2025-11-14,VL-GLOBAL,468,Qualification,Unknown,Boulder_Men
R22 Salt Lake Bouldering Project QE 2025-26,2025-11-14,USAC,242,Final,Onsight,Boulder_Women
R22 Salt Lake Bouldering Project QE 2025-26,2025-11-14,USAC,242,Final,Onsight,Boulder_Men
Test Sacramento,2025-11-12,VL-GLOBAL,482,Qualification,Unknown,Boulder_Men
Test Sacramento,2025-11-12,VL-GLOBAL,482,Final,Onsight,Boulder_Men
Vienna Boulder Tour 2025 - Boulder Monkeys,2025-11-10,VL-GLOBAL,344,Qualification,Unknown,Boulder_Women
Vienna Boulder Tour 2025 - Boulder Monkeys,2025-11-10,VL-GLOBAL,344,Qualification,Unknown,Boulder_Men
Lazio Campionato Regionale 1ª prova (B),2025-11-09,FASI,1110,Qualification,Unknown,Boulder_Women
Lazio Campionato Regionale 1ª prova (B),2025-11-09,FASI,1110,Qualification,Unknown,Boulder_Men
Lazio Campionato Regionale 1ª prova (B),2025-11-09,FASI,1110,Final,Unknown,Boulder_Women
Lazio Campionato Regionale 1ª prova (B),2025-11-09,FASI,1110,Final,Unknown,Boulder_Men
R11 Seattle Bouldering Project - Poplar QE 2025-26,2025-11-09,USAC,235,Final,Onsight,Boulder_Women
R11 Seattle Bouldering Project - Poplar QE 2025-26,2025-11-09,USAC,235,Final,Onsight,Boulder_Men
TEst Semio,2025-11-09,VL-GLOBAL,477,Semi-final,Unknown,Boulder_Men
TEst Semio,2025-11-09,VL-GLOBAL,477,Final,Unknown,Boulder_Men
Boulderfest - SEA,2025-11-08,VL-GLOBAL,479,Final,Unknown,Boulder_Men
Boulderfest - SEA,2025-11-08,VL-GLOBAL,479,Final,Unknown,Boulder_Women
D1 Bloc #1 Délire Ste-Foy,2025-11-08,CEC,153,Qualification,Flash,Boulder_Men
D1 Bloc #1 Délire Ste-Foy,2025-11-08,CEC,153,Qualification,Flash,Boulder_Women
D1 Bloc #1 Délire Ste-Foy,2025-11-08,CEC,153,Final,Onsight,Boulder_Men
D1 Bloc #1 Délire Ste-Foy,2025-11-08,CEC,153,Final,Onsight,Boulder_Women
Jam Format Test,2025-11-08,CEC,160,Qualification,Flash,Boulder_Men
November Sessions,2025-11-08,CEC,154,Qualification,Flash,Boulder_Men
November Sessions,2025-11-08,CEC,154,Qualification,Flash,Boulder_Women
November Sessions,2025-11-08,CEC,154,Final,Onsight,Boulder_Women
November Sessions,2025-11-08,CEC,154,Final,Onsight,Boulder_Men
R21 Bridges Rock Gym QE 2025-26,2025-11-08,USAC,223,Final,Onsight,Boulder_Women
R21 Bridges Rock Gym QE 2025-26,2025-11-08,USAC,223,Final,Onsight,Boulder_Men
R22 Spire Climbing + Fitness - Main Facility QE 2025-26,2025-11-08,USAC,224,Final,Onsight,Boulder_Women
R22 Spire Climbing + Fitness - Main Facility QE 2025-26,2025-11-08,USAC,224,Final,Onsight,Boulder_Men
R31 The Pad - Santa Barbara QE 2025-26,2025-11-08,USAC,225,Final,Onsight,Boulder_Women
R31 The Pad - Santa Barbara QE 2025-26,2025-11-08,USAC,225,Final,Onsight,Boulder_Men
R41 Eagle Climbing + Fitness QE 2025-26,2025-11-08,USAC,226,Final,Onsight,Boulder_Women
R41 Eagle Climbing + Fitness QE 2025-26,2025-11-08,USAC,226,Final,Onsight,Boulder_Men
R51 Armadillo Boulders QE 2025-26,2025-11-08,USAC,227,Final,Onsight,Boulder_Women
R51 Armadillo Boulders QE 2025-26,2025-11-08,USAC,227,Final,Onsight,Boulder_Men
R52 Upper Limits - Chesterfield QE 2025-26,2025-11-08,USAC,229,Final,Onsight,Boulder_Women
R52 Upper Limits - Chesterfield QE 2025-26,2025-11-08,USAC,229,Final,Onsight,Boulder_Men
R61 Vertical Endeavors Glendale Heights QE 2025-26,2025-11-08,USAC,230,Final,Onsight,Boulder_Women
R61 Vertical Endeavors Glendale Heights QE 2025-26,2025-11-08,USAC,230,Final,Onsight,Boulder_Men
R71 The Edge Rock Gym Jacksonville QE 2025-26,2025-11-08,USAC,232,Final,Onsight,Boulder_Women
R71 The Edge Rock Gym Jacksonville QE 2025-26,2025-11-08,USAC,232,Final,Onsight,Boulder_Men
R71 The Overlook Boulder & Fitness QE 2025-26,2025-11-08,USAC,231,Final,Onsight,Boulder_Women
R71 The Overlook Boulder & Fitness QE 2025-26,2025-11-08,USAC,231,Final,Onsight,Boulder_Men
R72 Ruckus Climbing Gym QE 2025-26,2025-11-08,USAC,233,Final,Onsight,Boulder_Women
R72 Ruckus Climbing Gym QE 2025-26,2025-11-08,USAC,233,Final,Onsight,Boulder_Men
R91 Rock Climb Fairfield QE 2025-26,2025-11-08,USAC,228,Final,Onsight,Boulder_Women
R91 Rock Climb Fairfield QE 2025-26,2025-11-08,USAC,228,Final,Onsight,Boulder_Men
R92 Central Rock Gym - Randolph QE 2025-26,2025-11-08,USAC,234,Final,Onsight,Boulder_Women
R92 Central Rock Gym - Randolph QE 2025-26,2025-11-08,USAC,234,Final,Onsight,Boulder_Men
TEST - Boulderfest - SEA,2025-11-08,VL-GLOBAL,480,Final,Unknown,Boulder_Men
TEST - Boulderfest - SEA,2025-11-08,VL-GLOBAL,480,Final,Unknown,Boulder_Women
VELS-X-Masters Finale,2025-11-08,VL-GLOBAL,475,Semi-final,Unknown,Boulder_Men
VELS-X-Masters Finale,2025-11-08,VL-GLOBAL,475,Semi-final,Unknown,Boulder_Women
VELS-X-Masters Finale,2025-11-08,VL-GLOBAL,475,Final,Onsight,Boulder_Men
VELS-X-Masters Finale,2025-11-08,VL-GLOBAL,475,Final,Onsight,Boulder_Women
Pratique pour nouveau HJ,2025-11-07,CEC,159,Qualification,Flash,Boulder_Men
Pratique pour nouveau HJ,2025-11-07,CEC,159,Qualification,Flash,Boulder_Women
Get High 2025 Finals Test,2025-11-03,VL-GLOBAL,390,Semi-final,Unknown,Boulder_Men
Get High 2025 Finals Test,2025-11-03,VL-GLOBAL,390,Semi-final,Unknown,Boulder_Women
Get High 2025 Finals Test,2025-11-03,VL-GLOBAL,390,Final,Unknown,Boulder_Men
Vienna Boulder Tour 2025 - blockfabrik,2025-11-03,VL-GLOBAL,343,Qualification,Unknown,Boulder_Women
Vienna Boulder Tour 2025 - blockfabrik,2025-11-03,VL-GLOBAL,343,Qualification,Unknown,Boulder_Men
Boulderfest Boston,2025-11-01,VL-GLOBAL,441,Boulderfest Boston,Unknown,Boulder_Men
Boulderfest Boston,2025-11-01,VL-GLOBAL,441,Boulderfest Boston,Unknown,Boulder_Women
R11 Rock Shop Climbing QE 2025-26,2025-11-01,USAC,170,Final,Onsight,Boulder_Women
R11 Rock Shop Climbing QE 2025-26,2025-11-01,USAC,170,Final,Onsight,Boulder_Men
R12 Brimstone Boulders QE 2025-26,2025-11-01,USAC,171,Final,Onsight,Boulder_Women
R12 Brimstone Boulders QE 2025-26,2025-11-01,USAC,171,Final,Onsight,Boulder_Men
R21 Alpine Climbing Adventure Fitness QE 2025-26,2025-11-01,USAC,172,Final,Onsight,Boulder_Women
R21 Alpine Climbing Adventure Fitness QE 2025-26,2025-11-01,USAC,172,Final,Onsight,Boulder_Men
R41 Stratus Climbing QE 2025-26,2025-11-01,USAC,174,Final,Onsight,Boulder_Women
R41 Stratus Climbing QE 2025-26,2025-11-01,USAC,174,Final,Onsight,Boulder_Men
R42 ABC Climbing QE 2025-26,2025-11-01,USAC,175,Final,Onsight,Boulder_Women
R42 ABC Climbing QE 2025-26,2025-11-01,USAC,175,Final,Onsight,Boulder_Men
R61 Climb Iowa East Village QE 2025-26,2025-11-01,USAC,178,Final,Onsight,Boulder_Women
R61 Climb Iowa East Village QE 2025-26,2025-11-01,USAC,178,Final,Onsight,Boulder_Men
R62 Apex Climbing Gym QE 2025-26,2025-11-01,USAC,179,Final,Onsight,Boulder_Women
R62 Apex Climbing Gym QE 2025-26,2025-11-01,USAC,179,Final,Onsight,Boulder_Men
R81 Send It QE 2025-26,2025-11-01,USAC,180,Final,Onsight,Boulder_Women
R81 Send It QE 2025-26,2025-11-01,USAC,180,Final,Onsight,Boulder_Men
R82 Method Climbing QE 2025-26,2025-11-01,USAC,181,Final,Onsight,Boulder_Women
R82 Method Climbing QE 2025-26,2025-11-01,USAC,181,Final,Onsight,Boulder_Men
Test Boulderfest Bos,2025-11-01,VL-GLOBAL,474,Final,Unknown,Boulder_Men
The Bridge - Boulderplausch mit Finale - Bouba Baden,2025-11-01,SAC-CAS,944,Qualification,Unknown,Boulder_Women
The Bridge - Boulderplausch mit Finale - Bouba Baden,2025-11-01,SAC-CAS,944,Qualification,Unknown,Boulder_Men
Boulderplanet - Flotter Freitag Oktober 2025,2025-10-31,VL-GLOBAL,473,Qualification,Unknown,Boulder_Women
Boulderplanet - Flotter Freitag Oktober 2025,2025-10-31,VL-GLOBAL,473,Qualification,Unknown,Boulder_Men
Boulder League Madrid,2025-10-27,VL-GLOBAL,453,Main Round,Unknown,Boulder_Women
Boulder League Madrid,2025-10-27,VL-GLOBAL,453,Main Round,Unknown,Boulder_Men
Boulder Test,2025-10-26,CEC,141,Qualification,Flash,Boulder_Women
R12 Multnomah Athletic Club QE 2025-26,2025-10-26,USAC,165,Final,Onsight,Boulder_Women
R12 Multnomah Athletic Club QE 2025-26,2025-10-26,USAC,165,Final,Onsight,Boulder_Men
R42 G1 Climbing + Fitness QE 2025-26,2025-10-26,USAC,166,Final,Onsight,Boulder_Women
R42 G1 Climbing + Fitness QE 2025-26,2025-10-26,USAC,166,Final,Onsight,Boulder_Men
3a Prueba Copa España Bloque,2025-10-25,FEDME,56,Final,Unknown,Boulder_Women
3a Prueba Copa España Bloque,2025-10-25,FEDME,56,Final,Unknown,Boulder_Men
3a Prueba Copa España Bloque,2025-10-25,FEDME,56,Clasificatoria,Unknown,Boulder_Women
3a Prueba Copa España Bloque,2025-10-25,FEDME,56,Clasificatoria,Unknown,Boulder_Men
ACA Youth B/A/Jr Boulder Local ARQ Cranbrook,2025-10-25,CEC,145,Qualification,Flash,Boulder_Men
ACA Youth B/A/Jr Boulder Local ARQ Cranbrook,2025-10-25,CEC,145,Qualification,Flash,Boulder_Women
ACA Youth B/A/Jr Boulder Local ARQ Cranbrook,2025-10-25,CEC,145,Final,Onsight,Boulder_Men
ACA Youth B/A/Jr Boulder Local ARQ Cranbrook,2025-10-25,CEC,145,Final,Onsight,Boulder_Women
Boulderfest - Brooklyn,2025-10-25,VL-GLOBAL,459,Final,Unknown,Boulder_Men
Boulderfest - Brooklyn,2025-10-25,VL-GLOBAL,459,Final,Unknown,Boulder_Women
Contest BlocUP,2025-10-25,VL-GLOBAL,373,Qualification,Unknown,Boulder_Women
Contest BlocUP,2025-10-25,VL-GLOBAL,373,Qualification,Unknown,Boulder_Men
Contest BlocUP,2025-10-25,VL-GLOBAL,373,Final,Unknown,Boulder_Women
Contest BlocUP,2025-10-25,VL-GLOBAL,373,Final,Unknown,Boulder_Men
R11 High Steppe Climbing Center QE 2025-26,2025-10-25,USAC,150,Final,Onsight,Boulder_Women
R11 High Steppe Climbing Center QE 2025-26,2025-10-25,USAC,150,Final,Onsight,Boulder_Men
R31 Sender One Lakewood QE 2025-26,2025-10-25,USAC,152,Final,Onsight,Boulder_Women
R31 Sender One Lakewood QE 2025-26,2025-10-25,USAC,152,Final,Onsight,Boulder_Men
R51 Canyons Rock Climbing QE 2025-26,2025-10-25,USAC,154,Final,Onsight,Boulder_Women
R51 Canyons Rock Climbing QE 2025-26,2025-10-25,USAC,154,Final,Onsight,Boulder_Men
R61 Vertical Endeavors Twin Cities Bouldering QE 2025-26,2025-10-25,USAC,156,Final,Onsight,Boulder_Women
R61 Vertical Endeavors Twin Cities Bouldering QE 2025-26,2025-10-25,USAC,156,Final,Onsight,Boulder_Men
R71 Central Rock Gym - Atlanta Bouldering QE 2025-26,2025-10-25,USAC,159,Final,Onsight,Boulder_Women
R71 Central Rock Gym - Atlanta Bouldering QE 2025-26,2025-10-25,USAC,159,Final,Onsight,Boulder_Men
R71 DynoClimb QE 2025-26,2025-10-25,USAC,158,Final,Onsight,Boulder_Women
R71 DynoClimb QE 2025-26,2025-10-25,USAC,158,Final,Onsight,Boulder_Men
R72 BlocHaven QE 2025-26,2025-10-25,USAC,160,Final,Onsight,Boulder_Women
R72 BlocHaven QE 2025-26,2025-10-25,USAC,160,Final,Onsight,Boulder_Men
R81 State Climb QE 2025-26,2025-10-25,USAC,161,Final,Onsight,Boulder_Women
R81 State Climb QE 2025-26,2025-10-25,USAC,161,Final,Onsight,Boulder_Men
R82 Central Rock Gym - Syracuse QE 2025-26,2025-10-25,USAC,162,Final,Onsight,Boulder_Women
R82 Central Rock Gym - Syracuse QE 2025-26,2025-10-25,USAC,162,Final,Onsight,Boulder_Men
R91 The Gravity Vault - Westbury QE 2025-26,2025-10-25,USAC,163,Final,Onsight,Boulder_Women
R91 The Gravity Vault - Westbury QE 2025-26,2025-10-25,USAC,163,Final,Onsight,Boulder_Men
R92 Salt Pump Climbing Co QE 2025-26,2025-10-25,USAC,164,Final,Onsight,Boulder_Women
R92 Salt Pump Climbing Co QE 2025-26,2025-10-25,USAC,164,Final,Onsight,Boulder_Men
SCBC Tier 2 Boulder Event,2025-10-25,CEC,150,Qualification,Flash,Boulder_Men
SCBC Tier 2 Boulder Event,2025-10-25,CEC,150,Qualification,Flash,Boulder_Women
Test - Boulderfest Brooklyn,2025-10-25,VL-GLOBAL,467,Final,Unknown,Boulder_Men
VESO 2025 1.0,2025-10-25,VL-GLOBAL,465,First Round,Unknown,Boulder_Men
VESO 2025 1.0,2025-10-25,VL-GLOBAL,465,First Round,Unknown,Boulder_Women
EVENTO PRUEBA BUNKER,2025-10-24,VL-GLOBAL,460,Final,Onsight,Boulder_Men
EVENTO PRUEBA BUNKER,2025-10-24,VL-GLOBAL,460,Final,Onsight,Boulder_Women
EVENTO PRUEBA BUNKER,2025-10-24,VL-GLOBAL,460,First Round,Unknown,Boulder_Men
EVENTO PRUEBA BUNKER,2025-10-24,VL-GLOBAL,460,First Round,Unknown,Boulder_Women
VESO 2025 2.0,2025-10-24,VL-GLOBAL,463,First Round,Unknown,Boulder_Men
Emilia Romagna - Campionato Regionale 1° prova (B),2025-10-19,FASI,1097,Qualification,Unknown,Boulder_Men
Emilia Romagna - Campionato Regionale 1° prova (B),2025-10-19,FASI,1097,Qualification,Unknown,Boulder_Women
Emilia Romagna - Campionato Regionale 1° prova (B),2025-10-19,FASI,1097,Final,Onsight,Boulder_Men
Emilia Romagna - Campionato Regionale 1° prova (B),2025-10-19,FASI,1097,Final,Onsight,Boulder_Women
MO CRP,2025-10-19,USAC,218,Qualification,Unknown,Boulder_Women
R21 Session Climbing QE 2025-26,2025-10-19,USAC,136,Final,Onsight,Boulder_Women
R21 Session Climbing QE 2025-26,2025-10-19,USAC,136,Final,Onsight,Boulder_Men
Test Blockhelden,2025-10-19,VL-GLOBAL,455,Qualification,Unknown,Boulder_Men
Test Blockhelden,2025-10-19,VL-GLOBAL,455,Qualification,Unknown,Boulder_Women
Test Blockhelden,2025-10-19,VL-GLOBAL,455,Final,Onsight,Boulder_Men
R11 Uplift Climbing QE 2025-26,2025-10-18,USAC,125,Final,Onsight,Boulder_Women
R11 Uplift Climbing QE 2025-26,2025-10-18,USAC,125,Final,Onsight,Boulder_Men
R12 Bend Endurance Academy QE 2025-26,2025-10-18,USAC,126,Final,Onsight,Boulder_Women
R12 Bend Endurance Academy QE 2025-26,2025-10-18,USAC,126,Final,Onsight,Boulder_Men
R22 Grip Bouldering QE 2025-26,2025-10-18,USAC,127,Final,Onsight,Boulder_Women
R22 Grip Bouldering QE 2025-26,2025-10-18,USAC,127,Final,Onsight,Boulder_Men
R31 Long Beach Rising QE 2025-26,2025-10-18,USAC,128,Final,Onsight,Boulder_Women
R31 Long Beach Rising QE 2025-26,2025-10-18,USAC,128,Final,Onsight,Boulder_Men
R32 Gecko Climbing Gym QE 2025-26,2025-10-18,USAC,129,Final,Onsight,Boulder_Women
R32 Gecko Climbing Gym QE 2025-26,2025-10-18,USAC,129,Final,Onsight,Boulder_Men
R41 Ubergrippen Indoor Climbing Crag QE 2025-26,2025-10-18,USAC,130,Final,Onsight,Boulder_Women
R41 Ubergrippen Indoor Climbing Crag QE 2025-26,2025-10-18,USAC,130,Final,Onsight,Boulder_Men
R52 Memphis Rox QE 2025-26,2025-10-18,USAC,131,Final,Onsight,Boulder_Women
R52 Memphis Rox QE 2025-26,2025-10-18,USAC,131,Final,Onsight,Boulder_Men
R72 Triangle Rock Club - Salvage Yard QE 2025-26,2025-10-18,USAC,134,Final,Onsight,Boulder_Women
R72 Triangle Rock Club - Salvage Yard QE 2025-26,2025-10-18,USAC,134,Final,Onsight,Boulder_Men
R82 Gravity Vault Montclair QE 2025-26,2025-10-18,USAC,135,Final,Onsight,Boulder_Women
R82 Gravity Vault Montclair QE 2025-26,2025-10-18,USAC,135,Final,Onsight,Boulder_Men
Training Flash (Boulder),2025-10-18,USAC,51,Final,Onsight,Boulder_Men
Training Modified Redpoint (Boulder),2025-10-18,USAC,44,Final,Onsight,Boulder_Men
Tromsø Buldrejam,2025-10-18,VL-GLOBAL,437,Main Round,Unknown,Boulder_Men
Tromsø Buldrejam,2025-10-18,VL-GLOBAL,437,Main Round,Unknown,Boulder_Women
GAVA CLIMBING LEAGUE,2025-10-13,VL-GLOBAL,445,Main Round,Unknown,Boulder_Women
GAVA CLIMBING LEAGUE,2025-10-13,VL-GLOBAL,445,Main Round,Unknown,Boulder_Men
Vienna Boulder Tour 2025 - das flash,2025-10-13,VL-GLOBAL,342,Qualification,Unknown,Boulder_Women
Vienna Boulder Tour 2025 - das flash,2025-10-13,VL-GLOBAL,342,Qualification,Unknown,Boulder_Men
BARCELONA CLIMBING LEAGUE,2025-10-12,VL-GLOBAL,444,Main Round,Unknown,Boulder_Women
BARCELONA CLIMBING LEAGUE,2025-10-12,VL-GLOBAL,444,Main Round,Unknown,Boulder_Men
2025 Boulderfest - DC,2025-10-11,VL-GLOBAL,443,Final,Unknown,Boulder_Men
2025 Boulderfest - DC,2025-10-11,VL-GLOBAL,443,Final,Unknown,Boulder_Women
Pop & Lock 8,2025-10-11,CEC,140,Qualification,Flash,Boulder_Men
Pop & Lock 8,2025-10-11,CEC,140,Qualification,Flash,Boulder_Women
Pop & Lock 8,2025-10-11,CEC,140,Final,Unknown,Boulder_Women
Pop & Lock 8,2025-10-11,CEC,140,Final,Unknown,Boulder_Men
R11 Momentum Indoor Climbing - SODO QE 2025-26,2025-10-11,USAC,93,Final,Onsight,Boulder_Women
R11 Momentum Indoor Climbing - SODO QE 2025-26,2025-10-11,USAC,93,Final,Onsight,Boulder_Men
R12 TOMO Bouldering Club QE 2025-26,2025-10-11,USAC,94,Final,Onsight,Boulder_Women
R12 TOMO Bouldering Club QE 2025-26,2025-10-11,USAC,94,Final,Onsight,Boulder_Men
R21 Mesa Rim Reno QE 2025-26,2025-10-11,USAC,95,Final,Onsight,Boulder_Women
R21 Mesa Rim Reno QE 2025-26,2025-10-11,USAC,95,Final,Onsight,Boulder_Men
R22 Momentum - Lehi QE 2025-26,2025-10-11,USAC,96,Final,Onsight,Boulder_Women
R22 Momentum - Lehi QE 2025-26,2025-10-11,USAC,96,Final,Onsight,Boulder_Men
R42 Whetstone Climbing QE 2025-26,2025-10-11,USAC,98,Final,Onsight,Boulder_Women
R42 Whetstone Climbing QE 2025-26,2025-10-11,USAC,98,Final,Onsight,Boulder_Men
R52 The Crag Nashville QE 2025-26,2025-10-11,USAC,99,Final,Onsight,Boulder_Women
R52 The Crag Nashville QE 2025-26,2025-10-11,USAC,99,Final,Onsight,Boulder_Men
R62 Climb Cincy QE 2025-26,2025-10-11,USAC,100,Final,Onsight,Boulder_Women
R62 Climb Cincy QE 2025-26,2025-10-11,USAC,100,Final,Onsight,Boulder_Men
R81 The Boulder Yard QE 2025-26,2025-10-11,USAC,102,Final,Onsight,Boulder_Women
R81 The Boulder Yard QE 2025-26,2025-10-11,USAC,102,Final,Onsight,Boulder_Men
R92 NH Climbing and Fitness QE 2025-26,2025-10-11,USAC,104,Final,Onsight,Boulder_Women
R92 NH Climbing and Fitness QE 2025-26,2025-10-11,USAC,104,Final,Onsight,Boulder_Men
VELS-X-Masters Volume 3,2025-10-11,VL-GLOBAL,440,Qualification,Unknown,Boulder_Men
VELS-X-Masters Volume 3,2025-10-11,VL-GLOBAL,440,Qualification,Unknown,Boulder_Women
Vienna Boulder Tour 2025 - Kletteranlage Klosterneuburg,2025-10-06,VL-GLOBAL,341,Qualification,Unknown,Boulder_Women
Vienna Boulder Tour 2025 - Kletteranlage Klosterneuburg,2025-10-06,VL-GLOBAL,341,Qualification,Unknown,Boulder_Men
092525 Training Modified Redpoint (Boulder),2025-10-05,USAC,91,Final,Onsight,Boulder_Men
R21 The Oaks QE 2025-26,2025-10-05,USAC,74,Final,Onsight,Boulder_Women
R21 The Oaks QE 2025-26,2025-10-05,USAC,74,Final,Onsight,Boulder_Men
"R52 Boulders and Brews QE 2025-26 (U11, U13, U15 Only)",2025-10-05,USAC,75,Final,Onsight,Boulder_Women
"R52 Boulders and Brews QE 2025-26 (U11, U13, U15 Only)",2025-10-05,USAC,75,Final,Onsight,Boulder_Men
AZ Boulderfest,2025-10-04,VL-GLOBAL,429,Final,Unknown,Boulder_Men
AZ Boulderfest,2025-10-04,VL-GLOBAL,429,Final,Unknown,Boulder_Women
Berlin Boulder Bash 2025,2025-10-04,VL-GLOBAL,389,Qualification,Unknown,Boulder_Men
Berlin Boulder Bash 2025,2025-10-04,VL-GLOBAL,389,Qualification,Unknown,Boulder_Women
GET HIGH FINALS 2025,2025-10-04,VL-GLOBAL,412,Semi-final,Unknown,Boulder_Men
GET HIGH FINALS 2025,2025-10-04,VL-GLOBAL,412,Semi-final,Unknown,Boulder_Women
GET HIGH FINALS 2025,2025-10-04,VL-GLOBAL,412,Final,Unknown,Boulder_Men
GET HIGH FINALS 2025,2025-10-04,VL-GLOBAL,412,Final,Unknown,Boulder_Women
R22 Commons Climbing Gym QE 2025-26,2025-10-04,USAC,67,Final,Onsight,Boulder_Women
R22 Commons Climbing Gym QE 2025-26,2025-10-04,USAC,67,Final,Onsight,Boulder_Men
R32 Mesa Rim Academy QE 2025-26,2025-10-04,USAC,68,Final,Onsight,Boulder_Women
R32 Mesa Rim Academy QE 2025-26,2025-10-04,USAC,68,Final,Onsight,Boulder_Men
R41 GRAVITY BEAR Bouldering Gym QE 2025-26,2025-10-04,USAC,69,Final,Onsight,Boulder_Women
R41 GRAVITY BEAR Bouldering Gym QE 2025-26,2025-10-04,USAC,69,Final,Onsight,Boulder_Men
R51 Movement - Grapevine QE 2025-26,2025-10-04,USAC,80,Final,Onsight,Boulder_Women
R51 Movement - Grapevine QE 2025-26,2025-10-04,USAC,80,Final,Onsight,Boulder_Men
"R52 Ozark Climbing Gym QE 2025-26 (U17, U19, U20 Only)",2025-10-04,USAC,71,Final,Onsight,Boulder_Women
"R52 Ozark Climbing Gym QE 2025-26 (U17, U19, U20 Only)",2025-10-04,USAC,71,Final,Onsight,Boulder_Men
R91 Central Rock Gym - West Hartford QE 2025-26,2025-10-04,USAC,72,Final,Onsight,Boulder_Women
R91 Central Rock Gym - West Hartford QE 2025-26,2025-10-04,USAC,72,Final,Onsight,Boulder_Men
R92 EVO Rock + Fitness - Portland QE 2025-26,2025-10-04,USAC,73,Final,Onsight,Boulder_Women
R92 EVO Rock + Fitness - Portland QE 2025-26,2025-10-04,USAC,73,Final,Onsight,Boulder_Men
"SPOR TIRMANIS GENCLER, GENC A-B KATEGORILERI BOULDERING TURKIYE KUPASI",2025-10-04,VL-GLOBAL,439,Qualification,Flash,Boulder_Men
"SPOR TIRMANIS GENCLER, GENC A-B KATEGORILERI BOULDERING TURKIYE KUPASI",2025-10-04,VL-GLOBAL,439,Qualification,Flash,Boulder_Women
"SPOR TIRMANIS GENCLER, GENC A-B KATEGORILERI BOULDERING TURKIYE KUPASI",2025-10-04,VL-GLOBAL,439,Final,Onsight,Boulder_Men
"SPOR TIRMANIS GENCLER, GENC A-B KATEGORILERI BOULDERING TURKIYE KUPASI",2025-10-04,VL-GLOBAL,439,Final,Onsight,Boulder_Women
Test Berlin,2025-10-04,VL-GLOBAL,393,Qualification,Unknown,Boulder_Men
Youth Climbing Series Round 3(Boulder),2025-10-04,VL-GLOBAL,368,Youth Climbing Series,Unknown,Boulder_Men
Youth Climbing Series Round 3(Boulder),2025-10-04,VL-GLOBAL,368,Youth Climbing Series,Unknown,Boulder_Women
MO test,2025-10-01,USAC,89,Qualification,Unknown,Boulder_Men
Vienna Boulder Tour 2025 - Klettercenter Rotpunkt,2025-09-29,VL-GLOBAL,340,Qualification,Unknown,Boulder_Women
Vienna Boulder Tour 2025 - Klettercenter Rotpunkt,2025-09-29,VL-GLOBAL,340,Qualification,Unknown,Boulder_Men
Bloccstock 2025,2025-09-27,VL-GLOBAL,434,Qualification,Unknown,Boulder_Men
Bloccstock 2025,2025-09-27,VL-GLOBAL,434,Qualification,Unknown,Boulder_Women
Bloccstock 2025,2025-09-27,VL-GLOBAL,434,Final,Unknown,Boulder_Women
Bloccstock 2025,2025-09-27,VL-GLOBAL,434,Final,Unknown,Boulder_Men
OCF Senior Boulder Qualifier,2025-09-27,CEC,131,Qualification,Flash,Boulder_Men
OCF Senior Boulder Qualifier,2025-09-27,CEC,131,Qualification,Flash,Boulder_Women
OCF Senior Boulder Qualifier,2025-09-27,CEC,131,Final,Unknown,Boulder_Men
OCF Senior Boulder Qualifier,2025-09-27,CEC,131,Final,Unknown,Boulder_Women
Test Heilbronn,2025-09-27,VL-GLOBAL,432,Qualification,Unknown,Boulder_Men
Test Boulderbar,2025-09-26,VL-GLOBAL,418,Qualification,Unknown,Boulder_Men
Test Boulderbar,2025-09-26,VL-GLOBAL,418,Final,Unknown,Boulder_Men
Turkish Mountaineering Federation International Open Boulder Championship,2025-09-26,VL-GLOBAL,413,Qualification,Unknown,Boulder_Men
Turkish Mountaineering Federation International Open Boulder Championship,2025-09-26,VL-GLOBAL,413,Qualification,Unknown,Boulder_Women
Turkish Mountaineering Federation International Open Boulder Championship,2025-09-26,VL-GLOBAL,413,Final,Unknown,Boulder_Men
Turkish Mountaineering Federation International Open Boulder Championship,2025-09-26,VL-GLOBAL,413,Final,Unknown,Boulder_Women
IFSC World Championships Seoul 2025,2025-09-21,IFSC,1417,Qualification,Onsight,Boulder_Men
IFSC World Championships Seoul 2025,2025-09-21,IFSC,1417,Qualification,Onsight,Boulder_Women
IFSC World Championships Seoul 2025,2025-09-21,IFSC,1417,Semi-final,Onsight,Boulder_Men
IFSC World Championships Seoul 2025,2025-09-21,IFSC,1417,Semi-final,Onsight,Boulder_Women
IFSC World Championships Seoul 2025,2025-09-21,IFSC,1417,Final,Onsight,Boulder_Men
IFSC World Championships Seoul 2025,2025-09-21,IFSC,1417,Final,Onsight,Boulder_Women
2a Prueba Copa España Bloque,2025-09-20,FEDME,55,Final,Unknown,Boulder_Women
2a Prueba Copa España Bloque,2025-09-20,FEDME,55,Final,Unknown,Boulder_Men
2a Prueba Copa España Bloque,2025-09-20,FEDME,55,Clasificatoria,Unknown,Boulder_Women
2a Prueba Copa España Bloque,2025-09-20,FEDME,55,Clasificatoria,Unknown,Boulder_Men
Conquer the Walls - 2025,2025-09-20,VL-GLOBAL,375,Red Point Round,Scramble,Boulder_Men
Conquer the Walls - 2025,2025-09-20,VL-GLOBAL,375,Red Point Round,Scramble,Boulder_Women
Minneapolis Boulderfest 2025,2025-09-20,VL-GLOBAL,406,Final,Unknown,Boulder_Women
Minneapolis Boulderfest 2025,2025-09-20,VL-GLOBAL,406,Final,Unknown,Boulder_Men
Test new bouldering,2025-09-20,CEC,136,Qualification,Flash,Boulder_Men
Boulderplanet - Flotter Freitag September 2025,2025-09-19,VL-GLOBAL,399,Qualification,Unknown,Boulder_Women
Boulderplanet - Flotter Freitag September 2025,2025-09-19,VL-GLOBAL,399,Qualification,Unknown,Boulder_Men
Vienna Boulder Tour 2025 - Kletterhalle Wien,2025-09-15,VL-GLOBAL,338,Qualification,Unknown,Boulder_Women
Vienna Boulder Tour 2025 - Kletterhalle Wien,2025-09-15,VL-GLOBAL,338,Qualification,Unknown,Boulder_Men
SPC: Skill Finals,2025-09-13,VL-GLOBAL,404,Open Round (Skill),Unknown,Boulder_Women
SPC: Skill Finals,2025-09-13,VL-GLOBAL,404,Open Round (Skill),Unknown,Boulder_Men
Round 1: Plant Factory Edition,2025-09-12,VL-GLOBAL,397,Qualification,Unknown,Boulder_Women
Round 1: Plant Factory Edition,2025-09-12,VL-GLOBAL,397,Qualification,Unknown,Boulder_Men
Test Valencia,2025-09-12,VL-GLOBAL,400,Qualification,Unknown,Boulder_Men
Test Valencia,2025-09-12,VL-GLOBAL,400,Qualification,Unknown,Boulder_Women
Test Valencia,2025-09-12,VL-GLOBAL,400,Final,Unknown,Boulder_Men
Vienna Boulder Tour 2025 - Kletteranlage Flakturm,2025-09-08,VL-GLOBAL,337,Qualification,Unknown,Boulder_Women
Vienna Boulder Tour 2025 - Kletteranlage Flakturm,2025-09-08,VL-GLOBAL,337,Qualification,Unknown,Boulder_Men
1a Prueba Copa España Bloque,2025-09-06,FEDME,54,Final,Unknown,Boulder_Women
1a Prueba Copa España Bloque,2025-09-06,FEDME,54,Final,Unknown,Boulder_Men
1a Prueba Copa España Bloque,2025-09-06,FEDME,54,Clasificatoria,Unknown,Boulder_Women
1a Prueba Copa España Bloque,2025-09-06,FEDME,54,Clasificatoria,Unknown,Boulder_Men
Campeonato España Bloque,2025-09-06,FEDME,57,Final,Unknown,Boulder_Women
Campeonato España Bloque,2025-09-06,FEDME,57,Final,Unknown,Boulder_Men
Campeonato España Bloque,2025-09-06,FEDME,57,Clasificatoria,Unknown,Boulder_Women
Campeonato España Bloque,2025-09-06,FEDME,57,Clasificatoria,Unknown,Boulder_Men
Youth Climbing Series Round 1(Boulder),2025-09-06,VL-GLOBAL,366,Youth Climbing Series Round 1,Unknown,Boulder_Men
Youth Climbing Series Round 1(Boulder),2025-09-06,VL-GLOBAL,366,Youth Climbing Series Round 1,Unknown,Boulder_Women
Test Event,2025-09-05,VL-GLOBAL,398,Qualification,Unknown,Boulder_Men
Test Event,2025-09-05,VL-GLOBAL,398,Qualification,Unknown,Boulder_Women
Test Event,2025-09-05,VL-GLOBAL,398,Final,Unknown,Boulder_Men
Test Event,2025-09-05,VL-GLOBAL,398,Final,Unknown,Boulder_Women
Get High 2025 Quali - urban apes Berlin Wedding,2025-09-03,VL-GLOBAL,320,Qualification,Unknown,Boulder_Men
Get High 2025 Quali - urban apes Berlin Wedding,2025-09-03,VL-GLOBAL,320,Qualification,Unknown,Boulder_Women
Kölner Bouldermeisterschaft 2025 - Super Finale,2025-08-30,VL-GLOBAL,370,Final,Unknown,Boulder_Women
Kölner Bouldermeisterschaft 2025 - Super Finale,2025-08-30,VL-GLOBAL,370,Final,Unknown,Boulder_Men
Test Event,2025-08-30,VL-GLOBAL,386,Qualification,Unknown,Boulder_Men
Test Event,2025-08-30,VL-GLOBAL,386,Final,Unknown,Boulder_Men
Test Finale,2025-08-30,VL-GLOBAL,394,Semi-final,Unknown,Boulder_Men
The Big Bang - Boulderworld Belfast,2025-08-30,VL-GLOBAL,351,Qualification,Flash,Boulder_Men
The Big Bang - Boulderworld Belfast,2025-08-30,VL-GLOBAL,351,Qualification,Flash,Boulder_Women
The Big Bang - Boulderworld Belfast,2025-08-30,VL-GLOBAL,351,Qualification,Unknown,Boulder_Women
The Big Bang - Boulderworld Belfast,2025-08-30,VL-GLOBAL,351,Qualification,Unknown,Boulder_Men
The Big Bang - Boulderworld Belfast,2025-08-30,VL-GLOBAL,351,Final,Unknown,Boulder_Women
The Big Bang - Boulderworld Belfast,2025-08-30,VL-GLOBAL,351,Final,Unknown,Boulder_Men
The Big Bang - Boulderworld Belfast,2025-08-30,VL-GLOBAL,351,Final,Onsight,Boulder_Women
The Big Bang - Boulderworld Belfast,2025-08-30,VL-GLOBAL,351,Final,Onsight,Boulder_Men
Test Jam,2025-08-29,VL-GLOBAL,396,Qualification,Unknown,Boulder_Women
Test Jam Mode,2025-08-29,VL-GLOBAL,395,Qualification,Unknown,Boulder_Men
Test Jam Mode,2025-08-29,VL-GLOBAL,395,Qualification,Unknown,Boulder_Women
Test Jam Mode,2025-08-29,VL-GLOBAL,395,Final,Unknown,Boulder_Women
Test Scotland,2025-08-29,VL-GLOBAL,384,Qualification,Unknown,Boulder_Men
Test Scotland,2025-08-29,VL-GLOBAL,384,Final,Unknown,Boulder_Men
Test UA,2025-08-29,VL-GLOBAL,391,Qualification,Unknown,Boulder_Men
Get High 2025 Quali - der steinbock Erlangen,2025-08-28,VL-GLOBAL,324,Qualification,Unknown,Boulder_Men
Get High 2025 Quali - der steinbock Erlangen,2025-08-28,VL-GLOBAL,324,Qualification,Unknown,Boulder_Women
Get High 2025 Quali - der steinbock Konstanz,2025-08-28,VL-GLOBAL,326,Qualification,Unknown,Boulder_Men
Get High 2025 Quali - der steinbock Konstanz,2025-08-28,VL-GLOBAL,326,Qualification,Unknown,Boulder_Women
Get High 2025 Quali - der steinbock Passau,2025-08-28,VL-GLOBAL,327,Qualification,Unknown,Boulder_Men
Get High 2025 Quali - der steinbock Passau,2025-08-28,VL-GLOBAL,327,Qualification,Unknown,Boulder_Women
Get High 2025 Quali - urban apes Hannover,2025-08-28,VL-GLOBAL,321,Qualification,Unknown,Boulder_Men
Get High 2025 Quali - urban apes Hannover,2025-08-28,VL-GLOBAL,321,Qualification,Unknown,Boulder_Women
Get High 2025 Quali - der steinbock Linz,2025-08-27,VL-GLOBAL,328,Qualification,Unknown,Boulder_Men
Get High 2025 Quali - der steinbock Linz,2025-08-27,VL-GLOBAL,328,Qualification,Unknown,Boulder_Women
Get High 2025 Quali - urban apes Lübeck,2025-08-27,VL-GLOBAL,315,Qualification,Unknown,Boulder_Men
Get High 2025 Quali - urban apes Lübeck,2025-08-27,VL-GLOBAL,315,Qualification,Unknown,Boulder_Women
Get High 2025 Quali - urban apes Norderstedt,2025-08-27,VL-GLOBAL,313,Qualification,Unknown,Boulder_Men
Get High 2025 Quali - urban apes Norderstedt,2025-08-27,VL-GLOBAL,313,Qualification,Unknown,Boulder_Women
Get High 2025 Quali - urban apes Basement Berlin,2025-08-26,VL-GLOBAL,317,Qualification,Unknown,Boulder_Men
Get High 2025 Quali - urban apes Basement Berlin,2025-08-26,VL-GLOBAL,317,Qualification,Unknown,Boulder_Women
Get High 2025 Quali - der steinbock Zirndorf,2025-08-25,VL-GLOBAL,323,Qualification,Unknown,Boulder_Men
Get High 2025 Quali - der steinbock Zirndorf,2025-08-25,VL-GLOBAL,323,Qualification,Unknown,Boulder_Women
Get High 2025 Quali - urban apes Hamburg St. Pauli,2025-08-25,VL-GLOBAL,312,Qualification,Unknown,Boulder_Men
Get High 2025 Quali - urban apes Hamburg St. Pauli,2025-08-25,VL-GLOBAL,312,Qualification,Unknown,Boulder_Women
Sparta Summer Fight 2025 Final,2025-08-22,VL-GLOBAL,378,Final,Unknown,Boulder_Men
Sparta Summer Fight 2025 Final,2025-08-22,VL-GLOBAL,378,Final,Unknown,Boulder_Women
IFSC Youth Asian Championships Guiyang 2025,2025-08-20,IFSC,1468,Qualification,Flash,Boulder_Men
IFSC Youth Asian Championships Guiyang 2025,2025-08-20,IFSC,1468,Qualification,Flash,Boulder_Women
IFSC Youth Asian Championships Guiyang 2025,2025-08-20,IFSC,1468,Final,Onsight,Boulder_Men
IFSC Youth Asian Championships Guiyang 2025,2025-08-20,IFSC,1468,Final,Onsight,Boulder_Women
Test Event 1,2025-08-01,VL-GLOBAL,372,Qualification,Unknown,Boulder_Men
Test Event 1,2025-08-01,VL-GLOBAL,372,Qualification,Unknown,Boulder_Women
Test Event 1,2025-08-01,VL-GLOBAL,372,Final,Unknown,Boulder_Women
Test Lead,2025-08-01,VL-GLOBAL,371,Qualification,Unknown,Boulder_Men
Test Lead,2025-08-01,VL-GLOBAL,371,Qualification,Unknown,Boulder_Women
Test Lead,2025-08-01,VL-GLOBAL,371,Semi-final,Unknown,Boulder_Men
Test Lead,2025-08-01,VL-GLOBAL,371,Semi-final,Unknown,Boulder_Women
Test Lead,2025-08-01,VL-GLOBAL,371,Final,Unknown,Boulder_Men
Test Lead,2025-08-01,VL-GLOBAL,371,Final,Unknown,Boulder_Women
IFSC Youth World Championships Helsinki 2025,2025-07-28,IFSC,1418,Qualification,Flash,Boulder_Men
IFSC Youth World Championships Helsinki 2025,2025-07-28,IFSC,1418,Qualification,Flash,Boulder_Women
IFSC Youth World Championships Helsinki 2025,2025-07-28,IFSC,1418,Semi-final,Onsight,Boulder_Men
IFSC Youth World Championships Helsinki 2025,2025-07-28,IFSC,1418,Semi-final,Onsight,Boulder_Women
IFSC Youth World Championships Helsinki 2025,2025-07-28,IFSC,1418,Final,Onsight,Boulder_Men
IFSC Youth World Championships Helsinki 2025,2025-07-28,IFSC,1418,Final,Onsight,Boulder_Women
Kölner Bouldermeisterschaft 2025,2025-07-26,VL-GLOBAL,332,Qualification,Unknown,Boulder_Women
Kölner Bouldermeisterschaft 2025,2025-07-26,VL-GLOBAL,332,Qualification,Unknown,Boulder_Men
Kölner Bouldermeisterschaft 2025,2025-07-26,VL-GLOBAL,332,Semi-final,Unknown,Boulder_Women
Kölner Bouldermeisterschaft 2025,2025-07-26,VL-GLOBAL,332,Semi-final,Unknown,Boulder_Men
Testevent Boulder,2025-07-26,SAC-CAS,942,Qualification,Unknown,Boulder_Women
Testevent Boulder,2025-07-26,SAC-CAS,942,Qualification,Unknown,Boulder_Men
Testevent Boulder,2025-07-26,SAC-CAS,942,Final,Onsight,Boulder_Women
VELS-X-Masters Volume 2,2025-07-19,VL-GLOBAL,349,Qualification,Unknown,Boulder_Men
VELS-X-Masters Volume 2,2025-07-19,VL-GLOBAL,349,Qualification,Unknown,Boulder_Women
SM-Boulder 2025 U17/U19/U21,2025-07-18,VL-GLOBAL,266,Karsinnat,Unknown,Boulder_Men
SM-Boulder 2025 U17/U19/U21,2025-07-18,VL-GLOBAL,266,Karsinnat,Unknown,Boulder_Women
SM-Boulder 2025 U17/U19/U21,2025-07-18,VL-GLOBAL,266,Finaalit,Unknown,Boulder_Women
SM-Boulder 2025 U17/U19/U21,2025-07-18,VL-GLOBAL,266,Finaalit,Unknown,Boulder_Men
Get High 2025 Quali - urban apes Hamburg West,2025-07-16,VL-GLOBAL,310,Qualification,Unknown,Boulder_Men
Get High 2025 Quali - urban apes Hamburg West,2025-07-16,VL-GLOBAL,310,Qualification,Unknown,Boulder_Women
Get High 2025 Quali - urban apes Hamburg Ost,2025-07-14,VL-GLOBAL,311,Qualification,Unknown,Boulder_Men
Get High 2025 Quali - urban apes Hamburg Ost,2025-07-14,VL-GLOBAL,311,Qualification,Unknown,Boulder_Women
2024 Hakemler için Test,2025-07-10,VL-GLOBAL,134,Qualification,Flash,Boulder_Men
2024 Hakemler için Test,2025-07-10,VL-GLOBAL,134,Qualification,Flash,Boulder_Women
2024 Hakemler için Test,2025-07-10,VL-GLOBAL,134,Final,Onsight,Boulder_Women
2024 Hakemler için Test,2025-07-10,VL-GLOBAL,134,Final,Onsight,Boulder_Men
Get High 2025 Quali - urban apes Lüneburg,2025-07-07,VL-GLOBAL,314,Qualification,Unknown,Boulder_Men
Get High 2025 Quali - urban apes Lüneburg,2025-07-07,VL-GLOBAL,314,Qualification,Unknown,Boulder_Women
Boulderplanet - Flotter Freitag Juli 2025,2025-07-04,VL-GLOBAL,359,Qualification,Unknown,Boulder_Women
Boulderplanet - Flotter Freitag Juli 2025,2025-07-04,VL-GLOBAL,359,Qualification,Unknown,Boulder_Men
Climbing Cult Party 2025,2025-07-03,VL-GLOBAL,350,Qualification,Unknown,Boulder_Men
Climbing Cult Party 2025,2025-07-03,VL-GLOBAL,350,Qualification,Unknown,Boulder_Women
Climbing Cult Party 2025,2025-07-03,VL-GLOBAL,350,Qualification,Flash,Boulder_Men
Climbing Cult Party 2025,2025-07-03,VL-GLOBAL,350,Qualification,Flash,Boulder_Women
Climbing Cult Party 2025,2025-07-03,VL-GLOBAL,350,Final,Unknown,Boulder_Men
Climbing Cult Party 2025,2025-07-03,VL-GLOBAL,350,Final,Unknown,Boulder_Women
Climbing Cult Party 2025,2025-07-03,VL-GLOBAL,350,Final,Onsight,Boulder_Men
Climbing Cult Party 2025,2025-07-03,VL-GLOBAL,350,Final,Onsight,Boulder_Women
Get High 2025 Quali - urban apes Bright Site Berlin,2025-07-03,VL-GLOBAL,318,Qualification,Unknown,Boulder_Men
Get High 2025 Quali - urban apes Bright Site Berlin,2025-07-03,VL-GLOBAL,318,Qualification,Unknown,Boulder_Women
Get High 2025 Quali - der steinbock Nürnberg,2025-07-02,VL-GLOBAL,322,Qualification,Unknown,Boulder_Men
Get High 2025 Quali - der steinbock Nürnberg,2025-07-02,VL-GLOBAL,322,Qualification,Unknown,Boulder_Women
Get High 2025 Quali - urban apes Kiel,2025-07-02,VL-GLOBAL,316,Qualification,Unknown,Boulder_Men
Get High 2025 Quali - urban apes Kiel,2025-07-02,VL-GLOBAL,316,Qualification,Unknown,Boulder_Women
Get High 2025 Quali - Café Kraft Nürnberg,2025-07-01,VL-GLOBAL,325,Qualification,Unknown,Boulder_Men
Get High 2025 Quali - Café Kraft Nürnberg,2025-07-01,VL-GLOBAL,325,Qualification,Unknown,Boulder_Women
Sparta Summer Fight 2025,2025-07-01,VL-GLOBAL,355,Sparta Summer Fight,Unknown,Boulder_Men
Sparta Summer Fight 2025,2025-07-01,VL-GLOBAL,355,Sparta Summer Fight,Unknown,Boulder_Women
Get High 2025 Quali - urban apes Berlin Friedrichshain,2025-06-30,VL-GLOBAL,319,Qualification,Unknown,Boulder_Men
Get High 2025 Quali - urban apes Berlin Friedrichshain,2025-06-30,VL-GLOBAL,319,Qualification,Unknown,Boulder_Women
Test Event BB Belfast,2025-06-30,VL-GLOBAL,352,Qualification,Flash,Boulder_Women
Test Event BB Belfast,2025-06-30,VL-GLOBAL,352,Qualification,Flash,Boulder_Men
Test Event BB Belfast,2025-06-30,VL-GLOBAL,352,Qualification,Unknown,Boulder_Men
Test Event BB Belfast,2025-06-30,VL-GLOBAL,352,Qualification,Unknown,Boulder_Women
Test Event BB Belfast,2025-06-30,VL-GLOBAL,352,Final,Unknown,Boulder_Men
Test Event BB Belfast,2025-06-30,VL-GLOBAL,352,Final,Onsight,Boulder_Women
Test Event BB Belfast,2025-06-30,VL-GLOBAL,352,Final,Onsight,Boulder_Men
IFSC World Cup Innsbruck 2025,2025-06-25,IFSC,1412,Qualification,Onsight,Boulder_Men
IFSC World Cup Innsbruck 2025,2025-06-25,IFSC,1412,Qualification,Onsight,Boulder_Women
IFSC World Cup Innsbruck 2025,2025-06-25,IFSC,1412,Semi-final,Onsight,Boulder_Men
IFSC World Cup Innsbruck 2025,2025-06-25,IFSC,1412,Semi-final,Onsight,Boulder_Women
IFSC World Cup Innsbruck 2025,2025-06-25,IFSC,1412,Final,Onsight,Boulder_Men
IFSC World Cup Innsbruck 2025,2025-06-25,IFSC,1412,Final,Onsight,Boulder_Women
Test Event,2025-06-20,VL-GLOBAL,334,Qualification,Unknown,Boulder_Men
3ªPrueba The Climb Summer Cup 2025,2025-06-19,VL-GLOBAL,286,Qualification,Unknown,Boulder_Men
3ªPrueba The Climb Summer Cup 2025,2025-06-19,VL-GLOBAL,286,Qualification,Unknown,Boulder_Women
Bockstars - Vol.7,2025-06-18,VL-GLOBAL,309,Hauptrunde,Unknown,Boulder_Women
Bockstars - Vol.7,2025-06-18,VL-GLOBAL,309,Hauptrunde,Unknown,Boulder_Men
test2,2025-06-18,VL-GLOBAL,335,Qualification,Unknown,Boulder_Men
Bouldering League X #4: Summer Jam,2025-06-14,VL-GLOBAL,258,Qualification,Unknown,Boulder_Women
Bouldering League X #4: Summer Jam,2025-06-14,VL-GLOBAL,258,Qualification,Unknown,Boulder_Men
IFSC Youth European Cup Sukoró 2025,2025-06-14,IFSC,1460,Qualification,Flash,Boulder_Men
IFSC Youth European Cup Sukoró 2025,2025-06-14,IFSC,1460,Qualification,Flash,Boulder_Women
IFSC Youth European Cup Sukoró 2025,2025-06-14,IFSC,1460,Final,Onsight,Boulder_Men
IFSC Youth European Cup Sukoró 2025,2025-06-14,IFSC,1460,Final,Onsight,Boulder_Women
IFSC World Cup Bern 2025,2025-06-13,IFSC,1411,Qualification,Onsight,Boulder_Men
IFSC World Cup Bern 2025,2025-06-13,IFSC,1411,Qualification,Onsight,Boulder_Women
IFSC World Cup Bern 2025,2025-06-13,IFSC,1411,Semi-final,Onsight,Boulder_Men
IFSC World Cup Bern 2025,2025-06-13,IFSC,1411,Semi-final,Onsight,Boulder_Women
IFSC World Cup Bern 2025,2025-06-13,IFSC,1411,Final,Onsight,Boulder_Men
IFSC World Cup Bern 2025,2025-06-13,IFSC,1411,Final,Onsight,Boulder_Women
Test Belfast,2025-06-13,VL-GLOBAL,308,Qualification,Unknown,Boulder_Men
2025 CELSIUS Citizen Climbing Wave 1,2025-06-08,USAC,32,Qualification,Unknown,Boulder_Men
2025 CELSIUS Citizen Climbing Wave 1,2025-06-08,USAC,32,Qualification,Unknown,Boulder_Women
2025 CELSIUS Citizen Climbing Wave 2,2025-06-08,USAC,35,Qualification,Unknown,Boulder_Men
2025 CELSIUS Citizen Climbing Wave 2,2025-06-08,USAC,35,Qualification,Unknown,Boulder_Women
2025 CELSIUS Youth Climbing Wave 2,2025-06-08,USAC,36,Qualification,Flash,Boulder_Men
Grande Prise - Boulder Plauschwettkampf - Bouba Baden,2025-06-07,SAC-CAS,949,Qualification,Unknown,Boulder_Women
Grande Prise - Boulder Plauschwettkampf - Bouba Baden,2025-06-07,SAC-CAS,949,Qualification,Unknown,Boulder_Men
Zürcher Klettermeisterschaft 2025 (Boulder) - Bouba Baden,2025-06-07,SAC-CAS,928,Qualification,Unknown,Boulder_Women
Zürcher Klettermeisterschaft 2025 (Boulder) - Bouba Baden,2025-06-07,SAC-CAS,928,Qualification,Unknown,Boulder_Men
Zürcher Klettermeisterschaft 2025 (Boulder) - Bouba Baden,2025-06-07,SAC-CAS,928,Final,Unknown,Boulder_Women
Zürcher Klettermeisterschaft 2025 (Boulder) - Bouba Baden,2025-06-07,SAC-CAS,928,Final,Unknown,Boulder_Men
IFSC World Cup Prague 2025,2025-06-06,IFSC,1410,Qualification,Onsight,Boulder_Men
IFSC World Cup Prague 2025,2025-06-06,IFSC,1410,Qualification,Onsight,Boulder_Women
IFSC World Cup Prague 2025,2025-06-06,IFSC,1410,Semi-final,Onsight,Boulder_Men
IFSC World Cup Prague 2025,2025-06-06,IFSC,1410,Semi-final,Onsight,Boulder_Women
IFSC World Cup Prague 2025,2025-06-06,IFSC,1410,Final,Onsight,Boulder_Men
Test Boulderproject,2025-06-06,VL-GLOBAL,307,Qualification,Unknown,Boulder_Men
Test Boulderproject,2025-06-06,VL-GLOBAL,307,Final,Unknown,Boulder_Men
Test Five Ten,2025-06-06,VL-GLOBAL,304,Qualification,Unknown,Boulder_Men
Test Five Ten,2025-06-06,VL-GLOBAL,304,Final,Unknown,Boulder_Men
2025 CELSIUS Youth Climbing Wave 1,2025-06-05,USAC,31,Qualification,Flash,Boulder_Men
"2025 NACS Vail, CO",2025-06-05,USAC,30,Qualification,Unknown,Boulder_Men
"2025 NACS Vail, CO",2025-06-05,USAC,30,Qualification,Unknown,Boulder_Women
"2025 NACS Vail, CO",2025-06-05,USAC,30,Semi-final,Unknown,Boulder_Men
"2025 NACS Vail, CO",2025-06-05,USAC,30,Semi-final,Unknown,Boulder_Women
"2025 NACS Vail, CO",2025-06-05,USAC,30,Final,Unknown,Boulder_Men
"2025 NACS Vail, CO",2025-06-05,USAC,30,Final,Unknown,Boulder_Women
2ªPrueba The Climb Summer Cup 2025,2025-06-05,VL-GLOBAL,285,Qualification,Unknown,Boulder_Men
2ªPrueba The Climb Summer Cup 2025,2025-06-05,VL-GLOBAL,285,Qualification,Unknown,Boulder_Women
Magic Mountain Bouldering Festival,2025-06-05,VL-GLOBAL,277,Qualification,Unknown,Boulder_Men
Magic Mountain Bouldering Festival,2025-06-05,VL-GLOBAL,277,Qualification,Unknown,Boulder_Women
Test Titan Wall,2025-06-01,VL-GLOBAL,294,Main Round,Unknown,Boulder_Men
Boulder-Schweizermeisterschaften 2025 im Rahmen des Bächli Bergsport Swiss Climbing Cup - Bouba Baden,2025-05-31,SAC-CAS,892,Qualification,Unknown,Boulder_Men
Boulder-Schweizermeisterschaften 2025 im Rahmen des Bächli Bergsport Swiss Climbing Cup - Bouba Baden,2025-05-31,SAC-CAS,892,Qualification,Unknown,Boulder_Women
Boulder-Schweizermeisterschaften 2025 im Rahmen des Bächli Bergsport Swiss Climbing Cup - Bouba Baden,2025-05-31,SAC-CAS,892,Final,Onsight,Boulder_Men
Boulder-Schweizermeisterschaften 2025 im Rahmen des Bächli Bergsport Swiss Climbing Cup - Bouba Baden,2025-05-31,SAC-CAS,892,Final,Onsight,Boulder_Women
IFSC Youth European Cup Molde 2025,2025-05-24,IFSC,1440,Qualification,Flash,Boulder_Men
IFSC Youth European Cup Molde 2025,2025-05-24,IFSC,1440,Qualification,Flash,Boulder_Women
IFSC Youth European Cup Molde 2025,2025-05-24,IFSC,1440,Final,Onsight,Boulder_Men
IFSC Youth European Cup Molde 2025,2025-05-24,IFSC,1440,Final,Onsight,Boulder_Women
IFSC World Cup Salt Lake City 2025,2025-05-23,IFSC,1409,Qualification,Onsight,Boulder_Men
IFSC World Cup Salt Lake City 2025,2025-05-23,IFSC,1409,Qualification,Onsight,Boulder_Women
IFSC World Cup Salt Lake City 2025,2025-05-23,IFSC,1409,Semi-final,Onsight,Boulder_Men
IFSC World Cup Salt Lake City 2025,2025-05-23,IFSC,1409,Semi-final,Onsight,Boulder_Women
IFSC World Cup Salt Lake City 2025,2025-05-23,IFSC,1409,Final,Onsight,Boulder_Men
IFSC World Cup Salt Lake City 2025,2025-05-23,IFSC,1409,Final,Onsight,Boulder_Women
Abruzzo-Molise prova di qualifica U21 Senior (B),2025-05-18,FASI,968,Qualification,Flash,Boulder_Women
Abruzzo-Molise prova di qualifica U21 Senior (B),2025-05-18,FASI,968,Qualification,Flash,Boulder_Men
Abruzzo-Molise prova di qualifica U21 Senior (B),2025-05-18,FASI,968,Final,Onsight,Boulder_Women
Abruzzo-Molise prova di qualifica U21 Senior (B),2025-05-18,FASI,968,Final,Onsight,Boulder_Men
IFSC World Cup Curitiba 2025,2025-05-16,IFSC,1408,Qualification,Onsight,Boulder_Men
IFSC World Cup Curitiba 2025,2025-05-16,IFSC,1408,Qualification,Onsight,Boulder_Women
IFSC World Cup Curitiba 2025,2025-05-16,IFSC,1408,Semi-final,Onsight,Boulder_Men
IFSC World Cup Curitiba 2025,2025-05-16,IFSC,1408,Semi-final,Onsight,Boulder_Women
IFSC World Cup Curitiba 2025,2025-05-16,IFSC,1408,Final,Onsight,Boulder_Men
IFSC World Cup Curitiba 2025,2025-05-16,IFSC,1408,Final,Onsight,Boulder_Women
1ªPrueba The Climb Summer Cup 2025,2025-05-15,VL-GLOBAL,283,Qualification,Unknown,Boulder_Men
1ªPrueba The Climb Summer Cup 2025,2025-05-15,VL-GLOBAL,283,Qualification,Unknown,Boulder_Women
2024-2025 Youth Boulder National Championships (Boulder & Lead),2025-05-15,CEC,123,Qualification,Flash,Boulder_Men
2024-2025 Youth Boulder National Championships (Boulder & Lead),2025-05-15,CEC,123,Qualification,Flash,Boulder_Women
2024-2025 Youth Boulder National Championships (Boulder & Lead),2025-05-15,CEC,123,Semi-final,Onsight,Boulder_Men
2024-2025 Youth Boulder National Championships (Boulder & Lead),2025-05-15,CEC,123,Semi-final,Onsight,Boulder_Women
2024-2025 Youth Boulder National Championships (Boulder & Lead),2025-05-15,CEC,123,Final,Onsight,Boulder_Men
2024-2025 Youth Boulder National Championships (Boulder & Lead),2025-05-15,CEC,123,Final,Onsight,Boulder_Women
IFSC Youth European Championships Curno 2025,2025-05-15,IFSC,1441,Qualification,Flash,Boulder_Men
IFSC Youth European Championships Curno 2025,2025-05-15,IFSC,1441,Qualification,Flash,Boulder_Women
IFSC Youth European Championships Curno 2025,2025-05-15,IFSC,1441,Semi-final,Onsight,Boulder_Men
IFSC Youth European Championships Curno 2025,2025-05-15,IFSC,1441,Semi-final,Onsight,Boulder_Women
IFSC Youth European Championships Curno 2025,2025-05-15,IFSC,1441,Final,Onsight,Boulder_Women
IFSC Youth European Championships Curno 2025,2025-05-15,IFSC,1441,Final,Onsight,Boulder_Men
Toscana 4° prova di qualifica U21 senior (B),2025-05-11,FASI,1025,Qualification,Flash,Boulder_Women
Toscana 4° prova di qualifica U21 senior (B),2025-05-11,FASI,1025,Qualification,Flash,Boulder_Men
Toscana 4° prova di qualifica U21 senior (B),2025-05-11,FASI,1025,Final,Onsight,Boulder_Women
Toscana 4° prova di qualifica U21 senior (B),2025-05-11,FASI,1025,Final,Onsight,Boulder_Men
Bächli Bergsport Swiss Climbing Cup 2025 (B) - Grimper.ch Lausanne - Grimper.ch Lausanne,2025-05-10,SAC-CAS,891,Qualification,Unknown,Boulder_Men
Bächli Bergsport Swiss Climbing Cup 2025 (B) - Grimper.ch Lausanne - Grimper.ch Lausanne,2025-05-10,SAC-CAS,891,Qualification,Unknown,Boulder_Women
Bächli Bergsport Swiss Climbing Cup 2025 (B) - Grimper.ch Lausanne - Grimper.ch Lausanne,2025-05-10,SAC-CAS,891,Final,Onsight,Boulder_Men
Bächli Bergsport Swiss Climbing Cup 2025 (B) - Grimper.ch Lausanne - Grimper.ch Lausanne,2025-05-10,SAC-CAS,891,Final,Onsight,Boulder_Women
IFSC Youth European Cup Graz 2025,2025-05-10,IFSC,1439,Qualification,Flash,Boulder_Men
IFSC Youth European Cup Graz 2025,2025-05-10,IFSC,1439,Qualification,Flash,Boulder_Women
IFSC Youth European Cup Graz 2025,2025-05-10,IFSC,1439,Final,Onsight,Boulder_Men
IFSC Youth European Cup Graz 2025,2025-05-10,IFSC,1439,Final,Onsight,Boulder_Women
Boulderplanet - Flotter Freitag Mai 2025,2025-05-09,VL-GLOBAL,249,Qualification,Unknown,Boulder_Women
Boulderplanet - Flotter Freitag Mai 2025,2025-05-09,VL-GLOBAL,249,Qualification,Unknown,Boulder_Men
Test Dublin,2025-05-09,VL-GLOBAL,273,Qualification,Unknown,Boulder_Men
Championnat valaisan de bloc des jeunes U15-U17,2025-05-04,VL-GLOBAL,275,Qualification,Flash,Boulder_Women
Championnat valaisan de bloc des jeunes U15-U17,2025-05-04,VL-GLOBAL,275,Qualification,Flash,Boulder_Men
Championnat valaisan de bloc des jeunes U15-U17,2025-05-04,VL-GLOBAL,275,Final,Onsight,Boulder_Women
Championnat valaisan de bloc des jeunes U15-U17,2025-05-04,VL-GLOBAL,275,Final,Onsight,Boulder_Men
Championnat valaisan de bloc des jeunes U9-U11-U13,2025-05-04,VL-GLOBAL,274,Qualification,Flash,Boulder_Men
Championnat valaisan de bloc des jeunes U9-U11-U13,2025-05-04,VL-GLOBAL,274,Qualification,Flash,Boulder_Women
Championnat valaisan de bloc des jeunes U9-U11-U13,2025-05-04,VL-GLOBAL,274,Final,Onsight,Boulder_Men
Championnat valaisan de bloc des jeunes U9-U11-U13,2025-05-04,VL-GLOBAL,274,Final,Onsight,Boulder_Women
Puglia Campionato regionale 1° prova (B),2025-05-04,FASI,1080,Qualification,Unknown,Boulder_Women
Puglia Campionato regionale 1° prova (B),2025-05-04,FASI,1080,Qualification,Unknown,Boulder_Men
2025 NACS,2025-05-03,CEC,121,Qualification,Flash,Boulder_Men
2025 NACS,2025-05-03,CEC,121,Qualification,Flash,Boulder_Women
2025 NACS,2025-05-03,CEC,121,Semi-final,Unknown,Boulder_Men
2025 NACS,2025-05-03,CEC,121,Semi-final,Unknown,Boulder_Women
2025 NACS,2025-05-03,CEC,121,Final,Unknown,Boulder_Men
2025 NACS,2025-05-03,CEC,121,Final,Unknown,Boulder_Women
IFSC European Cup Brussels 2025,2025-05-03,IFSC,1426,Qualification,Onsight,Boulder_Men
IFSC European Cup Brussels 2025,2025-05-03,IFSC,1426,Qualification,Onsight,Boulder_Women
IFSC European Cup Brussels 2025,2025-05-03,IFSC,1426,Semi-final,Onsight,Boulder_Men
IFSC European Cup Brussels 2025,2025-05-03,IFSC,1426,Semi-final,Onsight,Boulder_Women
IFSC European Cup Brussels 2025,2025-05-03,IFSC,1426,Final,Onsight,Boulder_Men
IFSC European Cup Brussels 2025,2025-05-03,IFSC,1426,Final,Onsight,Boulder_Women
Kletterei Opens,2025-04-30,VL-GLOBAL,251,Qualification,Unknown,Boulder_Men
Kletterei Opens,2025-04-30,VL-GLOBAL,251,Qualification,Unknown,Boulder_Women
Kletterei Opens,2025-04-30,VL-GLOBAL,251,Final,Unknown,Boulder_Men
Kletterei Opens,2025-04-30,VL-GLOBAL,251,Final,Unknown,Boulder_Women
FVG prova di qualifica U21 Senior (B),2025-04-27,FASI,987,Qualification,Flash,Boulder_Women
FVG prova di qualifica U21 Senior (B),2025-04-27,FASI,987,Qualification,Flash,Boulder_Men
FVG prova di qualifica U21 Senior (B),2025-04-27,FASI,987,Final,Onsight,Boulder_Women
FVG prova di qualifica U21 Senior (B),2025-04-27,FASI,987,Final,Onsight,Boulder_Men
IFSC Youth European Cup Soure 2025,2025-04-26,IFSC,1438,Qualification,Flash,Boulder_Men
IFSC Youth European Cup Soure 2025,2025-04-26,IFSC,1438,Qualification,Flash,Boulder_Women
IFSC Youth European Cup Soure 2025,2025-04-26,IFSC,1438,Final,Onsight,Boulder_Men
IFSC Youth European Cup Soure 2025,2025-04-26,IFSC,1438,Final,Onsight,Boulder_Women
Jarní boulder otvírák 1.skupina 14:15--16:45,2025-04-26,VL-GLOBAL,244,Main Round,Unknown,Boulder_Men
Jarní boulder otvírák 1.skupina 14:15--16:45,2025-04-26,VL-GLOBAL,244,Main Round,Unknown,Boulder_Women
Jarní boulder otvírák 2.skupina 17:00-19:30,2025-04-26,VL-GLOBAL,254,Main Round,Unknown,Boulder_Men
Jarní boulder otvírák 2.skupina 17:00-19:30,2025-04-26,VL-GLOBAL,254,Main Round,Unknown,Boulder_Women
Youth Eastern Regionals 24/25,2025-04-26,CEC,119,Qualification,Flash,Boulder_Men
Youth Eastern Regionals 24/25,2025-04-26,CEC,119,Qualification,Flash,Boulder_Women
Youth Eastern Regionals 24/25,2025-04-26,CEC,119,Final,Onsight,Boulder_Men
Youth Eastern Regionals 24/25,2025-04-26,CEC,119,Final,Onsight,Boulder_Women
Youth Western Regionals 24/25,2025-04-26,CEC,118,Qualification,Flash,Boulder_Men
Youth Western Regionals 24/25,2025-04-26,CEC,118,Qualification,Flash,Boulder_Women
Youth Western Regionals 24/25,2025-04-26,CEC,118,Final,Onsight,Boulder_Men
Youth Western Regionals 24/25,2025-04-26,CEC,118,Final,Onsight,Boulder_Women
Test Event,2025-04-25,VL-GLOBAL,259,Qualification,Flash,Boulder_Women
Test Event,2025-04-25,VL-GLOBAL,259,Final,Onsight,Boulder_Women
Test Magic Wood,2025-04-25,VL-GLOBAL,260,Main Round,Unknown,Boulder_Men
Test Ontario,2025-04-25,VL-GLOBAL,264,Qualification,Unknown,Boulder_Men
Test Ontario,2025-04-25,VL-GLOBAL,264,Final,Unknown,Boulder_Men
Test Vienna 2025,2025-04-25,VL-GLOBAL,257,Qualification,Unknown,Boulder_Men
Test Vertikon Judges,2025-04-24,VL-GLOBAL,245,Qualification,Unknown,Boulder_Men
SPKA Test Event 2,2025-04-22,VL-GLOBAL,262,Final,Unknown,Boulder_Men
SPKA Test Event 2,2025-04-22,VL-GLOBAL,262,Test1 1000P,Unknown,Boulder_Men
IFSC World Cup Keqiao 2025,2025-04-18,IFSC,1405,Qualification,Onsight,Boulder_Men
IFSC World Cup Keqiao 2025,2025-04-18,IFSC,1405,Qualification,Onsight,Boulder_Women
IFSC World Cup Keqiao 2025,2025-04-18,IFSC,1405,Semi-final,Onsight,Boulder_Men
IFSC World Cup Keqiao 2025,2025-04-18,IFSC,1405,Semi-final,Onsight,Boulder_Women
IFSC World Cup Keqiao 2025,2025-04-18,IFSC,1405,Final,Onsight,Boulder_Men
IFSC World Cup Keqiao 2025,2025-04-18,IFSC,1405,Final,Onsight,Boulder_Women
SPKA Test Event,2025-04-18,VL-GLOBAL,228,Final,Unknown,Boulder_Men
SPKA Test Event,2025-04-18,VL-GLOBAL,228,Test1 1000P,Unknown,Boulder_Men
TEST EGİTİM BOULDER,2025-04-14,VL-GLOBAL,242,Qualification,Flash,Boulder_Men
TEST EGİTİM BOULDER,2025-04-14,VL-GLOBAL,242,Qualification,Flash,Boulder_Women
TEST EGİTİM BOULDER,2025-04-14,VL-GLOBAL,242,Qualification,Unknown,Boulder_Men
TEST EGİTİM BOULDER,2025-04-14,VL-GLOBAL,242,Qualification,Unknown,Boulder_Women
TEST EGİTİM BOULDER,2025-04-14,VL-GLOBAL,242,Final,Onsight,Boulder_Men
TEST EGİTİM BOULDER,2025-04-14,VL-GLOBAL,242,Final,Onsight,Boulder_Women
TEST EGİTİM BOULDER,2025-04-14,VL-GLOBAL,242,Final,Unknown,Boulder_Women
Collegiate Training Mock Comp (Boulder ISO),2025-04-13,USAC,20,Qualification,Unknown,Boulder_Men
Collegiate Training Mock Comp (Boulder ISO),2025-04-13,USAC,20,Qualification,Unknown,Boulder_Women
Sardegna 3° prova di qualifica U21 Senior (B),2025-04-13,FASI,1079,Qualification,Flash,Boulder_Women
Sardegna 3° prova di qualifica U21 Senior (B),2025-04-13,FASI,1079,Qualification,Flash,Boulder_Men
Sardegna 3° prova di qualifica U21 Senior (B),2025-04-13,FASI,1079,Final,Onsight,Boulder_Women
Sardegna 3° prova di qualifica U21 Senior (B),2025-04-13,FASI,1079,Final,Onsight,Boulder_Men
"SPOR TIRMANIŞ MINIKLER, KUCUKLER, YILDIZLAR TURKIYE SAMPIYONASI-1 (B)",2025-04-12,VL-GLOBAL,253,Qualification,Flash,Boulder_Men
"SPOR TIRMANIŞ MINIKLER, KUCUKLER, YILDIZLAR TURKIYE SAMPIYONASI-1 (B)",2025-04-12,VL-GLOBAL,253,Qualification,Flash,Boulder_Women
"SPOR TIRMANIŞ MINIKLER, KUCUKLER, YILDIZLAR TURKIYE SAMPIYONASI-1 (B)",2025-04-12,VL-GLOBAL,253,Final,Onsight,Boulder_Men
"SPOR TIRMANIŞ MINIKLER, KUCUKLER, YILDIZLAR TURKIYE SAMPIYONASI-1 (B)",2025-04-12,VL-GLOBAL,253,Final,Onsight,Boulder_Women
Umbria 1° prova di qualifica U15 U21 Senior (B),2025-04-12,FASI,1026,Qualification,Flash,Boulder_Women
Umbria 1° prova di qualifica U15 U21 Senior (B),2025-04-12,FASI,1026,Qualification,Flash,Boulder_Men
Umbria 1° prova di qualifica U15 U21 Senior (B),2025-04-12,FASI,1026,Final,Onsight,Boulder_Women
Umbria 1° prova di qualifica U15 U21 Senior (B),2025-04-12,FASI,1026,Final,Onsight,Boulder_Men
Toscana 3° prova di qualifica U21 senior (B),2025-04-06,FASI,1023,Qualification,Flash,Boulder_Women
Toscana 3° prova di qualifica U21 senior (B),2025-04-06,FASI,1023,Qualification,Flash,Boulder_Men
Toscana 3° prova di qualifica U21 senior (B),2025-04-06,FASI,1023,Final,Onsight,Boulder_Women
Toscana 3° prova di qualifica U21 senior (B),2025-04-06,FASI,1023,Final,Onsight,Boulder_Men
2025 NACS Greenville,2025-04-05,USAC,18,Qualification,Unknown,Boulder_Men
2025 NACS Greenville,2025-04-05,USAC,18,Qualification,Unknown,Boulder_Women
2025 NACS Greenville,2025-04-05,USAC,18,Semi-final,Unknown,Boulder_Men
2025 NACS Greenville,2025-04-05,USAC,18,Semi-final,Unknown,Boulder_Women
2025 NACS Greenville,2025-04-05,USAC,18,Final,Unknown,Boulder_Men
2025 NACS Greenville,2025-04-05,USAC,18,Final,Unknown,Boulder_Women
2025 NACS Greenville U17,2025-04-05,USAC,19,Qualification,Flash,Boulder_Men
2025 NACS Greenville U17,2025-04-05,USAC,19,Qualification,Flash,Boulder_Women
2025 NACS Greenville U17,2025-04-05,USAC,19,Final,Onsight,Boulder_Men
2025 NACS Greenville U17,2025-04-05,USAC,19,Final,Onsight,Boulder_Women
IFSC European Cup Rome 2025,2025-04-05,IFSC,1425,Qualification,Onsight,Boulder_Men
IFSC European Cup Rome 2025,2025-04-05,IFSC,1425,Qualification,Onsight,Boulder_Women
IFSC European Cup Rome 2025,2025-04-05,IFSC,1425,Semi-final,Onsight,Boulder_Men
IFSC European Cup Rome 2025,2025-04-05,IFSC,1425,Semi-final,Onsight,Boulder_Women
IFSC European Cup Rome 2025,2025-04-05,IFSC,1425,Final,Onsight,Boulder_Men
IFSC European Cup Rome 2025,2025-04-05,IFSC,1425,Final,Onsight,Boulder_Women
Plastic Fantastic 6,2025-04-05,VL-GLOBAL,167,Main Round,Unknown,Boulder_Men
Plastic Fantastic 6,2025-04-05,VL-GLOBAL,167,Main Round,Unknown,Boulder_Women
Blokfest - Round 5 - Parthian Southampton,2025-03-29,VL-GLOBAL,235,Qualification,Unknown,Boulder_Women
Blokfest - Round 5 - Parthian Southampton,2025-03-29,VL-GLOBAL,235,Qualification,Unknown,Boulder_Men
Blokfest - Round 5 - Parthian Southampton,2025-03-29,VL-GLOBAL,235,Qualification,Flash,Boulder_Women
Blokfest - Round 5 - Parthian Southampton,2025-03-29,VL-GLOBAL,235,Qualification,Flash,Boulder_Men
Coppa Italia 3° prova (B),2025-03-29,FASI,927,Qualification,Unknown,Boulder_Men
Coppa Italia 3° prova (B),2025-03-29,FASI,927,Qualification,Unknown,Boulder_Women
Coppa Italia 3° prova (B),2025-03-29,FASI,927,Semi-final,Unknown,Boulder_Men
Coppa Italia 3° prova (B),2025-03-29,FASI,927,Semi-final,Unknown,Boulder_Women
Coppa Italia 3° prova (B),2025-03-29,FASI,927,Final,Unknown,Boulder_Men
Coppa Italia 3° prova (B),2025-03-29,FASI,927,Final,Unknown,Boulder_Women
Abruzzo-Molise 3° prova di qualifica U21 Senior (B),2025-03-23,FASI,961,Qualification,Flash,Boulder_Women
Abruzzo-Molise 3° prova di qualifica U21 Senior (B),2025-03-23,FASI,961,Qualification,Flash,Boulder_Men
Abruzzo-Molise 3° prova di qualifica U21 Senior (B),2025-03-23,FASI,961,Final,Onsight,Boulder_Women
Abruzzo-Molise 3° prova di qualifica U21 Senior (B),2025-03-23,FASI,961,Final,Onsight,Boulder_Men
Sardegna Campionato regionale 2° prova (B),2025-03-23,FASI,1043,Qualification,Unknown,Boulder_Women
Sardegna Campionato regionale 2° prova (B),2025-03-23,FASI,1043,Qualification,Unknown,Boulder_Men
Sardegna Campionato regionale 2° prova (B),2025-03-23,FASI,1043,Final,Onsight,Boulder_Women
Sardegna Campionato regionale 2° prova (B),2025-03-23,FASI,1043,Final,Onsight,Boulder_Men
Bouldering League X #3 - Houdinicupen,2025-03-22,VL-GLOBAL,184,Qualification,Unknown,Boulder_Women
Bouldering League X #3 - Houdinicupen,2025-03-22,VL-GLOBAL,184,Qualification,Unknown,Boulder_Men
Bouldering League X #3 - Houdinicupen,2025-03-22,VL-GLOBAL,184,Final,Unknown,Boulder_Women
Bouldering League X #3 - Houdinicupen,2025-03-22,VL-GLOBAL,184,Final,Unknown,Boulder_Men
"Compsimulation (B): Minimum Flüela (U19, Elite)",2025-03-22,SAC-CAS,922,Qualification,Flash,Boulder_Women
"Compsimulation (B): Minimum Flüela (U19, Elite)",2025-03-22,SAC-CAS,922,Qualification,Flash,Boulder_Men
Test Event Kletterkirche,2025-03-21,VL-GLOBAL,233,Qualification,Unknown,Boulder_Men
Test Event Kletterkirche,2025-03-21,VL-GLOBAL,233,Final,Unknown,Boulder_Men
Test ISKU,2025-03-21,VL-GLOBAL,224,Qualification,Unknown,Boulder_Men
Test ISKU,2025-03-21,VL-GLOBAL,224,Final,Unknown,Boulder_Men
Youth B/A/Jr. Boulder Provincials (Niche),2025-03-16,CEC,117,Qualification,Flash,Boulder_Men
Youth B/A/Jr. Boulder Provincials (Niche),2025-03-16,CEC,117,Qualification,Flash,Boulder_Women
Youth B/A/Jr. Boulder Provincials (Niche),2025-03-16,CEC,117,Semi-final,Onsight,Boulder_Men
Youth B/A/Jr. Boulder Provincials (Niche),2025-03-16,CEC,117,Semi-final,Onsight,Boulder_Women
Youth B/A/Jr. Boulder Provincials (Niche),2025-03-16,CEC,117,Final,Onsight,Boulder_Men
Youth B/A/Jr. Boulder Provincials (Niche),2025-03-16,CEC,117,Final,Onsight,Boulder_Women
Campionato Italiano (B),2025-03-15,FASI,928,Qualification,Unknown,Boulder_Men
Campionato Italiano (B),2025-03-15,FASI,928,Qualification,Unknown,Boulder_Women
Campionato Italiano (B),2025-03-15,FASI,928,Semi-final,Unknown,Boulder_Men
Campionato Italiano (B),2025-03-15,FASI,928,Semi-final,Unknown,Boulder_Women
Campionato Italiano (B),2025-03-15,FASI,928,Final,Unknown,Boulder_Men
Campionato Italiano (B),2025-03-15,FASI,928,Final,Unknown,Boulder_Women
IKSUs etthundra,2025-03-15,VL-GLOBAL,227,Iksus Etthundra,Unknown,Boulder_Men
IKSUs etthundra,2025-03-15,VL-GLOBAL,227,Iksus Etthundra,Unknown,Boulder_Women
VELS-X-Masters Volume 1,2025-03-15,VL-GLOBAL,215,Qualification,Unknown,Boulder_Men
VELS-X-Masters Volume 1,2025-03-15,VL-GLOBAL,215,Qualification,Unknown,Boulder_Women
Boulderplanet - Flotter Freitag März 2025,2025-03-14,VL-GLOBAL,229,Qualification,Unknown,Boulder_Women
Boulderplanet - Flotter Freitag März 2025,2025-03-14,VL-GLOBAL,229,Qualification,Unknown,Boulder_Men
2025 National Team Trials,2025-03-12,USAC,13,Qualification,Unknown,Boulder_Men
2025 National Team Trials,2025-03-12,USAC,13,Qualification,Unknown,Boulder_Women
2025 National Team Trials,2025-03-12,USAC,13,Semi-final,Unknown,Boulder_Men
2025 National Team Trials,2025-03-12,USAC,13,Semi-final,Unknown,Boulder_Women
2025 National Team Trials,2025-03-12,USAC,13,Final,Unknown,Boulder_Men
2025 National Team Trials,2025-03-12,USAC,13,Final,Unknown,Boulder_Women
Test Isparta National Team,2025-03-10,VL-GLOBAL,223,Qualification,Unknown,Boulder_Men
Test Isparta National Team,2025-03-10,VL-GLOBAL,223,Qualification,Unknown,Boulder_Women
Test Isparta National Team,2025-03-10,VL-GLOBAL,223,Qualification,Flash,Boulder_Men
Test Isparta National Team,2025-03-10,VL-GLOBAL,223,Qualification,Flash,Boulder_Women
Test Isparta National Team,2025-03-10,VL-GLOBAL,223,Semi-final,Unknown,Boulder_Men
Test Isparta National Team,2025-03-10,VL-GLOBAL,223,Semi-final,Unknown,Boulder_Women
Sicilia 4° prova di qualifica U21 Senior (B),2025-03-09,FASI,1015,Qualification,Flash,Boulder_Women
Sicilia 4° prova di qualifica U21 Senior (B),2025-03-09,FASI,1015,Qualification,Flash,Boulder_Men
Sicilia 4° prova di qualifica U21 Senior (B),2025-03-09,FASI,1015,Final,Onsight,Boulder_Women
Sicilia 4° prova di qualifica U21 Senior (B),2025-03-09,FASI,1015,Final,Onsight,Boulder_Men
IFSC Asian Cup Hong Kong 2025,2025-03-08,IFSC,1457,Qualification,Onsight,Boulder_Men
IFSC Asian Cup Hong Kong 2025,2025-03-08,IFSC,1457,Qualification,Onsight,Boulder_Women
IFSC Asian Cup Hong Kong 2025,2025-03-08,IFSC,1457,Final,Onsight,Boulder_Men
IFSC Asian Cup Hong Kong 2025,2025-03-08,IFSC,1457,Final,Onsight,Boulder_Women
Youth C/D Boulder Provincials (Bolder Elevated),2025-03-08,CEC,116,Qualification,Flash,Boulder_Women
Youth C/D Boulder Provincials (Bolder Elevated),2025-03-08,CEC,116,Qualification,Flash,Boulder_Men
Youth C/D Boulder Provincials (Bolder Elevated),2025-03-08,CEC,116,Final,Onsight,Boulder_Women
Youth C/D Boulder Provincials (Bolder Elevated),2025-03-08,CEC,116,Final,Onsight,Boulder_Men
IFSC European Cup Munich 2025,2025-03-07,IFSC,1424,Qualification,Onsight,Boulder_Men
IFSC European Cup Munich 2025,2025-03-07,IFSC,1424,Qualification,Onsight,Boulder_Women
IFSC European Cup Munich 2025,2025-03-07,IFSC,1424,Semi-final,Onsight,Boulder_Men
IFSC European Cup Munich 2025,2025-03-07,IFSC,1424,Semi-final,Onsight,Boulder_Women
IFSC European Cup Munich 2025,2025-03-07,IFSC,1424,Final,Onsight,Boulder_Men
IFSC European Cup Munich 2025,2025-03-07,IFSC,1424,Final,Onsight,Boulder_Women
Test Kraftreaktor,2025-03-06,VL-GLOBAL,219,Qualification,Unknown,Boulder_Men
Test Kraftreaktor,2025-03-06,VL-GLOBAL,219,Final,Unknown,Boulder_Men
Toscana 2° prova di qualifica U21 senior (B),2025-03-02,FASI,1021,Qualification,Flash,Boulder_Women
Toscana 2° prova di qualifica U21 senior (B),2025-03-02,FASI,1021,Qualification,Flash,Boulder_Men
Toscana 2° prova di qualifica U21 senior (B),2025-03-02,FASI,1021,Final,Onsight,Boulder_Women
Toscana 2° prova di qualifica U21 senior (B),2025-03-02,FASI,1021,Final,Onsight,Boulder_Men
Blokfest - Round 4 - Parthian Wandsworth,2025-03-01,VL-GLOBAL,222,Qualification,Unknown,Boulder_Women
Blokfest - Round 4 - Parthian Wandsworth,2025-03-01,VL-GLOBAL,222,Qualification,Unknown,Boulder_Men
Blokfest - Round 4 - Parthian Wandsworth,2025-03-01,VL-GLOBAL,222,Qualification,Flash,Boulder_Women
Blokfest - Round 4 - Parthian Wandsworth,2025-03-01,VL-GLOBAL,222,Qualification,Flash,Boulder_Men
Test Dolomate,2025-02-28,VL-GLOBAL,213,Qualification,Unknown,Boulder_Women
Test outside boulder,2025-02-28,VL-GLOBAL,216,Main Round,Unknown,Boulder_Men
Sicilia 3° prova di qualifica U21 Senior (B),2025-02-23,FASI,1013,Qualification,Flash,Boulder_Women
Sicilia 3° prova di qualifica U21 Senior (B),2025-02-23,FASI,1013,Qualification,Flash,Boulder_Men
Sicilia 3° prova di qualifica U21 Senior (B),2025-02-23,FASI,1013,Final,Onsight,Boulder_Women
Sicilia 3° prova di qualifica U21 Senior (B),2025-02-23,FASI,1013,Final,Onsight,Boulder_Men
Coppa Italia 2° prova (B),2025-02-22,FASI,926,Qualification,Unknown,Boulder_Men
Coppa Italia 2° prova (B),2025-02-22,FASI,926,Qualification,Unknown,Boulder_Women
Coppa Italia 2° prova (B),2025-02-22,FASI,926,Semi-final,Unknown,Boulder_Men
Coppa Italia 2° prova (B),2025-02-22,FASI,926,Semi-final,Unknown,Boulder_Women
Coppa Italia 2° prova (B),2025-02-22,FASI,926,Final,Unknown,Boulder_Men
Coppa Italia 2° prova (B),2025-02-22,FASI,926,Final,Unknown,Boulder_Women
Gencler (Genc-Genc A-B) -1 Bouldering Türkiye Sampiyonası-1,2025-02-15,VL-GLOBAL,202,Qualification,Flash,Boulder_Men
Gencler (Genc-Genc A-B) -1 Bouldering Türkiye Sampiyonası-1,2025-02-15,VL-GLOBAL,202,Qualification,Flash,Boulder_Women
Gencler (Genc-Genc A-B) -1 Bouldering Türkiye Sampiyonası-1,2025-02-15,VL-GLOBAL,202,Final,Onsight,Boulder_Men
Gencler (Genc-Genc A-B) -1 Bouldering Türkiye Sampiyonası-1,2025-02-15,VL-GLOBAL,202,Final,Onsight,Boulder_Women
Bouldering test,2025-02-14,CEC,112,Qualification,Flash,Boulder_Men
Test,2025-02-13,VL-GLOBAL,209,Qualification,Unknown,Boulder_Men
Test,2025-02-13,VL-GLOBAL,209,Semi-final,Unknown,Boulder_Men
TEST COKLU PUANLANMA,2025-02-10,VL-GLOBAL,194,Qualification,Unknown,Boulder_Women
TEST COKLU PUANLANMA,2025-02-10,VL-GLOBAL,194,Final,Unknown,Boulder_Women
Blokfest - Round 3 - Volume 1,2025-02-08,VL-GLOBAL,205,Qualification,Unknown,Boulder_Women
Blokfest - Round 3 - Volume 1,2025-02-08,VL-GLOBAL,205,Qualification,Unknown,Boulder_Men
Blokfest - Round 3 - Volume 1,2025-02-08,VL-GLOBAL,205,Qualification,Flash,Boulder_Women
Blokfest - Round 3 - Volume 1,2025-02-08,VL-GLOBAL,205,Qualification,Flash,Boulder_Men
Coppa Italia 1° prova (B),2025-02-08,FASI,925,Qualification,Unknown,Boulder_Men
Coppa Italia 1° prova (B),2025-02-08,FASI,925,Qualification,Unknown,Boulder_Women
Coppa Italia 1° prova (B),2025-02-08,FASI,925,Semi-final,Unknown,Boulder_Men
Coppa Italia 1° prova (B),2025-02-08,FASI,925,Semi-final,Unknown,Boulder_Women
Coppa Italia 1° prova (B),2025-02-08,FASI,925,Final,Unknown,Boulder_Men
Coppa Italia 1° prova (B),2025-02-08,FASI,925,Final,Unknown,Boulder_Women
Practice Plastic #2,2025-02-07,VL-GLOBAL,188,Main Round,Unknown,Boulder_Men
The Carnival 2025,2025-02-04,VL-GLOBAL,201,Qualification,Unknown,Boulder_Men
The Carnival 2025,2025-02-04,VL-GLOBAL,201,Qualification,Unknown,Boulder_Women
The Carnival 2025,2025-02-04,VL-GLOBAL,201,Semi-final,Unknown,Boulder_Men
The Carnival 2025,2025-02-04,VL-GLOBAL,201,Semi-final,Unknown,Boulder_Women
The Carnival 2025,2025-02-04,VL-GLOBAL,201,Final,Unknown,Boulder_Men
The Carnival 2025,2025-02-04,VL-GLOBAL,201,Final,Unknown,Boulder_Women
Lombardia Campionato Regionale 2° prova (B),2025-02-02,FASI,993,Qualification,Unknown,Boulder_Women
Lombardia Campionato Regionale 2° prova (B),2025-02-02,FASI,993,Qualification,Unknown,Boulder_Men
Lombardia Campionato Regionale 2° prova (B),2025-02-02,FASI,993,Final,Unknown,Boulder_Women
Lombardia Campionato Regionale 2° prova (B),2025-02-02,FASI,993,Final,Unknown,Boulder_Men
Marche 1° prova di qualifica U21 Senior (B),2025-02-02,FASI,1036,Qualification,Flash,Boulder_Women
Marche 1° prova di qualifica U21 Senior (B),2025-02-02,FASI,1036,Qualification,Flash,Boulder_Men
Marche 1° prova di qualifica U21 Senior (B),2025-02-02,FASI,1036,Final,Onsight,Boulder_Women
Marche 1° prova di qualifica U21 Senior (B),2025-02-02,FASI,1036,Final,Onsight,Boulder_Men
BUYUKLER TURKIYE SAMPIYONASI 1,2025-02-01,VL-GLOBAL,187,Qualification,Unknown,Boulder_Men
BUYUKLER TURKIYE SAMPIYONASI 1,2025-02-01,VL-GLOBAL,187,Qualification,Unknown,Boulder_Women
BUYUKLER TURKIYE SAMPIYONASI 1,2025-02-01,VL-GLOBAL,187,Final,Unknown,Boulder_Men
BUYUKLER TURKIYE SAMPIYONASI 1,2025-02-01,VL-GLOBAL,187,Final,Unknown,Boulder_Women
Regiocup Zentralschweiz - Sursee,2025-02-01,VL-GLOBAL,138,Qualification,Flash,Boulder_Women
Regiocup Zentralschweiz - Sursee,2025-02-01,VL-GLOBAL,138,Qualification,Flash,Boulder_Men
Regiocup Zentralschweiz - Sursee,2025-02-01,VL-GLOBAL,138,Final,Onsight,Boulder_Women
Regiocup Zentralschweiz - Sursee,2025-02-01,VL-GLOBAL,138,Final,Onsight,Boulder_Men
TAA Campionato Regionale (B),2025-02-01,FASI,970,Qualification,Unknown,Boulder_Women
TAA Campionato Regionale (B),2025-02-01,FASI,970,Qualification,Unknown,Boulder_Men
TAA Campionato Regionale (B),2025-02-01,FASI,970,Final,Unknown,Boulder_Women
TAA Campionato Regionale (B),2025-02-01,FASI,970,Final,Unknown,Boulder_Men
Youth B/A + Jr. Boulder Local - Grip It Nelson,2025-02-01,CEC,102,Qualification,Flash,Boulder_Men
Youth B/A + Jr. Boulder Local - Grip It Nelson,2025-02-01,CEC,102,Qualification,Flash,Boulder_Women
Youth B/A + Jr. Boulder Local - Grip It Nelson,2025-02-01,CEC,102,Final,Onsight,Boulder_Men
Youth B/A + Jr. Boulder Local - Grip It Nelson,2025-02-01,CEC,102,Final,Onsight,Boulder_Women
Boulderplanet - Flotter Freitag Januar 2025,2025-01-31,VL-GLOBAL,193,Qualification,Unknown,Boulder_Women
Boulderplanet - Flotter Freitag Januar 2025,2025-01-31,VL-GLOBAL,193,Qualification,Unknown,Boulder_Men
FVG 1° prova di qualifica U21 Senior (B),2025-01-26,FASI,923,Qualification,Flash,Boulder_Women
FVG 1° prova di qualifica U21 Senior (B),2025-01-26,FASI,923,Qualification,Flash,Boulder_Men
FVG 1° prova di qualifica U21 Senior (B),2025-01-26,FASI,923,Final,Onsight,Boulder_Women
FVG 1° prova di qualifica U21 Senior (B),2025-01-26,FASI,923,Final,Onsight,Boulder_Men
Lazio Campionato Regionale Senior 3ª prova (B),2025-01-26,FASI,1033,Qualification,Unknown,Boulder_Women
Lazio Campionato Regionale Senior 3ª prova (B),2025-01-26,FASI,1033,Qualification,Unknown,Boulder_Men
Lazio Campionato Regionale Senior 3ª prova (B),2025-01-26,FASI,1033,Final,Onsight,Boulder_Women
Lazio Campionato Regionale Senior 3ª prova (B),2025-01-26,FASI,1033,Final,Onsight,Boulder_Men
Toscana 1° prova di qualifica U21 senior (B),2025-01-26,FASI,920,Qualification,Flash,Boulder_Women
Toscana 1° prova di qualifica U21 senior (B),2025-01-26,FASI,920,Qualification,Flash,Boulder_Men
Toscana 1° prova di qualifica U21 senior (B),2025-01-26,FASI,920,Final,Onsight,Boulder_Women
Toscana 1° prova di qualifica U21 senior (B),2025-01-26,FASI,920,Final,Onsight,Boulder_Men
Veneto 2° prova di qualifica U21 Senior (B),2025-01-26,FASI,922,Qualification,Flash,Boulder_Women
Veneto 2° prova di qualifica U21 Senior (B),2025-01-26,FASI,922,Qualification,Flash,Boulder_Men
Veneto 2° prova di qualifica U21 Senior (B),2025-01-26,FASI,922,Final,Onsight,Boulder_Women
Veneto 2° prova di qualifica U21 Senior (B),2025-01-26,FASI,922,Final,Onsight,Boulder_Men
ACA Youth C/D Boulder Local + Tier 2 (Coulee),2025-01-25,CEC,103,Qualification,Flash,Boulder_Women
ACA Youth C/D Boulder Local + Tier 2 (Coulee),2025-01-25,CEC,103,Qualification,Flash,Boulder_Men
ACA Youth C/D Boulder Local + Tier 2 (Coulee),2025-01-25,CEC,103,Final,Onsight,Boulder_Women
ACA Youth C/D Boulder Local + Tier 2 (Coulee),2025-01-25,CEC,103,Final,Onsight,Boulder_Men
Sparta Fight 2025,2025-01-25,VL-GLOBAL,174,Qualification,Unknown,Boulder_Women
Sparta Fight 2025,2025-01-25,VL-GLOBAL,174,Qualification,Unknown,Boulder_Men
Sparta Fight 2025,2025-01-25,VL-GLOBAL,174,Final,Unknown,Boulder_Men
Sparta Fight 2025,2025-01-25,VL-GLOBAL,174,Final,Unknown,Boulder_Women
2025 HP Competition,2025-01-24,CEC,98,Qualification,Flash,Boulder_Men
2025 HP Competition,2025-01-24,CEC,98,Qualification,Flash,Boulder_Women
Climb till death,2025-01-24,VL-GLOBAL,183,Qualification,Unknown,Boulder_Men
Climb till death,2025-01-24,VL-GLOBAL,183,Qualification,Unknown,Boulder_Women
Test Event,2025-01-23,VL-GLOBAL,192,Qualification,Unknown,Boulder_Men
Test Event,2025-01-23,VL-GLOBAL,192,Qualification,Unknown,Boulder_Women
Test Event,2025-01-23,VL-GLOBAL,192,Final,Unknown,Boulder_Men
Emilia Romagna Campionato Regionale 3° prova (B),2025-01-19,FASI,905,Qualification,Unknown,Boulder_Men
Emilia Romagna Campionato Regionale 3° prova (B),2025-01-19,FASI,905,Qualification,Unknown,Boulder_Women
Emilia Romagna Campionato Regionale 3° prova (B),2025-01-19,FASI,905,Final,Unknown,Boulder_Men
Emilia Romagna Campionato Regionale 3° prova (B),2025-01-19,FASI,905,Final,Unknown,Boulder_Women
Liguria Campionato Regionale 3° prova (B),2025-01-19,FASI,917,Qualification,Unknown,Boulder_Women
Liguria Campionato Regionale 3° prova (B),2025-01-19,FASI,917,Qualification,Unknown,Boulder_Men
Liguria Campionato Regionale 3° prova (B),2025-01-19,FASI,917,Final,Unknown,Boulder_Women
Liguria Campionato Regionale 3° prova (B),2025-01-19,FASI,917,Final,Unknown,Boulder_Men
Veneto 1° prova di qualifica U21 Senior (B),2025-01-19,FASI,918,Qualification,Flash,Boulder_Women
Veneto 1° prova di qualifica U21 Senior (B),2025-01-19,FASI,918,Qualification,Flash,Boulder_Men
Veneto 1° prova di qualifica U21 Senior (B),2025-01-19,FASI,918,Final,Onsight,Boulder_Women
Veneto 1° prova di qualifica U21 Senior (B),2025-01-19,FASI,918,Final,Onsight,Boulder_Men
Abruzzo-Molise 1° prova di qualifica U21 Senior (B),2025-01-18,FASI,952,Qualification,Flash,Boulder_Women
Abruzzo-Molise 1° prova di qualifica U21 Senior (B),2025-01-18,FASI,952,Qualification,Flash,Boulder_Men
Abruzzo-Molise 1° prova di qualifica U21 Senior (B),2025-01-18,FASI,952,Final,Onsight,Boulder_Women
Abruzzo-Molise 1° prova di qualifica U21 Senior (B),2025-01-18,FASI,952,Final,Onsight,Boulder_Men
Test Event,2025-01-17,VL-GLOBAL,186,Qualification,Unknown,Boulder_Men
Boulderbar Kilter Comp 2025,2025-01-13,VL-GLOBAL,171,Qualification,Unknown,Boulder_Men
Boulderbar Kilter Comp 2025,2025-01-13,VL-GLOBAL,171,Qualification,Unknown,Boulder_Women
B-DAY Cup 2025,2025-01-11,VL-GLOBAL,172,Qualification,Unknown,Boulder_Women
B-DAY Cup 2025,2025-01-11,VL-GLOBAL,172,Qualification,Unknown,Boulder_Men
B-DAY Cup 2025,2025-01-11,VL-GLOBAL,172,Final,Unknown,Boulder_Women
B-DAY Cup 2025,2025-01-11,VL-GLOBAL,172,Final,Unknown,Boulder_Men
3ªPrueba The Climb Winter Cup 2024,2025-01-10,VL-GLOBAL,178,Qualification,Unknown,Boulder_Men
3ªPrueba The Climb Winter Cup 2024,2025-01-10,VL-GLOBAL,178,Qualification,Unknown,Boulder_Women
Allgäu Moves 2025,2025-01-07,VL-GLOBAL,165,Qualification,Flash,Boulder_Men
Allgäu Moves 2025,2025-01-07,VL-GLOBAL,165,Qualification,Flash,Boulder_Women
Regiocup Zentralschweiz - Granit Indoor,2025-01-04,VL-GLOBAL,137,Qualification,Flash,Boulder_Women
Regiocup Zentralschweiz - Granit Indoor,2025-01-04,VL-GLOBAL,137,Qualification,Flash,Boulder_Men
Christmas Cup - Stuntwerk Krefeld 2024,2024-12-23,VL-GLOBAL,169,Qualification,Unknown,Boulder_Women
Christmas Cup - Stuntwerk Krefeld 2024,2024-12-23,VL-GLOBAL,169,Qualification,Unknown,Boulder_Men
Christmas Cup - Stuntwerk Krefeld 2024,2024-12-23,VL-GLOBAL,169,Final,Unknown,Boulder_Women
Christmas Cup - Stuntwerk Krefeld 2024,2024-12-23,VL-GLOBAL,169,Final,Unknown,Boulder_Men
Lombardia Campionato Regionale 1° prova (B),2024-12-22,FASI,913,Qualification,Unknown,Boulder_Women
Lombardia Campionato Regionale 1° prova (B),2024-12-22,FASI,913,Qualification,Unknown,Boulder_Men
Lombardia Campionato Regionale 1° prova (B),2024-12-22,FASI,913,Final,Unknown,Boulder_Women
Lombardia Campionato Regionale 1° prova (B),2024-12-22,FASI,913,Final,Unknown,Boulder_Men
Liguria Campionato Regionale 2° prova (B),2024-12-21,FASI,906,Qualification,Unknown,Boulder_Women
Liguria Campionato Regionale 2° prova (B),2024-12-21,FASI,906,Qualification,Unknown,Boulder_Men
Liguria Campionato Regionale 2° prova (B),2024-12-21,FASI,906,Final,Unknown,Boulder_Women
Liguria Campionato Regionale 2° prova (B),2024-12-21,FASI,906,Final,Unknown,Boulder_Men
Liguria Campionato Regionale 2° prova (B),2024-12-21,FASI,914,Qualification,Unknown,Boulder_Women
Liguria Campionato Regionale 2° prova (B),2024-12-21,FASI,914,Qualification,Unknown,Boulder_Men
Liguria Campionato Regionale 2° prova (B),2024-12-21,FASI,914,Final,Unknown,Boulder_Women
Liguria Campionato Regionale 2° prova (B),2024-12-21,FASI,914,Final,Unknown,Boulder_Men
Lazio Campionato Regionale Senior 2ª prova (B),2024-12-15,FASI,900,Qualification,Unknown,Boulder_Women
Lazio Campionato Regionale Senior 2ª prova (B),2024-12-15,FASI,900,Qualification,Unknown,Boulder_Men
Lazio Campionato Regionale Senior 2ª prova (B),2024-12-15,FASI,900,Final,Unknown,Boulder_Women
Lazio Campionato Regionale Senior 2ª prova (B),2024-12-15,FASI,900,Final,Unknown,Boulder_Men
Lazio Campionato Regionale Senior 2ª prova (B),2024-12-15,FASI,901,Qualification,Unknown,Boulder_Women
Lazio Campionato Regionale Senior 2ª prova (B),2024-12-15,FASI,901,Qualification,Unknown,Boulder_Men
Lazio Campionato Regionale Senior 2ª prova (B),2024-12-15,FASI,901,Final,Unknown,Boulder_Women
Lazio Campionato Regionale Senior 2ª prova (B),2024-12-15,FASI,901,Final,Unknown,Boulder_Men
Piemonte Campionato Regionale 2° prova (B),2024-12-15,FASI,882,Qualification,Unknown,Boulder_Women
Piemonte Campionato Regionale 2° prova (B),2024-12-15,FASI,882,Qualification,Unknown,Boulder_Men
Piemonte Campionato Regionale 2° prova (B),2024-12-15,FASI,882,Final,Unknown,Boulder_Women
Piemonte Campionato Regionale 2° prova (B),2024-12-15,FASI,882,Final,Unknown,Boulder_Men
Valle d'Aosta Campionato Regionale 2° prova (B),2024-12-15,FASI,910,Qualification,Unknown,Boulder_Women
Valle d'Aosta Campionato Regionale 2° prova (B),2024-12-15,FASI,910,Qualification,Unknown,Boulder_Men
Adventcup 2024,2024-12-14,VL-GLOBAL,80,Qualification,Flash,Boulder_Men
Adventcup 2024,2024-12-14,VL-GLOBAL,80,Qualification,Flash,Boulder_Women
Adventcup 2024,2024-12-14,VL-GLOBAL,80,Qualification,Unknown,Boulder_Men
Adventcup 2024,2024-12-14,VL-GLOBAL,80,Qualification,Unknown,Boulder_Women
Adventcup 2024 Finale,2024-12-14,VL-GLOBAL,164,Final,Unknown,Boulder_Men
Adventcup 2024 Finale,2024-12-14,VL-GLOBAL,164,Final,Unknown,Boulder_Women
Blokfest - Round 2 - Yonder,2024-12-14,VL-GLOBAL,166,Qualification,Unknown,Boulder_Women
Blokfest - Round 2 - Yonder,2024-12-14,VL-GLOBAL,166,Qualification,Unknown,Boulder_Men
Blokfest - Round 2 - Yonder,2024-12-14,VL-GLOBAL,166,Qualification,Flash,Boulder_Women
Blokfest - Round 2 - Yonder,2024-12-14,VL-GLOBAL,166,Qualification,Flash,Boulder_Men
IFSC South America Cup Curitiba 2024,2024-12-14,IFSC,1393,Qualification,Onsight,Boulder_Men
IFSC South America Cup Curitiba 2024,2024-12-14,IFSC,1393,Qualification,Onsight,Boulder_Women
IFSC South America Cup Curitiba 2024,2024-12-14,IFSC,1393,Semi-final,Onsight,Boulder_Men
IFSC South America Cup Curitiba 2024,2024-12-14,IFSC,1393,Semi-final,Onsight,Boulder_Women
IFSC South America Cup Curitiba 2024,2024-12-14,IFSC,1393,Final,Onsight,Boulder_Men
IFSC South America Cup Curitiba 2024,2024-12-14,IFSC,1393,Final,Onsight,Boulder_Women
Test Blocs Comp (hidden),2024-12-14,CEC,97,Final,Unknown,Boulder_Men
Youth B/A and Junior Boulder Local,2024-12-14,CEC,93,Qualification,Flash,Boulder_Men
Youth B/A and Junior Boulder Local,2024-12-14,CEC,93,Qualification,Flash,Boulder_Women
Youth B/A and Junior Boulder Local,2024-12-14,CEC,93,Final,Onsight,Boulder_Men
Youth B/A and Junior Boulder Local,2024-12-14,CEC,93,Final,Onsight,Boulder_Women
2ªPrueba The Climb Winter Cup 2024,2024-12-13,VL-GLOBAL,147,Qualification,Unknown,Boulder_Men
2ªPrueba The Climb Winter Cup 2024,2024-12-13,VL-GLOBAL,147,Qualification,Unknown,Boulder_Women
ACA Youth C/D Boulder Local + Tier 2 (FINALS ONLY),2024-12-07,CEC,96,Final,Onsight,Boulder_Women
ACA Youth C/D Boulder Local + Tier 2 (FINALS ONLY),2024-12-07,CEC,96,Final,Onsight,Boulder_Men
Test event (hidden),2024-12-07,CEC,95,Final,Unknown,Boulder_Men
Test event (hidden),2024-12-07,CEC,95,Final,Unknown,Boulder_Women
Test Norway,2024-12-03,VL-GLOBAL,161,Qualification,Unknown,Boulder_Men
Puglia Campionato Regionale (B),2024-12-01,FASI,879,Qualification,Unknown,Boulder_Women
Puglia Campionato Regionale (B),2024-12-01,FASI,879,Qualification,Unknown,Boulder_Men
Puglia Campionato Regionale (B),2024-12-01,FASI,879,Final,Unknown,Boulder_Women
Puglia Campionato Regionale (B),2024-12-01,FASI,879,Final,Unknown,Boulder_Men
BLX Bouldering League - Plant-Factory Edition,2024-11-30,VL-GLOBAL,145,Qualification,Unknown,Boulder_Women
BLX Bouldering League - Plant-Factory Edition,2024-11-30,VL-GLOBAL,145,Qualification,Unknown,Boulder_Men
BLX Bouldering League - Plant-Factory Edition,2024-11-30,VL-GLOBAL,145,Final,Unknown,Boulder_Women
BLX Bouldering League - Plant-Factory Edition,2024-11-30,VL-GLOBAL,145,Final,Unknown,Boulder_Men
Test Event for Saul :-),2024-11-30,VL-GLOBAL,152,Qualification,Unknown,Boulder_Men
Total Boulder,2024-11-30,VL-GLOBAL,151,Qualification,Unknown,Boulder_Men
Total Boulder,2024-11-30,VL-GLOBAL,151,Qualification,Unknown,Boulder_Women
IFSC South America Cup Mar del Plata 2024,2024-11-29,IFSC,1394,Qualification,Onsight,Boulder_Men
IFSC South America Cup Mar del Plata 2024,2024-11-29,IFSC,1394,Qualification,Onsight,Boulder_Women
IFSC South America Cup Mar del Plata 2024,2024-11-29,IFSC,1394,Semi-final,Onsight,Boulder_Men
IFSC South America Cup Mar del Plata 2024,2024-11-29,IFSC,1394,Semi-final,Onsight,Boulder_Women
IFSC South America Cup Mar del Plata 2024,2024-11-29,IFSC,1394,Final,Onsight,Boulder_Men
IFSC South America Cup Mar del Plata 2024,2024-11-29,IFSC,1394,Final,Onsight,Boulder_Women
Sparta Volumen Fight 2024,2024-11-29,VL-GLOBAL,117,Volumen Fight,Unknown,Boulder_Men
Sparta Volumen Fight 2024,2024-11-29,VL-GLOBAL,117,Volumen Fight,Unknown,Boulder_Women
Test Event 2,2024-11-26,VL-GLOBAL,159,Qualification,Unknown,Boulder_Men
Test Event 2,2024-11-26,VL-GLOBAL,159,Final,Unknown,Boulder_Men
Emilia Romagna Campionato Regionale 2° prova (B),2024-11-24,FASI,874,Qualification,Unknown,Boulder_Men
Emilia Romagna Campionato Regionale 2° prova (B),2024-11-24,FASI,874,Qualification,Unknown,Boulder_Women
Emilia Romagna Campionato Regionale 2° prova (B),2024-11-24,FASI,874,Final,Unknown,Boulder_Men
Emilia Romagna Campionato Regionale 2° prova (B),2024-11-24,FASI,874,Final,Unknown,Boulder_Women
Piemonte Campionato Regionale 1° prova (B),2024-11-24,FASI,876,Qualification,Unknown,Boulder_Women
Piemonte Campionato Regionale 1° prova (B),2024-11-24,FASI,876,Qualification,Unknown,Boulder_Men
Piemonte Campionato Regionale 1° prova (B),2024-11-24,FASI,876,Final,Unknown,Boulder_Women
Piemonte Campionato Regionale 1° prova (B),2024-11-24,FASI,876,Final,Unknown,Boulder_Men
Valle d'Aosta Campionato Regionale 1° prova (B),2024-11-24,FASI,909,Qualification,Unknown,Boulder_Women
Valle d'Aosta Campionato Regionale 1° prova (B),2024-11-24,FASI,909,Qualification,Unknown,Boulder_Men
Regiocup Zentralschweiz - Spinnerei Indoor,2024-11-23,VL-GLOBAL,116,Qualification,Flash,Boulder_Women
Regiocup Zentralschweiz - Spinnerei Indoor,2024-11-23,VL-GLOBAL,116,Qualification,Flash,Boulder_Men
1ªPrueba The Climb Winter Cup 2024,2024-11-22,VL-GLOBAL,149,Qualification,Unknown,Boulder_Men
1ªPrueba The Climb Winter Cup 2024,2024-11-22,VL-GLOBAL,149,Qualification,Unknown,Boulder_Women
2024-2025 Senior National Championships,2024-11-21,CEC,89,Qualification,Flash,Boulder_Men
2024-2025 Senior National Championships,2024-11-21,CEC,89,Qualification,Flash,Boulder_Women
2024-2025 Senior National Championships,2024-11-21,CEC,89,Semi-final,Unknown,Boulder_Men
2024-2025 Senior National Championships,2024-11-21,CEC,89,Semi-final,Unknown,Boulder_Women
2024-2025 Senior National Championships,2024-11-21,CEC,89,Final,Unknown,Boulder_Men
2024-2025 Senior National Championships,2024-11-21,CEC,89,Final,Unknown,Boulder_Women
IFSC Pan American Championships Santiago 2024,2024-11-20,IFSC,1401,Qualification,Onsight,Boulder_Men
IFSC Pan American Championships Santiago 2024,2024-11-20,IFSC,1401,Qualification,Onsight,Boulder_Women
IFSC Pan American Championships Santiago 2024,2024-11-20,IFSC,1401,Semi-final,Onsight,Boulder_Men
IFSC Pan American Championships Santiago 2024,2024-11-20,IFSC,1401,Semi-final,Onsight,Boulder_Women
IFSC Pan American Championships Santiago 2024,2024-11-20,IFSC,1401,Final,Onsight,Boulder_Men
IFSC Pan American Championships Santiago 2024,2024-11-20,IFSC,1401,Final,Onsight,Boulder_Women
National Bouldering Championship + Open (Adults),2024-11-17,VL-GLOBAL,136,Qualification,Unknown,Boulder_Women
National Bouldering Championship + Open (Adults),2024-11-17,VL-GLOBAL,136,Qualification,Unknown,Boulder_Men
National Bouldering Championship + Open (Adults),2024-11-17,VL-GLOBAL,136,Final,Unknown,Boulder_Women
National Bouldering Championship + Open (Adults),2024-11-17,VL-GLOBAL,136,Final,Unknown,Boulder_Men
Balkan Sport Climbing Championship (Boulder) 2024,2024-11-16,VL-GLOBAL,144,Qualification,Flash,Boulder_Men
Balkan Sport Climbing Championship (Boulder) 2024,2024-11-16,VL-GLOBAL,144,Qualification,Flash,Boulder_Women
Balkan Sport Climbing Championship (Boulder) 2024,2024-11-16,VL-GLOBAL,144,Final,Onsight,Boulder_Men
Balkan Sport Climbing Championship (Boulder) 2024,2024-11-16,VL-GLOBAL,144,Final,Onsight,Boulder_Women
Contest BlocUP,2024-11-16,VL-GLOBAL,75,Qualification,Unknown,Boulder_Women
Contest BlocUP,2024-11-16,VL-GLOBAL,75,Qualification,Unknown,Boulder_Men
Contest BlocUP,2024-11-16,VL-GLOBAL,75,Final,Unknown,Boulder_Women
Contest BlocUP,2024-11-16,VL-GLOBAL,75,Final,Unknown,Boulder_Men
IFSC Oceania Championships Perth 2024,2024-11-16,IFSC,1423,Qualification,Onsight,Boulder_Men
IFSC Oceania Championships Perth 2024,2024-11-16,IFSC,1423,Qualification,Onsight,Boulder_Women
IFSC Oceania Championships Perth 2024,2024-11-16,IFSC,1423,Semi-final,Onsight,Boulder_Men
IFSC Oceania Championships Perth 2024,2024-11-16,IFSC,1423,Semi-final,Onsight,Boulder_Women
IFSC Oceania Championships Perth 2024,2024-11-16,IFSC,1423,Final,Onsight,Boulder_Men
IFSC Oceania Championships Perth 2024,2024-11-16,IFSC,1423,Final,Onsight,Boulder_Women
Zürcher Klettermeisterschaft 2024 (Boulder) - Minimum Zürich,2024-11-16,SAC-CAS,828,Qualification,Unknown,Boulder_Women
Zürcher Klettermeisterschaft 2024 (Boulder) - Minimum Zürich,2024-11-16,SAC-CAS,828,Qualification,Unknown,Boulder_Men
Zürcher Klettermeisterschaft 2024 (Boulder) - Minimum Zürich,2024-11-16,SAC-CAS,828,Final,Unknown,Boulder_Women
Zürcher Klettermeisterschaft 2024 (Boulder) - Minimum Zürich,2024-11-16,SAC-CAS,828,Final,Unknown,Boulder_Men
IFSC Youth Asian Championships Jamshedpur 2024,2024-11-14,IFSC,1398,Qualification,Flash,Boulder_Men
IFSC Youth Asian Championships Jamshedpur 2024,2024-11-14,IFSC,1398,Qualification,Flash,Boulder_Women
IFSC Youth Asian Championships Jamshedpur 2024,2024-11-14,IFSC,1398,Final,Onsight,Boulder_Men
IFSC Youth Asian Championships Jamshedpur 2024,2024-11-14,IFSC,1398,Final,Onsight,Boulder_Women
NEOM IFSC Masters 2024,2024-11-11,IFSC,1404,Qualification,Onsight,Boulder_Men
NEOM IFSC Masters 2024,2024-11-11,IFSC,1404,Qualification,Onsight,Boulder_Women
NEOM IFSC Masters 2024,2024-11-11,IFSC,1404,Final,Onsight,Boulder_Men
NEOM IFSC Masters 2024,2024-11-11,IFSC,1404,Final,Onsight,Boulder_Women
Lazio Campionato Regionale Senior 1ª prova (B),2024-11-10,FASI,869,Qualification,Unknown,Boulder_Women
Lazio Campionato Regionale Senior 1ª prova (B),2024-11-10,FASI,869,Qualification,Unknown,Boulder_Men
Lazio Campionato Regionale Senior 1ª prova (B),2024-11-10,FASI,869,Final,Unknown,Boulder_Women
Lazio Campionato Regionale Senior 1ª prova (B),2024-11-10,FASI,869,Final,Unknown,Boulder_Men
Lazio Campionato Regionale Senior 1ª prova (B),2024-11-10,FASI,902,Qualification,Unknown,Boulder_Women
Lazio Campionato Regionale Senior 1ª prova (B),2024-11-10,FASI,902,Qualification,Unknown,Boulder_Men
Lazio Campionato Regionale Senior 1ª prova (B),2024-11-10,FASI,902,Final,Unknown,Boulder_Women
Lazio Campionato Regionale Senior 1ª prova (B),2024-11-10,FASI,902,Final,Unknown,Boulder_Men
Blokfest - Round 1 - The Castle,2024-11-09,VL-GLOBAL,111,Qualification,Unknown,Boulder_Women
Blokfest - Round 1 - The Castle,2024-11-09,VL-GLOBAL,111,Qualification,Unknown,Boulder_Men
Blokfest - Round 1 - The Castle,2024-11-09,VL-GLOBAL,111,Qualification,Flash,Boulder_Women
Blokfest - Round 1 - The Castle,2024-11-09,VL-GLOBAL,111,Qualification,Flash,Boulder_Men
Campeonato de España 2024 de Bloque,2024-11-09,FEDME,36,Final,Unknown,Boulder_Women
Campeonato de España 2024 de Bloque,2024-11-09,FEDME,36,Final,Unknown,Boulder_Men
Campeonato de España 2024 de Bloque,2024-11-09,FEDME,36,Clasificatoria,Unknown,Boulder_Women
Campeonato de España 2024 de Bloque,2024-11-09,FEDME,36,Clasificatoria,Unknown,Boulder_Men
Copa España 2024 - 3a Prueba Bloque,2024-11-09,FEDME,29,Final,Unknown,Boulder_Women
Copa España 2024 - 3a Prueba Bloque,2024-11-09,FEDME,29,Final,Unknown,Boulder_Men
Copa España 2024 - 3a Prueba Bloque,2024-11-09,FEDME,29,Clasificatoria,Unknown,Boulder_Women
Copa España 2024 - 3a Prueba Bloque,2024-11-09,FEDME,29,Clasificatoria,Unknown,Boulder_Men
Liguria Campionato Regionale 1° prova (B),2024-11-09,FASI,872,Qualification,Unknown,Boulder_Women
Liguria Campionato Regionale 1° prova (B),2024-11-09,FASI,872,Qualification,Unknown,Boulder_Men
Liguria Campionato Regionale 1° prova (B),2024-11-09,FASI,872,Final,Unknown,Boulder_Women
Liguria Campionato Regionale 1° prova (B),2024-11-09,FASI,872,Final,Unknown,Boulder_Men
Liguria Campionato Regionale 1° prova (B),2024-11-09,FASI,904,Qualification,Unknown,Boulder_Women
Liguria Campionato Regionale 1° prova (B),2024-11-09,FASI,904,Qualification,Unknown,Boulder_Men
Liguria Campionato Regionale 1° prova (B),2024-11-09,FASI,904,Final,Unknown,Boulder_Women
Liguria Campionato Regionale 1° prova (B),2024-11-09,FASI,904,Final,Unknown,Boulder_Men
Offene Hessische Bouldermeisterschaft Jugend D,2024-11-09,DIGITALROCK,14421,Final,Onsight,Boulder_Women
Offene Hessische Bouldermeisterschaft Jugend D,2024-11-09,DIGITALROCK,14421,Final,Onsight,Boulder_Men
VELS Winter-Cup 2024,2024-11-04,VL-GLOBAL,110,Qualification,Unknown,Boulder_Men
VELS Winter-Cup 2024,2024-11-04,VL-GLOBAL,110,Qualification,Unknown,Boulder_Women
VELS Winter-Cup 2024,2024-11-04,VL-GLOBAL,110,Final,Unknown,Boulder_Men
VELS Winter-Cup 2024,2024-11-04,VL-GLOBAL,110,Final,Unknown,Boulder_Women
Offene norddeutsche Jugendmeisterschaft Bouldern - Osnabloc in Osnabrück ,2024-11-02,DIGITALROCK,14151,Final,Onsight,Boulder_Women
Offene norddeutsche Jugendmeisterschaft Bouldern - Osnabloc in Osnabrück ,2024-11-02,DIGITALROCK,14151,Final,Onsight,Boulder_Men
Qualitag Militär,2024-11-02,VL-GLOBAL,113,Qualification,Unknown,Boulder_Men
The Bridge 02.11.24,2024-11-02,VL-GLOBAL,114,Qualification,Unknown,Boulder_Women
The Bridge 02.11.24,2024-11-02,VL-GLOBAL,114,Qualification,Unknown,Boulder_Men
ACA Open Bouldering Provincials 2024,2024-10-26,CEC,87,Qualification,Flash,Boulder_Men
ACA Open Bouldering Provincials 2024,2024-10-26,CEC,87,Qualification,Flash,Boulder_Women
ACA Open Bouldering Provincials 2024,2024-10-26,CEC,87,Final,Unknown,Boulder_Men
ACA Open Bouldering Provincials 2024,2024-10-26,CEC,87,Final,Unknown,Boulder_Women
Emilia Romagna Campionato Regionale 1° prova (B),2024-10-20,FASI,868,Qualification,Unknown,Boulder_Men
Emilia Romagna Campionato Regionale 1° prova (B),2024-10-20,FASI,868,Qualification,Unknown,Boulder_Women
Emilia Romagna Campionato Regionale 1° prova (B),2024-10-20,FASI,868,Final,Unknown,Boulder_Men
Emilia Romagna Campionato Regionale 1° prova (B),2024-10-20,FASI,868,Final,Unknown,Boulder_Women
IFSC South America Cup Ibarra 2024,2024-10-15,IFSC,1400,Qualification,Onsight,Boulder_Men
IFSC South America Cup Ibarra 2024,2024-10-15,IFSC,1400,Qualification,Onsight,Boulder_Women
IFSC South America Cup Ibarra 2024,2024-10-15,IFSC,1400,Semi-final,Onsight,Boulder_Men
IFSC South America Cup Ibarra 2024,2024-10-15,IFSC,1400,Semi-final,Onsight,Boulder_Women
IFSC South America Cup Ibarra 2024,2024-10-15,IFSC,1400,Final,Onsight,Boulder_Men
IFSC South America Cup Ibarra 2024,2024-10-15,IFSC,1400,Final,Onsight,Boulder_Women
10.Nürnberger Bouldercup 2024,2024-10-12,VL-GLOBAL,65,Qualification,Flash,Boulder_Men
10.Nürnberger Bouldercup 2024,2024-10-12,VL-GLOBAL,65,Qualification,Flash,Boulder_Women
Conquer the walls 2024,2024-10-12,VL-GLOBAL,98,Red Point Round,Scramble,Boulder_Men
Conquer the walls 2024,2024-10-12,VL-GLOBAL,98,Red Point Round,Scramble,Boulder_Women
IFSC Asian Championships Tai'an 2024,2024-10-10,IFSC,1397,Qualification,Onsight,Boulder_Men
IFSC Asian Championships Tai'an 2024,2024-10-10,IFSC,1397,Qualification,Onsight,Boulder_Women
IFSC Asian Championships Tai'an 2024,2024-10-10,IFSC,1397,Semi-final,Onsight,Boulder_Men
IFSC Asian Championships Tai'an 2024,2024-10-10,IFSC,1397,Semi-final,Onsight,Boulder_Women
IFSC Asian Championships Tai'an 2024,2024-10-10,IFSC,1397,Final,Onsight,Boulder_Men
IFSC Asian Championships Tai'an 2024,2024-10-10,IFSC,1397,Final,Onsight,Boulder_Women
IFSC European Cup Genova 2024,2024-10-05,IFSC,1390,Qualification,Onsight,Boulder_Men
IFSC European Cup Genova 2024,2024-10-05,IFSC,1390,Qualification,Onsight,Boulder_Women
IFSC European Cup Genova 2024,2024-10-05,IFSC,1390,Semi-final,Onsight,Boulder_Men
IFSC European Cup Genova 2024,2024-10-05,IFSC,1390,Semi-final,Onsight,Boulder_Women
IFSC European Cup Genova 2024,2024-10-05,IFSC,1390,Final,Onsight,Boulder_Men
IFSC European Cup Genova 2024,2024-10-05,IFSC,1390,Final,Onsight,Boulder_Women
IFSC World Cup Seoul 2024,2024-10-02,IFSC,1361,Qualification,Onsight,Boulder_Men
IFSC World Cup Seoul 2024,2024-10-02,IFSC,1361,Qualification,Onsight,Boulder_Women
IFSC World Cup Seoul 2024,2024-10-02,IFSC,1361,Semi-final,Onsight,Boulder_Men
IFSC World Cup Seoul 2024,2024-10-02,IFSC,1361,Semi-final,Onsight,Boulder_Women
IFSC World Cup Seoul 2024,2024-10-02,IFSC,1361,Final,Onsight,Boulder_Men
IFSC World Cup Seoul 2024,2024-10-02,IFSC,1361,Final,Onsight,Boulder_Women
Swiss Parkour Championships 2024,2024-09-28,VL-GLOBAL,73,Qualification,Unknown,Boulder_Women
Swiss Parkour Championships 2024,2024-09-28,VL-GLOBAL,73,Qualification,Unknown,Boulder_Men
IFSC Youth European Championships Troyes 2024,2024-09-25,IFSC,1375,Qualification,Flash,Boulder_Men
IFSC Youth European Championships Troyes 2024,2024-09-25,IFSC,1375,Qualification,Flash,Boulder_Women
IFSC Youth European Championships Troyes 2024,2024-09-25,IFSC,1375,Semi-final,Onsight,Boulder_Men
IFSC Youth European Championships Troyes 2024,2024-09-25,IFSC,1375,Semi-final,Onsight,Boulder_Women
IFSC Youth European Championships Troyes 2024,2024-09-25,IFSC,1375,Final,Onsight,Boulder_Men
IFSC Youth European Championships Troyes 2024,2024-09-25,IFSC,1375,Final,Onsight,Boulder_Women
IFSC World Cup Prague 2024,2024-09-20,IFSC,1360,Qualification,Onsight,Boulder_Men
IFSC World Cup Prague 2024,2024-09-20,IFSC,1360,Qualification,Onsight,Boulder_Women
IFSC World Cup Prague 2024,2024-09-20,IFSC,1360,Semi-final,Onsight,Boulder_Men
IFSC World Cup Prague 2024,2024-09-20,IFSC,1360,Semi-final,Onsight,Boulder_Women
IFSC World Cup Prague 2024,2024-09-20,IFSC,1360,Final,Onsight,Boulder_Men
IFSC World Cup Prague 2024,2024-09-20,IFSC,1360,Final,Onsight,Boulder_Women
Boulder Jam - Tromsö klatresenter - September 2024,2024-09-13,VL-GLOBAL,54,Main Round,Unknown,Boulder_Men
Boulder Jam - Tromsö klatresenter - September 2024,2024-09-13,VL-GLOBAL,54,Main Round,Unknown,Boulder_Women
FISU University Championships Koper 2024,2024-09-09,IFSC,1392,Qualification,Onsight,Boulder_Men
FISU University Championships Koper 2024,2024-09-09,IFSC,1392,Qualification,Onsight,Boulder_Women
FISU University Championships Koper 2024,2024-09-09,IFSC,1392,Semi-final,Onsight,Boulder_Men
FISU University Championships Koper 2024,2024-09-09,IFSC,1392,Semi-final,Onsight,Boulder_Women
FISU University Championships Koper 2024,2024-09-09,IFSC,1392,Final,Onsight,Boulder_Men
FISU University Championships Koper 2024,2024-09-09,IFSC,1392,Final,Onsight,Boulder_Women
Boulder Manija,2024-09-01,VL-GLOBAL,44,Qualification,Unknown,Boulder_Men
Boulder Manija,2024-09-01,VL-GLOBAL,44,Qualification,Unknown,Boulder_Women
Boulder Manija,2024-09-01,VL-GLOBAL,44,Qualification,Flash,Boulder_Women
Boulder Manija,2024-09-01,VL-GLOBAL,44,Qualification,Flash,Boulder_Men
Boulder Manija,2024-09-01,VL-GLOBAL,44,Semi-final,Unknown,Boulder_Men
Boulder Manija,2024-09-01,VL-GLOBAL,44,Semi-final,Unknown,Boulder_Women
Boulder Manija,2024-09-01,VL-GLOBAL,44,Final,Unknown,Boulder_Men
Boulder Manija,2024-09-01,VL-GLOBAL,44,Final,Unknown,Boulder_Women
Sverigecupen x Bouldering League,2024-08-31,VL-GLOBAL,155,Qualification,Unknown,Boulder_Women
Sverigecupen x Bouldering League,2024-08-31,VL-GLOBAL,155,Qualification,Unknown,Boulder_Men
Tenaya Cup - Bulderterminalen - Round 1,2024-08-30,VL-GLOBAL,46,Tenaya Cup,Unknown,Boulder_Men
Tenaya Cup - Bulderterminalen - Round 1,2024-08-30,VL-GLOBAL,46,Tenaya Cup,Unknown,Boulder_Women
IFSC European Championships Villars 2024,2024-08-27,IFSC,1381,Qualification,Onsight,Boulder_Men
IFSC European Championships Villars 2024,2024-08-27,IFSC,1381,Qualification,Onsight,Boulder_Women
IFSC European Championships Villars 2024,2024-08-27,IFSC,1381,Semi-final,Onsight,Boulder_Men
IFSC European Championships Villars 2024,2024-08-27,IFSC,1381,Semi-final,Onsight,Boulder_Women
IFSC European Championships Villars 2024,2024-08-27,IFSC,1381,Final,Onsight,Boulder_Men
IFSC European Championships Villars 2024,2024-08-27,IFSC,1381,Final,Onsight,Boulder_Women
IFSC Youth World Championships Guiyang 2024,2024-08-22,IFSC,1396,Qualification,Flash,Boulder_Men
IFSC Youth World Championships Guiyang 2024,2024-08-22,IFSC,1396,Qualification,Flash,Boulder_Women
IFSC Youth World Championships Guiyang 2024,2024-08-22,IFSC,1396,Semi-final,Onsight,Boulder_Men
IFSC Youth World Championships Guiyang 2024,2024-08-22,IFSC,1396,Semi-final,Onsight,Boulder_Women
IFSC Youth World Championships Guiyang 2024,2024-08-22,IFSC,1396,Final,Onsight,Boulder_Men
IFSC Youth World Championships Guiyang 2024,2024-08-22,IFSC,1396,Final,Onsight,Boulder_Women
ACA Open Bouldering Local,2024-08-17,CEC,82,Qualification,Flash,Boulder_Men
ACA Open Bouldering Local,2024-08-17,CEC,82,Qualification,Flash,Boulder_Women
ACA Open Bouldering Local,2024-08-17,CEC,82,Final,Unknown,Boulder_Men
ACA Open Bouldering Local,2024-08-17,CEC,82,Final,Unknown,Boulder_Women
Beat the Heat 2024 - Woche 1+2 (Boulder),2024-08-12,VL-GLOBAL,33,1. Runde,Unknown,Boulder_Women
Beat the Heat 2024 - Woche 1+2 (Boulder),2024-08-12,VL-GLOBAL,33,1. Runde,Unknown,Boulder_Men
MTH (Team-Version),2024-07-31,VL-GLOBAL,32,Main Round,Unknown,Boulder_Men
Copa España 2024 - 2a Prueba Bloque - 2a Prueba Velocidad,2024-06-29,FEDME,28,Final,Unknown,Boulder_Women
Copa España 2024 - 2a Prueba Bloque - 2a Prueba Velocidad,2024-06-29,FEDME,28,Final,Unknown,Boulder_Men
Copa España 2024 - 2a Prueba Bloque - 2a Prueba Velocidad,2024-06-29,FEDME,28,Clasificatoria,Unknown,Boulder_Women
Copa España 2024 - 2a Prueba Bloque - 2a Prueba Velocidad,2024-06-29,FEDME,28,Clasificatoria,Unknown,Boulder_Men
IFSC World Cup Innsbruck 2024,2024-06-26,IFSC,1356,Qualification,Onsight,Boulder_Men
IFSC World Cup Innsbruck 2024,2024-06-26,IFSC,1356,Qualification,Onsight,Boulder_Women
IFSC World Cup Innsbruck 2024,2024-06-26,IFSC,1356,Semi-final,Onsight,Boulder_Men
IFSC World Cup Innsbruck 2024,2024-06-26,IFSC,1356,Semi-final,Onsight,Boulder_Women
IFSC World Cup Innsbruck 2024,2024-06-26,IFSC,1356,Final,Onsight,Boulder_Men
IFSC World Cup Innsbruck 2024,2024-06-26,IFSC,1356,Final,Onsight,Boulder_Women
2024 NACS,2024-06-22,CEC,77,Qualification,Flash,Boulder_Men
2024 NACS,2024-06-22,CEC,77,Qualification,Flash,Boulder_Women
2024 NACS,2024-06-22,CEC,77,Semi-final,Unknown,Boulder_Men
2024 NACS,2024-06-22,CEC,77,Semi-final,Unknown,Boulder_Women
2024 NACS,2024-06-22,CEC,77,Final,Unknown,Boulder_Men
2024 NACS,2024-06-22,CEC,77,Final,Unknown,Boulder_Women
Climbing District Arc'Teryx Takover,2024-06-12,VL-GLOBAL,20,Fun Contest,Unknown,Boulder_Women
Climbing District Arc'Teryx Takover,2024-06-12,VL-GLOBAL,20,Fun Contest,Unknown,Boulder_Men
Olympic Format Training,2024-06-07,FEDME,39,Semi-final,Unknown,Boulder_Men
Olympic Format Training,2024-06-07,FEDME,39,Final,Unknown,Boulder_Men
Olympic Format Training,2024-06-07,FEDME,39,Clasificatoria,Unknown,Boulder_Men
NACS Vail (B),2024-06-06,USAC,8,Qualification,Unknown,Boulder_Men
NACS Vail (B),2024-06-06,USAC,8,Qualification,Unknown,Boulder_Women
NACS Vail (B),2024-06-06,USAC,8,Semi-final,Unknown,Boulder_Men
NACS Vail (B),2024-06-06,USAC,8,Semi-final,Unknown,Boulder_Women
NACS Vail (B),2024-06-06,USAC,8,Final,Unknown,Boulder_Men
NACS Vail (B),2024-06-06,USAC,8,Final,Unknown,Boulder_Women
NACS Vail (B) TEST,2024-06-06,USAC,6,Qualification,Unknown,Boulder_Women
10 Jahre Boulderplanet,2024-05-25,VL-GLOBAL,6,Qualification,Unknown,Boulder_Women
10 Jahre Boulderplanet,2024-05-25,VL-GLOBAL,6,Qualification,Unknown,Boulder_Men
10 Jahre Boulderplanet,2024-05-25,VL-GLOBAL,6,Final,Unknown,Boulder_Women
10 Jahre Boulderplanet,2024-05-25,VL-GLOBAL,6,Final,Unknown,Boulder_Men
Boulder-Schweizermeisterschaften 2024 im Rahmen des SAC Swiss Climbing Cup - Quadrel Domat/Ems,2024-05-25,SAC-CAS,798,Qualification,Unknown,Boulder_Men
Boulder-Schweizermeisterschaften 2024 im Rahmen des SAC Swiss Climbing Cup - Quadrel Domat/Ems,2024-05-25,SAC-CAS,798,Qualification,Unknown,Boulder_Women
Boulder-Schweizermeisterschaften 2024 im Rahmen des SAC Swiss Climbing Cup - Quadrel Domat/Ems,2024-05-25,SAC-CAS,798,Final,Unknown,Boulder_Men
Boulder-Schweizermeisterschaften 2024 im Rahmen des SAC Swiss Climbing Cup - Quadrel Domat/Ems,2024-05-25,SAC-CAS,798,Final,Unknown,Boulder_Women
Kids Cup Bouldern Region Schwaben offen für Nord-Ost-Bayern - Boulderhalle Kraftwerk - Biesenhofen,2024-05-18,DIGITALROCK,14281,Final,Onsight,Boulder_Women
Kids Cup Bouldern Region Schwaben offen für Nord-Ost-Bayern - Boulderhalle Kraftwerk - Biesenhofen,2024-05-18,DIGITALROCK,14281,Final,Onsight,Boulder_Men
Youth Boulder National Championships,2024-05-16,CEC,75,Qualification,Flash,Boulder_Men
Youth Boulder National Championships,2024-05-16,CEC,75,Qualification,Flash,Boulder_Women
Youth Boulder National Championships,2024-05-16,CEC,75,Semi-final,Onsight,Boulder_Men
Youth Boulder National Championships,2024-05-16,CEC,75,Semi-final,Onsight,Boulder_Women
Youth Boulder National Championships,2024-05-16,CEC,75,Final,Onsight,Boulder_Men
Youth Boulder National Championships,2024-05-16,CEC,75,Final,Onsight,Boulder_Women
BWJC Bouldern - Boulderkitchen Freiburg,2024-05-11,DIGITALROCK,13921,Final,Onsight,Boulder_Women
BWJC Bouldern - Boulderkitchen Freiburg,2024-05-11,DIGITALROCK,13921,Final,Onsight,Boulder_Men
Kids Cup Bouldern Region Oberbayern offen für Schwaben -  DAV Kletterzentrum Freimann/ Sektion USC ,2024-05-04,DIGITALROCK,14241,Final,Onsight,Boulder_Women
Kids Cup Bouldern Region Oberbayern offen für Schwaben -  DAV Kletterzentrum Freimann/ Sektion USC ,2024-05-04,DIGITALROCK,14241,Final,Onsight,Boulder_Men
Offene Sächsische/Berliner Meisterschaft Bouldern,2024-05-04,DIGITALROCK,14311,Final,Onsight,Boulder_Women
Offene Sächsische/Berliner Meisterschaft Bouldern,2024-05-04,DIGITALROCK,14311,Final,Onsight,Boulder_Men
IFSC World Cup Salt Lake City 2024,2024-05-03,IFSC,1355,Qualification,Onsight,Boulder_Men
IFSC World Cup Salt Lake City 2024,2024-05-03,IFSC,1355,Qualification,Onsight,Boulder_Women
IFSC World Cup Salt Lake City 2024,2024-05-03,IFSC,1355,Semi-final,Onsight,Boulder_Men
IFSC World Cup Salt Lake City 2024,2024-05-03,IFSC,1355,Semi-final,Onsight,Boulder_Women
IFSC World Cup Salt Lake City 2024,2024-05-03,IFSC,1355,Final,Onsight,Boulder_Men
IFSC World Cup Salt Lake City 2024,2024-05-03,IFSC,1355,Final,Onsight,Boulder_Women
IFSC Youth European Cup Graz 2024,2024-05-03,IFSC,1367,Qualification,Flash,Boulder_Men
IFSC Youth European Cup Graz 2024,2024-05-03,IFSC,1367,Qualification,Flash,Boulder_Women
IFSC Youth European Cup Graz 2024,2024-05-03,IFSC,1367,Final,Onsight,Boulder_Men
IFSC Youth European Cup Graz 2024,2024-05-03,IFSC,1367,Final,Onsight,Boulder_Women
Offene RLP Meisterschaft Bouldern RockTown Kaiserslautern,2024-04-27,DIGITALROCK,14031,Final,Onsight,Boulder_Women
Offene RLP Meisterschaft Bouldern RockTown Kaiserslautern,2024-04-27,DIGITALROCK,14031,Final,Onsight,Boulder_Men
IFSC European Cup Klagenfurt 2024,2024-04-26,IFSC,1366,Qualification,Onsight,Boulder_Men
IFSC European Cup Klagenfurt 2024,2024-04-26,IFSC,1366,Qualification,Onsight,Boulder_Women
IFSC European Cup Klagenfurt 2024,2024-04-26,IFSC,1366,Semi-final,Onsight,Boulder_Men
IFSC European Cup Klagenfurt 2024,2024-04-26,IFSC,1366,Semi-final,Onsight,Boulder_Women
IFSC European Cup Klagenfurt 2024,2024-04-26,IFSC,1366,Final,Onsight,Boulder_Men
IFSC European Cup Klagenfurt 2024,2024-04-26,IFSC,1366,Final,Onsight,Boulder_Women
"NACS Training Center (B,L,S)",2024-04-24,USAC,4,Qualification,Unknown,Boulder_Men
"NACS Training Center (B,L,S)",2024-04-24,USAC,4,Qualification,Unknown,Boulder_Women
"NACS Training Center (B,L,S)",2024-04-24,USAC,4,Semi-final,Unknown,Boulder_Men
"NACS Training Center (B,L,S)",2024-04-24,USAC,4,Semi-final,Unknown,Boulder_Women
"NACS Training Center (B,L,S)",2024-04-24,USAC,4,Final,Unknown,Boulder_Men
"NACS Training Center (B,L,S)",2024-04-24,USAC,4,Final,Unknown,Boulder_Women
IFSC Youth European Cup Soure 2024,2024-04-20,IFSC,1365,Qualification,Flash,Boulder_Men
IFSC Youth European Cup Soure 2024,2024-04-20,IFSC,1365,Qualification,Flash,Boulder_Women
IFSC Youth European Cup Soure 2024,2024-04-20,IFSC,1365,Final,Onsight,Boulder_Men
IFSC Youth European Cup Soure 2024,2024-04-20,IFSC,1365,Final,Onsight,Boulder_Women
Sicilia 5° prova di qualifica U14 U20 Senior (B),2024-04-20,FASI,848,Qualification,Flash,Boulder_Women
Sicilia 5° prova di qualifica U14 U20 Senior (B),2024-04-20,FASI,848,Qualification,Flash,Boulder_Men
Sicilia 5° prova di qualifica U14 U20 Senior (B),2024-04-20,FASI,848,Final,Onsight,Boulder_Women
Sicilia 5° prova di qualifica U14 U20 Senior (B),2024-04-20,FASI,848,Final,Onsight,Boulder_Men
Youth Eastern Regionals 23/24,2024-04-20,CEC,71,Qualification,Flash,Boulder_Men
Youth Eastern Regionals 23/24,2024-04-20,CEC,71,Qualification,Flash,Boulder_Women
Youth Eastern Regionals 23/24,2024-04-20,CEC,71,Final,Onsight,Boulder_Men
Youth Eastern Regionals 23/24,2024-04-20,CEC,71,Final,Onsight,Boulder_Women
Youth Western Regionals 23/24,2024-04-20,CEC,72,Qualification,Flash,Boulder_Men
Youth Western Regionals 23/24,2024-04-20,CEC,72,Qualification,Flash,Boulder_Women
Youth Western Regionals 23/24,2024-04-20,CEC,72,Final,Onsight,Boulder_Men
Youth Western Regionals 23/24,2024-04-20,CEC,72,Final,Onsight,Boulder_Women
 Bayerische Meisterschaft Bouldern Jugend B und A/Junioren*innen - DAV Boulderzentrum Thalkirchen ,2024-04-13,DIGITALROCK,14011,Final,Onsight,Boulder_Women
 Bayerische Meisterschaft Bouldern Jugend B und A/Junioren*innen - DAV Boulderzentrum Thalkirchen ,2024-04-13,DIGITALROCK,14011,Final,Onsight,Boulder_Men
BWJC Bouldern Heilbronn,2024-04-13,DIGITALROCK,13911,Final,Onsight,Boulder_Women
BWJC Bouldern Heilbronn,2024-04-13,DIGITALROCK,13911,Final,Onsight,Boulder_Men
Copa España 2024 - 1a Prueba Bloque - 1a Prueba Velocidad,2024-04-13,FEDME,27,Final,Unknown,Boulder_Women
Copa España 2024 - 1a Prueba Bloque - 1a Prueba Velocidad,2024-04-13,FEDME,27,Final,Unknown,Boulder_Men
Copa España 2024 - 1a Prueba Bloque - 1a Prueba Velocidad,2024-04-13,FEDME,27,Clasificatoria,Unknown,Boulder_Women
Copa España 2024 - 1a Prueba Bloque - 1a Prueba Velocidad,2024-04-13,FEDME,27,Clasificatoria,Unknown,Boulder_Men
offene NRW-Landesmeisterschaft Bouldern 2024 | Prisma - Wuppertal,2024-04-13,DIGITALROCK,14401,Final,Onsight,Boulder_Women
offene NRW-Landesmeisterschaft Bouldern 2024 | Prisma - Wuppertal,2024-04-13,DIGITALROCK,14401,Final,Onsight,Boulder_Men
IFSC World Cup Keqiao 2024,2024-04-08,IFSC,1353,Qualification,Onsight,Boulder_Men
IFSC World Cup Keqiao 2024,2024-04-08,IFSC,1353,Qualification,Onsight,Boulder_Women
IFSC World Cup Keqiao 2024,2024-04-08,IFSC,1353,Semi-final,Onsight,Boulder_Men
IFSC World Cup Keqiao 2024,2024-04-08,IFSC,1353,Semi-final,Onsight,Boulder_Women
IFSC World Cup Keqiao 2024,2024-04-08,IFSC,1353,Final,Onsight,Boulder_Women
ACA Youth BOULDERING Provincials - CCC,2024-04-06,CEC,64,Qualification,Flash,Boulder_Men
ACA Youth BOULDERING Provincials - CCC,2024-04-06,CEC,64,Qualification,Flash,Boulder_Women
ACA Youth BOULDERING Provincials - CCC,2024-04-06,CEC,64,Semi-final,Onsight,Boulder_Men
ACA Youth BOULDERING Provincials - CCC,2024-04-06,CEC,64,Semi-final,Onsight,Boulder_Women
ACA Youth BOULDERING Provincials - CCC,2024-04-06,CEC,64,Final,Onsight,Boulder_Men
ACA Youth BOULDERING Provincials - CCC,2024-04-06,CEC,64,Final,Onsight,Boulder_Women
Marche prova di qualifica  2° U14 - 4° U20 Senior (B),2024-04-06,FASI,816,Qualification,Flash,Boulder_Women
Marche prova di qualifica  2° U14 - 4° U20 Senior (B),2024-04-06,FASI,816,Qualification,Flash,Boulder_Men
Marche prova di qualifica  2° U14 - 4° U20 Senior (B),2024-04-06,FASI,816,Final,Onsight,Boulder_Men
Marche prova di qualifica  2° U14 - 4° U20 Senior (B),2024-04-06,FASI,816,Final,Onsight,Boulder_Women
IFSC Youth European Cup Curno 2024,2024-04-05,IFSC,1377,Qualification,Flash,Boulder_Men
IFSC Youth European Cup Curno 2024,2024-04-05,IFSC,1377,Qualification,Flash,Boulder_Women
IFSC Youth European Cup Curno 2024,2024-04-05,IFSC,1377,Final,Onsight,Boulder_Men
IFSC Youth European Cup Curno 2024,2024-04-05,IFSC,1377,Final,Onsight,Boulder_Women
Campionato Italiano (B),2024-03-23,FASI,729,Qualification,Unknown,Boulder_Men
Campionato Italiano (B),2024-03-23,FASI,729,Qualification,Unknown,Boulder_Women
Campionato Italiano (B),2024-03-23,FASI,729,Semi-final,Unknown,Boulder_Men
Campionato Italiano (B),2024-03-23,FASI,729,Semi-final,Unknown,Boulder_Women
Campionato Italiano (B),2024-03-23,FASI,729,Final,Unknown,Boulder_Men
Campionato Italiano (B),2024-03-23,FASI,729,Final,Unknown,Boulder_Women
SAC Swiss Climbing Cup 2024 (B) - Boulder Arena Sursee,2024-03-23,SAC-CAS,797,Qualification,Unknown,Boulder_Men
SAC Swiss Climbing Cup 2024 (B) - Boulder Arena Sursee,2024-03-23,SAC-CAS,797,Qualification,Unknown,Boulder_Women
SAC Swiss Climbing Cup 2024 (B) - Boulder Arena Sursee,2024-03-23,SAC-CAS,797,Final,Unknown,Boulder_Men
SAC Swiss Climbing Cup 2024 (B) - Boulder Arena Sursee,2024-03-23,SAC-CAS,797,Final,Unknown,Boulder_Women
Sparta Fight Kids,2024-03-23,VL-GLOBAL,2,Qualification,Flash,Boulder_Women
Sparta Fight Kids,2024-03-23,VL-GLOBAL,2,Qualification,Flash,Boulder_Men
Sparta Fight Kids,2024-03-23,VL-GLOBAL,2,Final,Onsight,Boulder_Women
Sparta Fight Kids,2024-03-23,VL-GLOBAL,2,Final,Onsight,Boulder_Men
Toscana 5° prova di qualifica U20 Senior (B),2024-03-17,FASI,802,Qualification,Flash,Boulder_Women
Toscana 5° prova di qualifica U20 Senior (B),2024-03-17,FASI,802,Qualification,Flash,Boulder_Men
Toscana 5° prova di qualifica U20 Senior (B),2024-03-17,FASI,802,Final,Onsight,Boulder_Women
Toscana 5° prova di qualifica U20 Senior (B),2024-03-17,FASI,802,Final,Onsight,Boulder_Men
2. Deutscher Jugendcup (B) 2024 - Stuttgart,2024-03-16,DIGITALROCK,14341,Final,Onsight,Boulder_Women
2. Deutscher Jugendcup (B) 2024 - Stuttgart,2024-03-16,DIGITALROCK,14341,Final,Onsight,Boulder_Men
2. Deutscher Jugendcup (B) 2024 - Stuttgart,2024-03-16,DIGITALROCK,14361,Final,Onsight,Boulder_Men
2. Deutscher Jugendcup (B) 2024 - Stuttgart,2024-03-16,DIGITALROCK,14361,Final,Onsight,Boulder_Women
Kids Cup Bouldern Region Nord-Ost-Bayern offen für Oberbayern - Kletterzentrum Bayreuth ,2024-03-10,DIGITALROCK,14251,Final,Onsight,Boulder_Women
Kids Cup Bouldern Region Nord-Ost-Bayern offen für Oberbayern - Kletterzentrum Bayreuth ,2024-03-10,DIGITALROCK,14251,Final,Onsight,Boulder_Men
Coppa Italia 3° prova (B),2024-03-09,FASI,728,Qualification,Unknown,Boulder_Men
Coppa Italia 3° prova (B),2024-03-09,FASI,728,Qualification,Unknown,Boulder_Women
Coppa Italia 3° prova (B),2024-03-09,FASI,728,Semi-final,Unknown,Boulder_Men
Coppa Italia 3° prova (B),2024-03-09,FASI,728,Semi-final,Unknown,Boulder_Women
Coppa Italia 3° prova (B),2024-03-09,FASI,728,Final,Unknown,Boulder_Men
Coppa Italia 3° prova (B),2024-03-09,FASI,728,Final,Unknown,Boulder_Women
Qualifikationslehrgang Jugend B Bouldern / Trainingslehrgang Jungend A - DAV Boulderhalle Bayreuth ,2024-03-09,DIGITALROCK,14101,Final,Onsight,Boulder_Women
Qualifikationslehrgang Jugend B Bouldern / Trainingslehrgang Jungend A - DAV Boulderhalle Bayreuth ,2024-03-09,DIGITALROCK,14101,Final,Onsight,Boulder_Men
SAC Swiss Climbing Cup 2024 (B) - Spinnerei Indoor Ibach,2024-03-09,SAC-CAS,796,Qualification,Unknown,Boulder_Men
SAC Swiss Climbing Cup 2024 (B) - Spinnerei Indoor Ibach,2024-03-09,SAC-CAS,796,Qualification,Unknown,Boulder_Women
SAC Swiss Climbing Cup 2024 (B) - Spinnerei Indoor Ibach,2024-03-09,SAC-CAS,796,Final,Unknown,Boulder_Men
SAC Swiss Climbing Cup 2024 (B) - Spinnerei Indoor Ibach,2024-03-09,SAC-CAS,796,Final,Unknown,Boulder_Women
Trial U16 2° prova (B),2024-03-09,FASI,796,Qualification,Unknown,Boulder_Men
Trial U16 2° prova (B),2024-03-09,FASI,796,Qualification,Unknown,Boulder_Women
Trial nazionale Boulder,2024-03-03,FASI,788,Qualification,Unknown,Boulder_Men
Trial nazionale Boulder,2024-03-03,FASI,788,Qualification,Unknown,Boulder_Women
1. Deutscher Jugendcup (B) 2024 - Düsseldorf,2024-03-02,DIGITALROCK,14351,Final,Onsight,Boulder_Men
1. Deutscher Jugendcup (B) 2024 - Düsseldorf,2024-03-02,DIGITALROCK,14351,Final,Onsight,Boulder_Women
1. Deutscher Jugendcup (B) 2024 - Düsseldorf,2024-03-02,DIGITALROCK,14381,Final,Onsight,Boulder_Women
1. Deutscher Jugendcup (B) 2024 - Düsseldorf,2024-03-02,DIGITALROCK,14381,Final,Onsight,Boulder_Men
ACA Youth BOULDERING Local (C/D) - Trailhead,2024-03-02,CEC,63,Qualification,Flash,Boulder_Women
ACA Youth BOULDERING Local (C/D) - Trailhead,2024-03-02,CEC,63,Qualification,Flash,Boulder_Men
ACA Youth BOULDERING Local (C/D) - Trailhead,2024-03-02,CEC,63,Final,Onsight,Boulder_Women
ACA Youth BOULDERING Local (C/D) - Trailhead,2024-03-02,CEC,63,Final,Onsight,Boulder_Men
Sicilia 2° prova di qualifica U14 U20. campionato Regionale (B),2024-03-02,FASI,782,Qualification,Flash,Boulder_Women
Sicilia 2° prova di qualifica U14 U20. campionato Regionale (B),2024-03-02,FASI,782,Qualification,Flash,Boulder_Men
Sicilia 2° prova di qualifica U14 U20. campionato Regionale (B),2024-03-02,FASI,782,Final,Onsight,Boulder_Women
Sicilia 2° prova di qualifica U14 U20. campionato Regionale (B),2024-03-02,FASI,782,Final,Onsight,Boulder_Men
ACA Youth BOULDERING Local (Jr/A/B) - Blocs,2024-02-24,CEC,62,Qualification,Flash,Boulder_Men
ACA Youth BOULDERING Local (Jr/A/B) - Blocs,2024-02-24,CEC,62,Qualification,Flash,Boulder_Women
ACA Youth BOULDERING Local (Jr/A/B) - Blocs,2024-02-24,CEC,62,Final,Onsight,Boulder_Men
ACA Youth BOULDERING Local (Jr/A/B) - Blocs,2024-02-24,CEC,62,Final,Onsight,Boulder_Women
Coppa Italia 2° prova (B),2024-02-24,FASI,725,Qualification,Unknown,Boulder_Men
Coppa Italia 2° prova (B),2024-02-24,FASI,725,Qualification,Unknown,Boulder_Women
Coppa Italia 2° prova (B),2024-02-24,FASI,725,Semi-final,Unknown,Boulder_Men
Coppa Italia 2° prova (B),2024-02-24,FASI,725,Semi-final,Unknown,Boulder_Women
Coppa Italia 2° prova (B),2024-02-24,FASI,725,Final,Unknown,Boulder_Men
Coppa Italia 2° prova (B),2024-02-24,FASI,725,Final,Unknown,Boulder_Women
HP Comp,2024-02-22,CEC,69,Qualification,Flash,Boulder_Men
HP Comp,2024-02-22,CEC,69,Qualification,Flash,Boulder_Women
FVG 3° prova di qualifica U18-20 Senior (B),2024-02-18,FASI,770,Qualification,Unknown,Boulder_Men
FVG 3° prova di qualifica U18-20 Senior (B),2024-02-18,FASI,770,Qualification,Unknown,Boulder_Women
FVG 3° prova di qualifica U18-20 Senior (B),2024-02-18,FASI,770,Final,Unknown,Boulder_Men
FVG 3° prova di qualifica U18-20 Senior (B),2024-02-18,FASI,770,Final,Unknown,Boulder_Women
Coppa Italia 1° prova (B),2024-02-10,FASI,723,Qualification,Unknown,Boulder_Men
Coppa Italia 1° prova (B),2024-02-10,FASI,723,Qualification,Unknown,Boulder_Women
Coppa Italia 1° prova (B),2024-02-10,FASI,723,Semi-final,Unknown,Boulder_Men
Coppa Italia 1° prova (B),2024-02-10,FASI,723,Semi-final,Unknown,Boulder_Women
Coppa Italia 1° prova (B),2024-02-10,FASI,723,Final,Unknown,Boulder_Men
Coppa Italia 1° prova (B),2024-02-10,FASI,723,Final,Unknown,Boulder_Women
Abruzzo-Molise 3° prova di qualifica U20 Senior (B),2024-02-04,FASI,759,Qualification,Flash,Boulder_Women
Abruzzo-Molise 3° prova di qualifica U20 Senior (B),2024-02-04,FASI,759,Qualification,Flash,Boulder_Men
Abruzzo-Molise 3° prova di qualifica U20 Senior (B),2024-02-04,FASI,759,Final,Onsight,Boulder_Women
Abruzzo-Molise 3° prova di qualifica U20 Senior (B),2024-02-04,FASI,759,Final,Onsight,Boulder_Men
Lazio 3ª prova di qualifica U20 - 2ª prova Senior (B),2024-02-04,FASI,750,Qualification,Flash,Boulder_Women
Lazio 3ª prova di qualifica U20 - 2ª prova Senior (B),2024-02-04,FASI,750,Qualification,Flash,Boulder_Men
Lazio 3ª prova di qualifica U20 - 2ª prova Senior (B),2024-02-04,FASI,750,Final,Onsight,Boulder_Women
Lazio 3ª prova di qualifica U20 - 2ª prova Senior (B),2024-02-04,FASI,750,Final,Onsight,Boulder_Men
Marche 2° prova di qualifica U20 Senior (B),2024-02-04,FASI,749,Qualification,Flash,Boulder_Women
Marche 2° prova di qualifica U20 Senior (B),2024-02-04,FASI,749,Qualification,Flash,Boulder_Men
Marche 2° prova di qualifica U20 Senior (B),2024-02-04,FASI,749,Final,Onsight,Boulder_Women
Marche 2° prova di qualifica U20 Senior (B),2024-02-04,FASI,749,Final,Onsight,Boulder_Men
Piemonte Campionato Regionale 2° prova (B),2024-02-04,FASI,747,Qualification,Unknown,Boulder_Women
Piemonte Campionato Regionale 2° prova (B),2024-02-04,FASI,747,Qualification,Unknown,Boulder_Men
Piemonte Campionato Regionale 2° prova (B),2024-02-04,FASI,747,Final,Unknown,Boulder_Women
Piemonte Campionato Regionale 2° prova (B),2024-02-04,FASI,747,Final,Unknown,Boulder_Men
Sardegna 2° prova di qualifica U20 Senior (B),2024-02-04,FASI,760,Qualification,Flash,Boulder_Women
Sardegna 2° prova di qualifica U20 Senior (B),2024-02-04,FASI,760,Qualification,Flash,Boulder_Men
Sardegna 2° prova di qualifica U20 Senior (B),2024-02-04,FASI,760,Final,Onsight,Boulder_Women
Sardegna 2° prova di qualifica U20 Senior (B),2024-02-04,FASI,760,Final,Onsight,Boulder_Men
Valle d'Aosta Campionato Regionale 2° Prova (B),2024-02-04,FASI,762,Qualification,Unknown,Boulder_Women
Valle d'Aosta Campionato Regionale 2° Prova (B),2024-02-04,FASI,762,Qualification,Unknown,Boulder_Men
Veneto 2° prova di qualifica U20 Senior (B),2024-02-04,FASI,746,Qualification,Flash,Boulder_Women
Veneto 2° prova di qualifica U20 Senior (B),2024-02-04,FASI,746,Qualification,Flash,Boulder_Men
Veneto 2° prova di qualifica U20 Senior (B),2024-02-04,FASI,746,Final,Onsight,Boulder_Women
Veneto 2° prova di qualifica U20 Senior (B),2024-02-04,FASI,746,Final,Onsight,Boulder_Men
Offene Hessische Bouldermeisterschaft Kassel,2024-02-03,DIGITALROCK,14021,Final,Onsight,Boulder_Women
Offene Hessische Bouldermeisterschaft Kassel,2024-02-03,DIGITALROCK,14021,Final,Onsight,Boulder_Men
Qualifikationslehrgang Jugend B Bouldern - Kletterhalle Freimann/ Sektion USC,2024-02-03,DIGITALROCK,14271,Final,Onsight,Boulder_Women
Qualifikationslehrgang Jugend B Bouldern - Kletterhalle Freimann/ Sektion USC,2024-02-03,DIGITALROCK,14271,Final,Onsight,Boulder_Men
TAA Campionato Regionale (B),2024-02-03,FASI,741,Qualification,Unknown,Boulder_Women
TAA Campionato Regionale (B),2024-02-03,FASI,741,Qualification,Unknown,Boulder_Men
TAA Campionato Regionale (B),2024-02-03,FASI,741,Final,Unknown,Boulder_Women
TAA Campionato Regionale (B),2024-02-03,FASI,741,Final,Unknown,Boulder_Men
Liguria Campionato Regionale 3° prova (B),2024-01-28,FASI,721,Qualification,Unknown,Boulder_Women
Liguria Campionato Regionale 3° prova (B),2024-01-28,FASI,721,Qualification,Unknown,Boulder_Men
Liguria Campionato Regionale 3° prova (B),2024-01-28,FASI,721,Final,Unknown,Boulder_Women
Liguria Campionato Regionale 3° prova (B),2024-01-28,FASI,721,Final,Unknown,Boulder_Men
Marche 1° prova di qualifica U14 U20 Senior(B),2024-01-27,FASI,716,Qualification,Flash,Boulder_Women
Marche 1° prova di qualifica U14 U20 Senior(B),2024-01-27,FASI,716,Qualification,Flash,Boulder_Men
Marche 1° prova di qualifica U14 U20 Senior(B),2024-01-27,FASI,716,Final,Onsight,Boulder_Women
Marche 1° prova di qualifica U14 U20 Senior(B),2024-01-27,FASI,716,Final,Onsight,Boulder_Men
Lazio 2ª prova di qualifica U16/18/20 - 1ª prova Senior  (B),2024-01-21,FASI,707,Qualification,Unknown,Boulder_Women
Lazio 2ª prova di qualifica U16/18/20 - 1ª prova Senior  (B),2024-01-21,FASI,707,Qualification,Unknown,Boulder_Men
Lazio 2ª prova di qualifica U16/18/20 - 1ª prova Senior  (B),2024-01-21,FASI,707,Final,Unknown,Boulder_Women
Lazio 2ª prova di qualifica U16/18/20 - 1ª prova Senior  (B),2024-01-21,FASI,707,Final,Unknown,Boulder_Men
Lombardia Campionato Regionale 2° prova (B),2024-01-21,FASI,715,Qualification,Unknown,Boulder_Women
Lombardia Campionato Regionale 2° prova (B),2024-01-21,FASI,715,Qualification,Unknown,Boulder_Men
Lombardia Campionato Regionale 2° prova (B),2024-01-21,FASI,715,Final,Unknown,Boulder_Women
Lombardia Campionato Regionale 2° prova (B),2024-01-21,FASI,715,Final,Unknown,Boulder_Men
Macro NO 1° prova di qualifica U18-20 Senior 1° prova (B),2024-01-21,FASI,713,Qualification,Unknown,Boulder_Women
Macro NO 1° prova di qualifica U18-20 Senior 1° prova (B),2024-01-21,FASI,713,Qualification,Unknown,Boulder_Men
Macro NO 1° prova di qualifica U18-20 Senior 1° prova (B),2024-01-21,FASI,713,Final,Unknown,Boulder_Women
Macro NO 1° prova di qualifica U18-20 Senior 1° prova (B),2024-01-21,FASI,713,Final,Unknown,Boulder_Men
Toscana 3° prova di qualifica U20 Senior (B),2024-01-21,FASI,712,Qualification,Flash,Boulder_Women
Toscana 3° prova di qualifica U20 Senior (B),2024-01-21,FASI,712,Qualification,Flash,Boulder_Men
Toscana 3° prova di qualifica U20 Senior (B),2024-01-21,FASI,712,Final,Onsight,Boulder_Women
Toscana 3° prova di qualifica U20 Senior (B),2024-01-21,FASI,712,Final,Onsight,Boulder_Men
Valle d'Aosta Campionato Regionale 1° Prova (B),2024-01-21,FASI,761,Qualification,Unknown,Boulder_Women
Valle d'Aosta Campionato Regionale 1° Prova (B),2024-01-21,FASI,761,Qualification,Unknown,Boulder_Men
ACA Youth BOULDERING Local (C/D) (pilot for A/B) - Coulee,2024-01-20,CEC,60,Final,Onsight,Boulder_Women
ACA Youth BOULDERING Local (C/D) (pilot for A/B) - Coulee,2024-01-20,CEC,60,Final,Onsight,Boulder_Men
Hidden TEST Event (VL),2024-01-20,CEC,68,Final,Unknown,Boulder_Men
FVG 1° prova di qualifica U16-20 Senior (B),2024-01-06,FASI,701,Qualification,Unknown,Boulder_Women
FVG 1° prova di qualifica U16-20 Senior (B),2024-01-06,FASI,701,Qualification,Unknown,Boulder_Men
FVG 1° prova di qualifica U16-20 Senior (B),2024-01-06,FASI,701,Final,Unknown,Boulder_Women
FVG 1° prova di qualifica U16-20 Senior (B),2024-01-06,FASI,701,Final,Unknown,Boulder_Men
Liguria Campionato Regionale 2° prova (B),2024-01-02,FASI,698,Qualification,Unknown,Boulder_Women
Liguria Campionato Regionale 2° prova (B),2024-01-02,FASI,698,Qualification,Unknown,Boulder_Men
Liguria Campionato Regionale 2° prova (B),2024-01-02,FASI,698,Final,Unknown,Boulder_Women
Liguria Campionato Regionale 2° prova (B),2024-01-02,FASI,698,Final,Unknown,Boulder_Men
Toscana 2° prova di qualifica U14 U20  Senior (B),2024-01-02,FASI,691,Qualification,Flash,Boulder_Women
Toscana 2° prova di qualifica U14 U20  Senior (B),2024-01-02,FASI,691,Qualification,Flash,Boulder_Men
Toscana 2° prova di qualifica U14 U20  Senior (B),2024-01-02,FASI,691,Final,Onsight,Boulder_Women
Toscana 2° prova di qualifica U14 U20  Senior (B),2024-01-02,FASI,691,Final,Onsight,Boulder_Men
Abruzzo-Molise 1° prova di qualifica U12-U20 Senior(B),2024-01-01,FASI,685,Qualification,Flash,Boulder_Women
Abruzzo-Molise 1° prova di qualifica U12-U20 Senior(B),2024-01-01,FASI,685,Qualification,Flash,Boulder_Men
Abruzzo-Molise 1° prova di qualifica U12-U20 Senior(B),2024-01-01,FASI,685,Final,Onsight,Boulder_Women
Abruzzo-Molise 1° prova di qualifica U12-U20 Senior(B),2024-01-01,FASI,685,Final,Onsight,Boulder_Men
Liguria Campionato Regionale 1° prova (B),2024-01-01,FASI,672,Qualification,Unknown,Boulder_Women
Liguria Campionato Regionale 1° prova (B),2024-01-01,FASI,672,Qualification,Unknown,Boulder_Men
Liguria Campionato Regionale 1° prova (B),2024-01-01,FASI,672,Final,Unknown,Boulder_Women
Liguria Campionato Regionale 1° prova (B),2024-01-01,FASI,672,Final,Unknown,Boulder_Men
Lombardia Campionato Regionale 1° prova (B),2024-01-01,FASI,654,Qualification,Unknown,Boulder_Women
Lombardia Campionato Regionale 1° prova (B),2024-01-01,FASI,654,Qualification,Unknown,Boulder_Men
Lombardia Campionato Regionale 1° prova (B),2024-01-01,FASI,654,Final,Unknown,Boulder_Women
Lombardia Campionato Regionale 1° prova (B),2024-01-01,FASI,654,Final,Unknown,Boulder_Men
Sardegna Campionato Regionale 1° prova (B),2024-01-01,FASI,686,Qualification,Unknown,Boulder_Women
Sardegna Campionato Regionale 1° prova (B),2024-01-01,FASI,686,Qualification,Unknown,Boulder_Men
Sardegna Campionato Regionale 1° prova (B),2024-01-01,FASI,686,Final,Unknown,Boulder_Women
Sardegna Campionato Regionale 1° prova (B),2024-01-01,FASI,686,Final,Unknown,Boulder_Men
Toscana 1° prova di qualifica U14 U20 Senior (B),2024-01-01,FASI,665,Qualification,Flash,Boulder_Women
Toscana 1° prova di qualifica U14 U20 Senior (B),2024-01-01,FASI,665,Qualification,Flash,Boulder_Men
Toscana 1° prova di qualifica U14 U20 Senior (B),2024-01-01,FASI,665,Final,Onsight,Boulder_Women
Toscana 1° prova di qualifica U14 U20 Senior (B),2024-01-01,FASI,665,Final,Onsight,Boulder_Men
Abruzzo-Molise 1° prova di qualifica U20 Senior (B),2023-12-23,FASI,693,Qualification,Flash,Boulder_Women
Abruzzo-Molise 1° prova di qualifica U20 Senior (B),2023-12-23,FASI,693,Qualification,Flash,Boulder_Men
Abruzzo-Molise 1° prova di qualifica U20 Senior (B),2023-12-23,FASI,693,Final,Onsight,Boulder_Women
Abruzzo-Molise 1° prova di qualifica U20 Senior (B),2023-12-23,FASI,693,Final,Onsight,Boulder_Men
Lazio 1ª prova U14/16/18/20  (B),2023-12-17,FASI,689,Qualification,Unknown,Boulder_Women
Lazio 1ª prova U14/16/18/20  (B),2023-12-17,FASI,689,Qualification,Unknown,Boulder_Men
Lazio 1ª prova U14/16/18/20  (B),2023-12-17,FASI,689,Final,Unknown,Boulder_Women
Lazio 1ª prova U14/16/18/20  (B),2023-12-17,FASI,689,Final,Unknown,Boulder_Men
Liguria campionato regionale 2° prova (B),2023-12-17,FASI,696,Qualification,Unknown,Boulder_Women
Liguria campionato regionale 2° prova (B),2023-12-17,FASI,696,Qualification,Unknown,Boulder_Men
Liguria campionato regionale 2° prova (B),2023-12-17,FASI,696,Final,Unknown,Boulder_Women
Liguria campionato regionale 2° prova (B),2023-12-17,FASI,696,Final,Unknown,Boulder_Men
IFSC South American Cup Mar del Plata 2023,2023-12-15,IFSC,1347,Qualification,Onsight,Boulder_Men
IFSC South American Cup Mar del Plata 2023,2023-12-15,IFSC,1347,Qualification,Onsight,Boulder_Women
IFSC South American Cup Mar del Plata 2023,2023-12-15,IFSC,1347,Semi-final,Onsight,Boulder_Men
IFSC South American Cup Mar del Plata 2023,2023-12-15,IFSC,1347,Semi-final,Onsight,Boulder_Women
IFSC South American Cup Mar del Plata 2023,2023-12-15,IFSC,1347,Final,Onsight,Boulder_Men
IFSC South American Cup Mar del Plata 2023,2023-12-15,IFSC,1347,Final,Onsight,Boulder_Women
IFSC Asian Cup Riyadh 2023,2023-12-12,IFSC,1344,Qualification,Onsight,Boulder_Men
IFSC Asian Cup Riyadh 2023,2023-12-12,IFSC,1344,Qualification,Onsight,Boulder_Women
IFSC Asian Cup Riyadh 2023,2023-12-12,IFSC,1344,Semi-final,Onsight,Boulder_Men
IFSC Asian Cup Riyadh 2023,2023-12-12,IFSC,1344,Semi-final,Onsight,Boulder_Women
IFSC Asian Cup Riyadh 2023,2023-12-12,IFSC,1344,Final,Onsight,Boulder_Men
IFSC Asian Cup Riyadh 2023,2023-12-12,IFSC,1344,Final,Onsight,Boulder_Women
ACA Youth BOULDERING Local (Jr/A/B),2023-12-09,CEC,58,Qualification,Flash,Boulder_Men
ACA Youth BOULDERING Local (Jr/A/B),2023-12-09,CEC,58,Qualification,Flash,Boulder_Women
ACA Youth BOULDERING Local (Jr/A/B),2023-12-09,CEC,58,Final,Onsight,Boulder_Men
ACA Youth BOULDERING Local (Jr/A/B),2023-12-09,CEC,58,Final,Onsight,Boulder_Women
Basilicata 4° prova Campionato Regionale (B),2023-12-03,FASI,681,Qualification,Unknown,Boulder_Women
Basilicata 4° prova Campionato Regionale (B),2023-12-03,FASI,681,Qualification,Unknown,Boulder_Men
Macro Sud 4° prova Campionato Regionale (B),2023-12-03,FASI,679,Qualification,Unknown,Boulder_Women
Macro Sud 4° prova Campionato Regionale (B),2023-12-03,FASI,679,Qualification,Unknown,Boulder_Men
Macro Sud 4° prova Campionato Regionale (B),2023-12-03,FASI,679,Final,Unknown,Boulder_Women
Macro Sud 4° prova Campionato Regionale (B),2023-12-03,FASI,679,Final,Unknown,Boulder_Men
Puglia 4°prova Campionato Regionale (B),2023-12-03,FASI,682,Qualification,Unknown,Boulder_Women
Puglia 4°prova Campionato Regionale (B),2023-12-03,FASI,682,Qualification,Unknown,Boulder_Men
Puglia 4°prova Campionato Regionale (B),2023-12-03,FASI,682,Final,Unknown,Boulder_Men
Puglia 4°prova Campionato Regionale (B),2023-12-03,FASI,682,Final,Unknown,Boulder_Women
Toscana 2° prova di qualifica U20 Senior (B),2023-12-03,FASI,677,Qualification,Flash,Boulder_Women
Toscana 2° prova di qualifica U20 Senior (B),2023-12-03,FASI,677,Qualification,Flash,Boulder_Men
Toscana 2° prova di qualifica U20 Senior (B),2023-12-03,FASI,677,Final,Onsight,Boulder_Women
Toscana 2° prova di qualifica U20 Senior (B),2023-12-03,FASI,677,Final,Onsight,Boulder_Men
IFSC South American Cup Curitiba 2023,2023-12-01,IFSC,1346,Qualification,Onsight,Boulder_Men
IFSC South American Cup Curitiba 2023,2023-12-01,IFSC,1346,Qualification,Onsight,Boulder_Women
IFSC South American Cup Curitiba 2023,2023-12-01,IFSC,1346,Semi-final,Onsight,Boulder_Men
IFSC South American Cup Curitiba 2023,2023-12-01,IFSC,1346,Semi-final,Onsight,Boulder_Women
IFSC South American Cup Curitiba 2023,2023-12-01,IFSC,1346,Final,Onsight,Boulder_Men
IFSC South American Cup Curitiba 2023,2023-12-01,IFSC,1346,Final,Onsight,Boulder_Women
Emilia Romagna Campionato Regionale  3° prova (B),2023-11-26,FASI,669,Qualification,Unknown,Boulder_Men
Emilia Romagna Campionato Regionale  3° prova (B),2023-11-26,FASI,669,Qualification,Unknown,Boulder_Women
Emilia Romagna Campionato Regionale  3° prova (B),2023-11-26,FASI,669,Final,Unknown,Boulder_Men
Emilia Romagna Campionato Regionale  3° prova (B),2023-11-26,FASI,669,Final,Unknown,Boulder_Women
Sardegna Campionato Regionale 1° prova (B),2023-11-26,FASI,670,Qualification,Unknown,Boulder_Women
Sardegna Campionato Regionale 1° prova (B),2023-11-26,FASI,670,Qualification,Unknown,Boulder_Men
Sardegna Campionato Regionale 1° prova (B),2023-11-26,FASI,670,Final,Unknown,Boulder_Women
Sardegna Campionato Regionale 1° prova (B),2023-11-26,FASI,670,Final,Unknown,Boulder_Men
2023/24 Open Boulder and Lead Nationals,2023-11-23,CEC,55,Qualification,Flash,Boulder_Men
2023/24 Open Boulder and Lead Nationals,2023-11-23,CEC,55,Qualification,Flash,Boulder_Women
2023/24 Open Boulder and Lead Nationals,2023-11-23,CEC,55,Semi-final,Unknown,Boulder_Men
2023/24 Open Boulder and Lead Nationals,2023-11-23,CEC,55,Semi-final,Unknown,Boulder_Women
2023/24 Open Boulder and Lead Nationals,2023-11-23,CEC,55,Final,Unknown,Boulder_Men
2023/24 Open Boulder and Lead Nationals,2023-11-23,CEC,55,Final,Unknown,Boulder_Women
NEOM IFSC Masters 2023,2023-11-22,IFSC,1351,Semi-final,Onsight,Boulder_Men
NEOM IFSC Masters 2023,2023-11-22,IFSC,1351,Semi-final,Onsight,Boulder_Women
NEOM IFSC Masters 2023,2023-11-22,IFSC,1351,Final,Onsight,Boulder_Men
NEOM IFSC Masters 2023,2023-11-22,IFSC,1351,Final,Onsight,Boulder_Women
Liguria campionato regionale 1° prova (B),2023-11-19,FASI,661,Qualification,Unknown,Boulder_Women
Liguria campionato regionale 1° prova (B),2023-11-19,FASI,661,Qualification,Unknown,Boulder_Men
Liguria campionato regionale 1° prova (B),2023-11-19,FASI,661,Final,Unknown,Boulder_Women
Liguria campionato regionale 1° prova (B),2023-11-19,FASI,661,Final,Unknown,Boulder_Men
Zürcher Klettermeisterschaft 2023 (Boulder) - Minimum Zürich - new date!,2023-11-18,SAC-CAS,777,Final,Unknown,Boulder_Women
Zürcher Klettermeisterschaft 2023 (Boulder) - Minimum Zürich - new date!,2023-11-18,SAC-CAS,777,Final,Unknown,Boulder_Men
Toscana 1° prova di qualifica U20 Senior (B),2023-11-12,FASI,653,Qualification,Flash,Boulder_Women
Toscana 1° prova di qualifica U20 Senior (B),2023-11-12,FASI,653,Qualification,Flash,Boulder_Men
Toscana 1° prova di qualifica U20 Senior (B),2023-11-12,FASI,653,Final,Onsight,Boulder_Women
Toscana 1° prova di qualifica U20 Senior (B),2023-11-12,FASI,653,Final,Onsight,Boulder_Men
Campeonato España Bloque y Velocidad 2023 - Cáceres,2023-11-11,FEDME,18,Final,Unknown,Boulder_Men
Campeonato España Bloque y Velocidad 2023 - Cáceres,2023-11-11,FEDME,18,Final,Unknown,Boulder_Women
Campeonato España Bloque y Velocidad 2023 - Cáceres,2023-11-11,FEDME,18,Clasificatoria,Unknown,Boulder_Men
Campeonato España Bloque y Velocidad 2023 - Cáceres,2023-11-11,FEDME,18,Clasificatoria,Unknown,Boulder_Women
Emilia Romagna Campionato Regionale 2° prova (B),2023-11-05,FASI,650,Qualification,Unknown,Boulder_Men
Emilia Romagna Campionato Regionale 2° prova (B),2023-11-05,FASI,650,Qualification,Unknown,Boulder_Women
Emilia Romagna Campionato Regionale 2° prova (B),2023-11-05,FASI,650,Final,Unknown,Boulder_Men
Emilia Romagna Campionato Regionale 2° prova (B),2023-11-05,FASI,650,Final,Unknown,Boulder_Women
Lombardia Campionato Regionale 1° prova (B),2023-11-05,FASI,651,Qualification,Unknown,Boulder_Women
Lombardia Campionato Regionale 1° prova (B),2023-11-05,FASI,651,Qualification,Unknown,Boulder_Men
Lombardia Campionato Regionale 1° prova (B),2023-11-05,FASI,651,Final,Unknown,Boulder_Women
Lombardia Campionato Regionale 1° prova (B),2023-11-05,FASI,651,Final,Unknown,Boulder_Men
Open Boulder Provincials,2023-11-05,CEC,56,Qualification,Flash,Boulder_Men
Open Boulder Provincials,2023-11-05,CEC,56,Qualification,Flash,Boulder_Women
Open Boulder Provincials,2023-11-05,CEC,56,Final,Onsight,Boulder_Men
Open Boulder Provincials,2023-11-05,CEC,56,Final,Onsight,Boulder_Women
Norddeutsche Jugendmeisterschaft Bouldern in der Tabakfabrik in Bremen,2023-11-04,DIGITALROCK,13361,Final,Onsight,Boulder_Women
Norddeutsche Jugendmeisterschaft Bouldern in der Tabakfabrik in Bremen,2023-11-04,DIGITALROCK,13361,Final,Onsight,Boulder_Men
Emilia Romagna Campionato Regionale 1° prova (B),2023-10-22,FASI,648,Qualification,Unknown,Boulder_Men
Emilia Romagna Campionato Regionale 1° prova (B),2023-10-22,FASI,648,Qualification,Unknown,Boulder_Women
Emilia Romagna Campionato Regionale 1° prova (B),2023-10-22,FASI,648,Final,Unknown,Boulder_Men
Emilia Romagna Campionato Regionale 1° prova (B),2023-10-22,FASI,648,Final,Unknown,Boulder_Women
"IFSC Asia - Continental Youth Championships (B, S, L, B&L) - Chongqing (CHN) 2023",2023-10-18,IFSC,1349,Qualification,Flash,Boulder_Men
"IFSC Asia - Continental Youth Championships (B, S, L, B&L) - Chongqing (CHN) 2023",2023-10-18,IFSC,1349,Qualification,Flash,Boulder_Women
"IFSC Asia - Continental Youth Championships (B, S, L, B&L) - Chongqing (CHN) 2023",2023-10-18,IFSC,1349,Final,Onsight,Boulder_Men
"IFSC Asia - Continental Youth Championships (B, S, L, B&L) - Chongqing (CHN) 2023",2023-10-18,IFSC,1349,Final,Onsight,Boulder_Women
Rose Bloc Championship - Sélection Provincial Sénior de Bloc,2023-10-08,CEC,54,Qualification,Flash,Boulder_Women
Rose Bloc Championship - Sélection Provincial Sénior de Bloc,2023-10-08,CEC,54,Qualification,Flash,Boulder_Men
Rose Bloc Championship - Sélection Provincial Sénior de Bloc,2023-10-08,CEC,54,Semi-final,Unknown,Boulder_Women
Rose Bloc Championship - Sélection Provincial Sénior de Bloc,2023-10-08,CEC,54,Semi-final,Unknown,Boulder_Men
Rose Bloc Championship - Sélection Provincial Sénior de Bloc,2023-10-08,CEC,54,Final,Unknown,Boulder_Women
Rose Bloc Championship - Sélection Provincial Sénior de Bloc,2023-10-08,CEC,54,Final,Unknown,Boulder_Men
Coppa Italia 4° prova (B),2023-09-23,FASI,565,Qualification,Unknown,Boulder_Men
Coppa Italia 4° prova (B),2023-09-23,FASI,565,Qualification,Unknown,Boulder_Women
Coppa Italia 4° prova (B),2023-09-23,FASI,565,Semi-final,Unknown,Boulder_Men
Coppa Italia 4° prova (B),2023-09-23,FASI,565,Semi-final,Unknown,Boulder_Women
Coppa Italia 4° prova (B),2023-09-23,FASI,565,Final,Unknown,Boulder_Men
Coppa Italia 4° prova (B),2023-09-23,FASI,565,Final,Unknown,Boulder_Women
IFSC Youth World Championships Seoul 2023,2023-08-18,IFSC,1304,Qualification,Flash,Boulder_Men
IFSC Youth World Championships Seoul 2023,2023-08-18,IFSC,1304,Qualification,Flash,Boulder_Women
IFSC Youth World Championships Seoul 2023,2023-08-18,IFSC,1304,Semi-final,Onsight,Boulder_Men
IFSC Youth World Championships Seoul 2023,2023-08-18,IFSC,1304,Semi-final,Onsight,Boulder_Women
IFSC Youth World Championships Seoul 2023,2023-08-18,IFSC,1304,Final,Onsight,Boulder_Men
IFSC Youth World Championships Seoul 2023,2023-08-18,IFSC,1304,Final,Onsight,Boulder_Women
IFSC World Championships Bern 2023,2023-08-01,IFSC,1301,Qualification,Onsight,Boulder_Men
IFSC World Championships Bern 2023,2023-08-01,IFSC,1301,Qualification,Onsight,Boulder_Women
IFSC World Championships Bern 2023,2023-08-01,IFSC,1301,Semi-final,Onsight,Boulder_Men
IFSC World Championships Bern 2023,2023-08-01,IFSC,1301,Semi-final,Onsight,Boulder_Women
IFSC World Championships Bern 2023,2023-08-01,IFSC,1301,Final,Onsight,Boulder_Men
IFSC World Championships Bern 2023,2023-08-01,IFSC,1301,Final,Onsight,Boulder_Women
Campionato Italiano (B),2023-07-22,FASI,562,Qualification,Unknown,Boulder_Men
Campionato Italiano (B),2023-07-22,FASI,562,Qualification,Unknown,Boulder_Women
Campionato Italiano (B),2023-07-22,FASI,562,Semi-final,Unknown,Boulder_Men
Campionato Italiano (B),2023-07-22,FASI,562,Semi-final,Unknown,Boulder_Women
Campionato Italiano (B),2023-07-22,FASI,562,Final,Unknown,Boulder_Men
Campionato Italiano (B),2023-07-22,FASI,562,Final,Unknown,Boulder_Women
NACS Bouldering,2023-07-08,CEC,52,Qualification,Flash,Boulder_Men
NACS Bouldering,2023-07-08,CEC,52,Qualification,Flash,Boulder_Women
NACS Bouldering,2023-07-08,CEC,52,Semi-final,Unknown,Boulder_Men
NACS Bouldering,2023-07-08,CEC,52,Semi-final,Unknown,Boulder_Women
NACS Bouldering,2023-07-08,CEC,52,Final,Unknown,Boulder_Men
NACS Bouldering,2023-07-08,CEC,52,Final,Unknown,Boulder_Women
Offene Sächsische Meisterschaft Bouldern,2023-06-17,DIGITALROCK,13741,Final,Onsight,Boulder_Women
Offene Sächsische Meisterschaft Bouldern,2023-06-17,DIGITALROCK,13741,Final,Onsight,Boulder_Men
IFSC World Cup Innsbruck 2023,2023-06-14,IFSC,1297,Qualification,Onsight,Boulder_Men
IFSC World Cup Innsbruck 2023,2023-06-14,IFSC,1297,Qualification,Onsight,Boulder_Women
IFSC World Cup Innsbruck 2023,2023-06-14,IFSC,1297,Semi-final,Onsight,Boulder_Men
IFSC World Cup Innsbruck 2023,2023-06-14,IFSC,1297,Semi-final,Onsight,Boulder_Women
IFSC World Cup Innsbruck 2023,2023-06-14,IFSC,1297,Final,Onsight,Boulder_Men
IFSC World Cup Innsbruck 2023,2023-06-14,IFSC,1297,Final,Onsight,Boulder_Women
IFSC World Cup Brixen 2023,2023-06-09,IFSC,1296,Qualification,Onsight,Boulder_Men
IFSC World Cup Brixen 2023,2023-06-09,IFSC,1296,Qualification,Onsight,Boulder_Women
IFSC World Cup Brixen 2023,2023-06-09,IFSC,1296,Semi-final,Onsight,Boulder_Men
IFSC World Cup Brixen 2023,2023-06-09,IFSC,1296,Semi-final,Onsight,Boulder_Women
IFSC World Cup Brixen 2023,2023-06-09,IFSC,1296,Final,Onsight,Boulder_Men
IFSC World Cup Brixen 2023,2023-06-09,IFSC,1296,Final,Onsight,Boulder_Women
"IFSC Europe - Continental Youth Championship (B,S) - Duisburg (GER) 2023",2023-06-08,IFSC,1329,Qualification,Flash,Boulder_Men
"IFSC Europe - Continental Youth Championship (B,S) - Duisburg (GER) 2023",2023-06-08,IFSC,1329,Qualification,Flash,Boulder_Women
"IFSC Europe - Continental Youth Championship (B,S) - Duisburg (GER) 2023",2023-06-08,IFSC,1329,Semi-final,Onsight,Boulder_Men
"IFSC Europe - Continental Youth Championship (B,S) - Duisburg (GER) 2023",2023-06-08,IFSC,1329,Semi-final,Onsight,Boulder_Women
"IFSC Europe - Continental Youth Championship (B,S) - Duisburg (GER) 2023",2023-06-08,IFSC,1329,Final,Onsight,Boulder_Men
"IFSC Europe - Continental Youth Championship (B,S) - Duisburg (GER) 2023",2023-06-08,IFSC,1329,Final,Onsight,Boulder_Women
Copa España 2023 - 3a Prueba Bloque - 3a Prueba Velocidad - Madrid,2023-06-02,FEDME,13,Final,Unknown,Boulder_Men
Copa España 2023 - 3a Prueba Bloque - 3a Prueba Velocidad - Madrid,2023-06-02,FEDME,13,Final,Unknown,Boulder_Women
Copa España 2023 - 3a Prueba Bloque - 3a Prueba Velocidad - Madrid,2023-06-02,FEDME,13,Clasificatoria,Unknown,Boulder_Men
Copa España 2023 - 3a Prueba Bloque - 3a Prueba Velocidad - Madrid,2023-06-02,FEDME,13,Clasificatoria,Unknown,Boulder_Women
IFSC World Cup Prague 2023,2023-06-02,IFSC,1295,Qualification,Onsight,Boulder_Men
IFSC World Cup Prague 2023,2023-06-02,IFSC,1295,Qualification,Onsight,Boulder_Women
IFSC World Cup Prague 2023,2023-06-02,IFSC,1295,Semi-final,Onsight,Boulder_Men
IFSC World Cup Prague 2023,2023-06-02,IFSC,1295,Semi-final,Onsight,Boulder_Women
IFSC World Cup Prague 2023,2023-06-02,IFSC,1295,Final,Onsight,Boulder_Men
IFSC World Cup Prague 2023,2023-06-02,IFSC,1295,Final,Onsight,Boulder_Women
IFSC European Cup Loverval 2023,2023-05-27,IFSC,1318,Qualification,Onsight,Boulder_Men
IFSC European Cup Loverval 2023,2023-05-27,IFSC,1318,Qualification,Onsight,Boulder_Women
IFSC European Cup Loverval 2023,2023-05-27,IFSC,1318,Semi-final,Onsight,Boulder_Men
IFSC European Cup Loverval 2023,2023-05-27,IFSC,1318,Semi-final,Onsight,Boulder_Women
IFSC European Cup Loverval 2023,2023-05-27,IFSC,1318,Final,Onsight,Boulder_Men
IFSC European Cup Loverval 2023,2023-05-27,IFSC,1318,Final,Onsight,Boulder_Women
Copa España 2023 - 2a Prueba Bloque - 2a Prueba Velocidad - Cuenca,2023-05-20,FEDME,14,Final,Unknown,Boulder_Men
Copa España 2023 - 2a Prueba Bloque - 2a Prueba Velocidad - Cuenca,2023-05-20,FEDME,14,Final,Unknown,Boulder_Women
Copa España 2023 - 2a Prueba Bloque - 2a Prueba Velocidad - Cuenca,2023-05-20,FEDME,14,Clasificatoria,Unknown,Boulder_Men
Copa España 2023 - 2a Prueba Bloque - 2a Prueba Velocidad - Cuenca,2023-05-20,FEDME,14,Clasificatoria,Unknown,Boulder_Women
IFSC World Cup Salt Lake City 2023,2023-05-19,IFSC,1294,Qualification,Onsight,Boulder_Men
IFSC World Cup Salt Lake City 2023,2023-05-19,IFSC,1294,Qualification,Onsight,Boulder_Women
IFSC World Cup Salt Lake City 2023,2023-05-19,IFSC,1294,Semi-final,Onsight,Boulder_Men
IFSC World Cup Salt Lake City 2023,2023-05-19,IFSC,1294,Semi-final,Onsight,Boulder_Women
IFSC World Cup Salt Lake City 2023,2023-05-19,IFSC,1294,Final,Onsight,Boulder_Men
IFSC World Cup Salt Lake City 2023,2023-05-19,IFSC,1294,Final,Onsight,Boulder_Women
Youth Boulder National Championships,2023-05-18,CEC,50,Qualification,Flash,Boulder_Men
Youth Boulder National Championships,2023-05-18,CEC,50,Qualification,Flash,Boulder_Women
Youth Boulder National Championships,2023-05-18,CEC,50,Semi-final,Onsight,Boulder_Men
Youth Boulder National Championships,2023-05-18,CEC,50,Semi-final,Onsight,Boulder_Women
Youth Boulder National Championships,2023-05-18,CEC,50,Final,Onsight,Boulder_Men
Youth Boulder National Championships,2023-05-18,CEC,50,Final,Onsight,Boulder_Women
IFSC European Cup Liébana 2023,2023-05-12,IFSC,1320,Qualification,Onsight,Boulder_Men
IFSC European Cup Liébana 2023,2023-05-12,IFSC,1320,Qualification,Onsight,Boulder_Women
IFSC European Cup Liébana 2023,2023-05-12,IFSC,1320,Semi-final,Onsight,Boulder_Men
IFSC European Cup Liébana 2023,2023-05-12,IFSC,1320,Semi-final,Onsight,Boulder_Women
IFSC European Cup Liébana 2023,2023-05-12,IFSC,1320,Final,Onsight,Boulder_Men
IFSC European Cup Liébana 2023,2023-05-12,IFSC,1320,Final,Onsight,Boulder_Women
Sardegna 10° prova di qualifica U20 Senior (B),2023-05-07,FASI,535,Qualification,Flash,Boulder_Women
Sardegna 10° prova di qualifica U20 Senior (B),2023-05-07,FASI,535,Qualification,Flash,Boulder_Men
Sardegna 10° prova di qualifica U20 Senior (B),2023-05-07,FASI,535,Final,Onsight,Boulder_Women
Sardegna 10° prova di qualifica U20 Senior (B),2023-05-07,FASI,535,Final,Onsight,Boulder_Men
Toscana 4° prova di qualifica U20 Senior (B),2023-05-07,FASI,497,Qualification,Flash,Boulder_Women
Toscana 4° prova di qualifica U20 Senior (B),2023-05-07,FASI,497,Qualification,Flash,Boulder_Men
Toscana 4° prova di qualifica U20 Senior (B),2023-05-07,FASI,497,Final,Onsight,Boulder_Women
Toscana 4° prova di qualifica U20 Senior (B),2023-05-07,FASI,497,Final,Onsight,Boulder_Men
Baden-Württembergischer Jugendcup 23 Bouldern - Tübingen,2023-05-06,DIGITALROCK,13231,Final,Onsight,Boulder_Women
Baden-Württembergischer Jugendcup 23 Bouldern - Tübingen,2023-05-06,DIGITALROCK,13231,Final,Onsight,Boulder_Men
IFSC Europe - Continental Youth Cup (B) - Graz (AUT) 2023,2023-05-05,IFSC,1323,Qualification,Flash,Boulder_Men
IFSC Europe - Continental Youth Cup (B) - Graz (AUT) 2023,2023-05-05,IFSC,1323,Qualification,Flash,Boulder_Women
IFSC Europe - Continental Youth Cup (B) - Graz (AUT) 2023,2023-05-05,IFSC,1323,Final,Onsight,Boulder_Men
IFSC Europe - Continental Youth Cup (B) - Graz (AUT) 2023,2023-05-05,IFSC,1323,Final,Onsight,Boulder_Women
Camp d'entrainement équipe Québec,2023-04-29,CEC,46,Qualification,Flash,Boulder_Women
Camp d'entrainement équipe Québec,2023-04-29,CEC,46,Final,Onsight,Boulder_Women
IFSC Europe - Continental Youth Cup (B) - Kaunas (LTU) 2023,2023-04-28,IFSC,1322,Qualification,Flash,Boulder_Men
IFSC Europe - Continental Youth Cup (B) - Kaunas (LTU) 2023,2023-04-28,IFSC,1322,Qualification,Flash,Boulder_Women
IFSC Europe - Continental Youth Cup (B) - Kaunas (LTU) 2023,2023-04-28,IFSC,1322,Final,Onsight,Boulder_Men
IFSC Europe - Continental Youth Cup (B) - Kaunas (LTU) 2023,2023-04-28,IFSC,1322,Final,Onsight,Boulder_Women
IFSC World Cup Seoul 2023,2023-04-28,IFSC,1292,Qualification,Onsight,Boulder_Men
IFSC World Cup Seoul 2023,2023-04-28,IFSC,1292,Qualification,Onsight,Boulder_Women
IFSC World Cup Seoul 2023,2023-04-28,IFSC,1292,Semi-final,Onsight,Boulder_Men
IFSC World Cup Seoul 2023,2023-04-28,IFSC,1292,Semi-final,Onsight,Boulder_Women
Basilicata Campionato Regionale 3° prova (B),2023-04-23,FASI,630,Qualification,Unknown,Boulder_Women
Basilicata Campionato Regionale 3° prova (B),2023-04-23,FASI,630,Qualification,Unknown,Boulder_Men
Basilicata Campionato Regionale 3° prova (B),2023-04-23,FASI,630,Final,Unknown,Boulder_Women
Campania Campionato Regionale 3° prova (B),2023-04-23,FASI,628,Qualification,Unknown,Boulder_Men
Macro Sud 5° prova di qualifica U20 Campionato Regionale (B),2023-04-23,FASI,626,Qualification,Flash,Boulder_Women
Macro Sud 5° prova di qualifica U20 Campionato Regionale (B),2023-04-23,FASI,626,Qualification,Flash,Boulder_Men
Macro Sud 5° prova di qualifica U20 Campionato Regionale (B),2023-04-23,FASI,626,Final,Onsight,Boulder_Women
Macro Sud 5° prova di qualifica U20 Campionato Regionale (B),2023-04-23,FASI,626,Final,Onsight,Boulder_Men
Offene Berliner Landesmeisterschaften im Bouldern,2023-04-23,DIGITALROCK,13731,Final,Onsight,Boulder_Women
Offene Berliner Landesmeisterschaften im Bouldern,2023-04-23,DIGITALROCK,13731,Final,Onsight,Boulder_Men
Puglia Campionato Regionale 3° prova (B),2023-04-23,FASI,629,Qualification,Unknown,Boulder_Women
Puglia Campionato Regionale 3° prova (B),2023-04-23,FASI,629,Qualification,Unknown,Boulder_Men
Puglia Campionato Regionale 3° prova (B),2023-04-23,FASI,629,Final,Unknown,Boulder_Men
 Bayerische Meisterschaft Bouldern Jugend B und A  - DAV Boulderzentrum Memmingen,2023-04-22,DIGITALROCK,13191,Final,Onsight,Boulder_Men
 Bayerische Meisterschaft Bouldern Jugend B und A  - DAV Boulderzentrum Memmingen,2023-04-22,DIGITALROCK,13191,Final,Onsight,Boulder_Women
East Youth Boulder Regionals,2023-04-22,CEC,45,Qualification,Flash,Boulder_Men
East Youth Boulder Regionals,2023-04-22,CEC,45,Qualification,Flash,Boulder_Women
East Youth Boulder Regionals,2023-04-22,CEC,45,Final,Onsight,Boulder_Men
East Youth Boulder Regionals,2023-04-22,CEC,45,Final,Onsight,Boulder_Women
IFSC Europe - Continental Youth Cup (B) - Soure (POR) 2023,2023-04-22,IFSC,1321,Qualification,Flash,Boulder_Men
IFSC Europe - Continental Youth Cup (B) - Soure (POR) 2023,2023-04-22,IFSC,1321,Qualification,Flash,Boulder_Women
IFSC Europe - Continental Youth Cup (B) - Soure (POR) 2023,2023-04-22,IFSC,1321,Final,Onsight,Boulder_Men
IFSC Europe - Continental Youth Cup (B) - Soure (POR) 2023,2023-04-22,IFSC,1321,Final,Onsight,Boulder_Women
West Youth Boulder Regionals,2023-04-22,CEC,44,Qualification,Flash,Boulder_Men
West Youth Boulder Regionals,2023-04-22,CEC,44,Qualification,Flash,Boulder_Women
West Youth Boulder Regionals,2023-04-22,CEC,44,Final,Onsight,Boulder_Men
West Youth Boulder Regionals,2023-04-22,CEC,44,Final,Onsight,Boulder_Women
IFSC World Cup Hachioji 2023,2023-04-21,IFSC,1291,Qualification,Onsight,Boulder_Men
IFSC World Cup Hachioji 2023,2023-04-21,IFSC,1291,Qualification,Onsight,Boulder_Women
IFSC World Cup Hachioji 2023,2023-04-21,IFSC,1291,Semi-final,Onsight,Boulder_Men
IFSC World Cup Hachioji 2023,2023-04-21,IFSC,1291,Semi-final,Onsight,Boulder_Women
IFSC World Cup Hachioji 2023,2023-04-21,IFSC,1291,Final,Onsight,Boulder_Men
IFSC World Cup Hachioji 2023,2023-04-21,IFSC,1291,Final,Onsight,Boulder_Women
Emilia Romagna Circuito Amatoriale (B),2023-04-17,FASI,624,Qualification,Unknown,Boulder_Women
IFSC European Cup Chambéry 2023,2023-04-07,IFSC,1317,Qualification,Onsight,Boulder_Men
IFSC European Cup Chambéry 2023,2023-04-07,IFSC,1317,Qualification,Onsight,Boulder_Women
IFSC European Cup Chambéry 2023,2023-04-07,IFSC,1317,Semi-final,Onsight,Boulder_Men
IFSC European Cup Chambéry 2023,2023-04-07,IFSC,1317,Semi-final,Onsight,Boulder_Women
IFSC European Cup Chambéry 2023,2023-04-07,IFSC,1317,Final,Onsight,Boulder_Men
IFSC European Cup Chambéry 2023,2023-04-07,IFSC,1317,Final,Onsight,Boulder_Women
Toscana 3° prova di qualifica U20 Senior (B),2023-04-02,FASI,495,Qualification,Flash,Boulder_Women
Toscana 3° prova di qualifica U20 Senior (B),2023-04-02,FASI,495,Qualification,Flash,Boulder_Men
Toscana 3° prova di qualifica U20 Senior (B),2023-04-02,FASI,495,Final,Onsight,Boulder_Women
Toscana 3° prova di qualifica U20 Senior (B),2023-04-02,FASI,495,Final,Onsight,Boulder_Men
Boulder-Schweizermeisterschaften 2023 U18/Elite im Rahmen des SAC Swiss Climbing Cup 2023 (B) - L'Entrepôt Bulle,2023-04-01,SAC-CAS,750,Qualification,Unknown,Boulder_Men
Boulder-Schweizermeisterschaften 2023 U18/Elite im Rahmen des SAC Swiss Climbing Cup 2023 (B) - L'Entrepôt Bulle,2023-04-01,SAC-CAS,750,Qualification,Unknown,Boulder_Women
Boulder-Schweizermeisterschaften 2023 U18/Elite im Rahmen des SAC Swiss Climbing Cup 2023 (B) - L'Entrepôt Bulle,2023-04-01,SAC-CAS,750,Final,Unknown,Boulder_Men
Boulder-Schweizermeisterschaften 2023 U18/Elite im Rahmen des SAC Swiss Climbing Cup 2023 (B) - L'Entrepôt Bulle,2023-04-01,SAC-CAS,750,Final,Unknown,Boulder_Women
"Offene RLP Meisterschaft Bouldern, RockTown Kaiserslautern ",2023-04-01,DIGITALROCK,13271,Final,Onsight,Boulder_Women
"Offene RLP Meisterschaft Bouldern, RockTown Kaiserslautern ",2023-04-01,DIGITALROCK,13271,Final,Onsight,Boulder_Men
Sicilia 3° prova di qualifica U14 U20 Senior (B),2023-04-01,FASI,617,Qualification,Flash,Boulder_Women
Sicilia 3° prova di qualifica U14 U20 Senior (B),2023-04-01,FASI,617,Qualification,Flash,Boulder_Men
Sicilia 3° prova di qualifica U14 U20 Senior (B),2023-04-01,FASI,617,Final,Onsight,Boulder_Women
Sicilia 3° prova di qualifica U14 U20 Senior (B),2023-04-01,FASI,617,Final,Onsight,Boulder_Men
Kids Cup Bouldern Region Oberbayern offen für Schwaben -  DAV Kletterzentrum Ingolstadt ,2023-03-26,DIGITALROCK,13161,Final,Onsight,Boulder_Women
Kids Cup Bouldern Region Oberbayern offen für Schwaben -  DAV Kletterzentrum Ingolstadt ,2023-03-26,DIGITALROCK,13161,Final,Onsight,Boulder_Men
Sardegna 7° prova di qualifica U20 Senior (B),2023-03-26,FASI,532,Qualification,Flash,Boulder_Women
Sardegna 7° prova di qualifica U20 Senior (B),2023-03-26,FASI,532,Qualification,Flash,Boulder_Men
Sardegna 7° prova di qualifica U20 Senior (B),2023-03-26,FASI,532,Final,Onsight,Boulder_Men
Sardegna 7° prova di qualifica U20 Senior (B),2023-03-26,FASI,532,Final,Onsight,Boulder_Women
2. Deutscher Jugendcup (B) 2023 - Bexbach,2023-03-25,DIGITALROCK,13551,Final,Onsight,Boulder_Men
2. Deutscher Jugendcup (B) 2023 - Bexbach,2023-03-25,DIGITALROCK,13551,Final,Onsight,Boulder_Women
2. Deutscher Jugendcup (B) 2023 - Bexbach - Tageswertung Jugend B,2023-03-25,DIGITALROCK,13701,Final,Onsight,Boulder_Women
2. Deutscher Jugendcup (B) 2023 - Bexbach - Tageswertung Jugend B,2023-03-25,DIGITALROCK,13701,Final,Onsight,Boulder_Men
"Championnat (Junior, A, B, C) - Altitude Kanata (Bloc) et Altitude Gatineau (voie)",2023-03-25,CEC,42,Qualification,Flash,Boulder_Women
"Championnat (Junior, A, B, C) - Altitude Kanata (Bloc) et Altitude Gatineau (voie)",2023-03-25,CEC,42,Qualification,Flash,Boulder_Men
"Championnat (Junior, A, B, C) - Altitude Kanata (Bloc) et Altitude Gatineau (voie)",2023-03-25,CEC,42,Final,Onsight,Boulder_Women
"Championnat (Junior, A, B, C) - Altitude Kanata (Bloc) et Altitude Gatineau (voie)",2023-03-25,CEC,42,Final,Onsight,Boulder_Men
Copa España 2023 - 1a Prueba Bloque - 1a Prueba Velocidad - Oviedo,2023-03-25,FEDME,12,Final,Unknown,Boulder_Men
Copa España 2023 - 1a Prueba Bloque - 1a Prueba Velocidad - Oviedo,2023-03-25,FEDME,12,Final,Unknown,Boulder_Women
Copa España 2023 - 1a Prueba Bloque - 1a Prueba Velocidad - Oviedo,2023-03-25,FEDME,12,Clasificatoria,Unknown,Boulder_Men
Copa España 2023 - 1a Prueba Bloque - 1a Prueba Velocidad - Oviedo,2023-03-25,FEDME,12,Clasificatoria,Unknown,Boulder_Women
Coppa Italia 3° prova (B),2023-03-25,FASI,553,Qualification,Unknown,Boulder_Men
Coppa Italia 3° prova (B),2023-03-25,FASI,553,Qualification,Unknown,Boulder_Women
Coppa Italia 3° prova (B),2023-03-25,FASI,553,Semi-final,Unknown,Boulder_Men
Coppa Italia 3° prova (B),2023-03-25,FASI,553,Semi-final,Unknown,Boulder_Women
Coppa Italia 3° prova (B),2023-03-25,FASI,553,Final,Unknown,Boulder_Men
Coppa Italia 3° prova (B),2023-03-25,FASI,553,Final,Unknown,Boulder_Women
Nominierungslehrgang  Bouldern / Jugend B zur Bayerischen Meisterschaft  - Kletterzentrum Ingolstadt,2023-03-25,DIGITALROCK,13181,Final,Onsight,Boulder_Men
Nominierungslehrgang  Bouldern / Jugend B zur Bayerischen Meisterschaft  - Kletterzentrum Ingolstadt,2023-03-25,DIGITALROCK,13181,Final,Onsight,Boulder_Women
Baden-Württembergischer Jugendcup Bouldern - Heilbronn,2023-03-18,DIGITALROCK,13221,Final,Onsight,Boulder_Women
Baden-Württembergischer Jugendcup Bouldern - Heilbronn,2023-03-18,DIGITALROCK,13221,Final,Onsight,Boulder_Men
"SAC Swiss Climbing Cup 2023 (B) - U18/Elite - Minimum Leutsch, Oerlikon",2023-03-18,SAC-CAS,749,Qualification,Unknown,Boulder_Men
"SAC Swiss Climbing Cup 2023 (B) - U18/Elite - Minimum Leutsch, Oerlikon",2023-03-18,SAC-CAS,749,Qualification,Unknown,Boulder_Women
"SAC Swiss Climbing Cup 2023 (B) - U18/Elite - Minimum Leutsch, Oerlikon",2023-03-18,SAC-CAS,749,Final,Unknown,Boulder_Men
"SAC Swiss Climbing Cup 2023 (B) - U18/Elite - Minimum Leutsch, Oerlikon",2023-03-18,SAC-CAS,749,Final,Unknown,Boulder_Women
Kids Cup Bouldern Region Nord-Ost-Bayern offen für Oberbayern - Kletterzentrum Landshut ,2023-03-12,DIGITALROCK,13151,Final,Onsight,Boulder_Women
Kids Cup Bouldern Region Nord-Ost-Bayern offen für Oberbayern - Kletterzentrum Landshut ,2023-03-12,DIGITALROCK,13151,Final,Onsight,Boulder_Men
Coppa Italia 2° prova (B),2023-03-11,FASI,551,Qualification,Unknown,Boulder_Men
Coppa Italia 2° prova (B),2023-03-11,FASI,551,Qualification,Unknown,Boulder_Women
Coppa Italia 2° prova (B),2023-03-11,FASI,551,Semi-final,Unknown,Boulder_Men
Coppa Italia 2° prova (B),2023-03-11,FASI,551,Semi-final,Unknown,Boulder_Women
Coppa Italia 2° prova (B),2023-03-11,FASI,551,Final,Unknown,Boulder_Men
Coppa Italia 2° prova (B),2023-03-11,FASI,551,Final,Unknown,Boulder_Women
Nominierungslehrgang  Bouldern / Jugend B zur Bayerischen Meisterschaft  - Kletterzentrum Landshut,2023-03-11,DIGITALROCK,13171,Final,Onsight,Boulder_Men
Nominierungslehrgang  Bouldern / Jugend B zur Bayerischen Meisterschaft  - Kletterzentrum Landshut,2023-03-11,DIGITALROCK,13171,Final,Onsight,Boulder_Women
Abruzzo-Molise 4° prova di qualifica U20 Senior (B),2023-03-05,FASI,516,Qualification,Flash,Boulder_Women
Abruzzo-Molise 4° prova di qualifica U20 Senior (B),2023-03-05,FASI,516,Qualification,Flash,Boulder_Men
Abruzzo-Molise 4° prova di qualifica U20 Senior (B),2023-03-05,FASI,516,Final,Onsight,Boulder_Women
Abruzzo-Molise 4° prova di qualifica U20 Senior (B),2023-03-05,FASI,516,Final,Onsight,Boulder_Men
1. Deutscher Jugendcup (B) 2023 - Rosenheim,2023-03-04,DIGITALROCK,13541,Final,Onsight,Boulder_Men
1. Deutscher Jugendcup (B) 2023 - Rosenheim,2023-03-04,DIGITALROCK,13541,Final,Onsight,Boulder_Women
Friuli Venezia Giulia 3° prova di qualifica U14 U20 Senior (B),2023-03-04,FASI,522,Qualification,Flash,Boulder_Women
Friuli Venezia Giulia 3° prova di qualifica U14 U20 Senior (B),2023-03-04,FASI,522,Qualification,Flash,Boulder_Men
SAC Swiss Climbing Cup 2023 (B) - U18/Elite - Spinnerei Indoor Ibach,2023-03-04,SAC-CAS,748,Qualification,Unknown,Boulder_Men
SAC Swiss Climbing Cup 2023 (B) - U18/Elite - Spinnerei Indoor Ibach,2023-03-04,SAC-CAS,748,Qualification,Unknown,Boulder_Women
SAC Swiss Climbing Cup 2023 (B) - U18/Elite - Spinnerei Indoor Ibach,2023-03-04,SAC-CAS,748,Final,Unknown,Boulder_Men
SAC Swiss Climbing Cup 2023 (B) - U18/Elite - Spinnerei Indoor Ibach,2023-03-04,SAC-CAS,748,Final,Unknown,Boulder_Women
2023 National Team Trials,2023-02-28,USAC,2,Qualification,Unknown,Boulder_Men
2023 National Team Trials,2023-02-28,USAC,2,Qualification,Unknown,Boulder_Women
2023 National Team Trials,2023-02-28,USAC,2,Semi-final,Unknown,Boulder_Men
2023 National Team Trials,2023-02-28,USAC,2,Semi-final,Unknown,Boulder_Women
2023 National Team Trials,2023-02-28,USAC,2,Final,Unknown,Boulder_Men
2023 National Team Trials,2023-02-28,USAC,2,Final,Unknown,Boulder_Women
Coppa Italia 1° prova (B),2023-02-25,FASI,550,Qualification,Unknown,Boulder_Men
Coppa Italia 1° prova (B),2023-02-25,FASI,550,Qualification,Unknown,Boulder_Women
Coppa Italia 1° prova (B),2023-02-25,FASI,550,Semi-final,Unknown,Boulder_Men
Coppa Italia 1° prova (B),2023-02-25,FASI,550,Semi-final,Unknown,Boulder_Women
Coppa Italia 1° prova (B),2023-02-25,FASI,550,Final,Unknown,Boulder_Men
Coppa Italia 1° prova (B),2023-02-25,FASI,550,Final,Unknown,Boulder_Women
offene NRW-Landesmeisterschaft Bouldern 2023 | Düsseldorf,2023-02-25,DIGITALROCK,13101,Final,Onsight,Boulder_Women
offene NRW-Landesmeisterschaft Bouldern 2023 | Düsseldorf,2023-02-25,DIGITALROCK,13101,Final,Onsight,Boulder_Men
Marche Umbria 3° prova di qualifica U14-U20 Senior (B),2023-02-19,FASI,583,Qualification,Flash,Boulder_Women
Marche Umbria 3° prova di qualifica U14-U20 Senior (B),2023-02-19,FASI,583,Qualification,Flash,Boulder_Men
Marche Umbria 3° prova di qualifica U14-U20 Senior (B),2023-02-19,FASI,583,Final,Onsight,Boulder_Women
Marche Umbria 3° prova di qualifica U14-U20 Senior (B),2023-02-19,FASI,583,Final,Onsight,Boulder_Men
Sardegna Campionato regionale (B),2023-02-19,FASI,530,Qualification,Unknown,Boulder_Women
Sardegna Campionato regionale (B),2023-02-19,FASI,530,Qualification,Unknown,Boulder_Men
Sardegna Campionato regionale (B),2023-02-19,FASI,530,Final,Unknown,Boulder_Women
Sardegna Campionato regionale (B),2023-02-19,FASI,530,Final,Unknown,Boulder_Men
Liguria Campionato Regionale 2° prova (B),2023-02-18,FASI,568,Qualification,Unknown,Boulder_Women
Liguria Campionato Regionale 2° prova (B),2023-02-18,FASI,568,Qualification,Unknown,Boulder_Men
Liguria Campionato Regionale 2° prova (B),2023-02-18,FASI,568,Final,Unknown,Boulder_Women
Liguria Campionato Regionale 2° prova (B),2023-02-18,FASI,568,Final,Unknown,Boulder_Men
Abruzzo-Molise 3° prova di qualifica U20 Senior (B),2023-02-12,FASI,514,Qualification,Flash,Boulder_Women
Abruzzo-Molise 3° prova di qualifica U20 Senior (B),2023-02-12,FASI,514,Qualification,Flash,Boulder_Men
Abruzzo-Molise 3° prova di qualifica U20 Senior (B),2023-02-12,FASI,514,Final,Onsight,Boulder_Women
Abruzzo-Molise 3° prova di qualifica U20 Senior (B),2023-02-12,FASI,514,Final,Onsight,Boulder_Men
Basilicata Campionato Regionale 2° prova (B),2023-02-12,FASI,593,Qualification,Unknown,Boulder_Women
Basilicata Campionato Regionale 2° prova (B),2023-02-12,FASI,593,Qualification,Unknown,Boulder_Men
Campania Campionato Regionale 2° prova (B),2023-02-12,FASI,594,Qualification,Unknown,Boulder_Men
Division 1 - Juvénile C - Bloc #2 - Campus (église),2023-02-12,CEC,37,Qualification,Flash,Boulder_Women
Division 1 - Juvénile C - Bloc #2 - Campus (église),2023-02-12,CEC,37,Qualification,Flash,Boulder_Men
Lazio 2° Prova di qualifica U20/SENIOR (B),2023-02-12,FASI,588,Qualification,Flash,Boulder_Men
Lazio 2° Prova di qualifica U20/SENIOR (B),2023-02-12,FASI,588,Qualification,Flash,Boulder_Women
Lazio 2° Prova di qualifica U20/SENIOR (B),2023-02-12,FASI,588,Final,Onsight,Boulder_Women
Lazio 2° Prova di qualifica U20/SENIOR (B),2023-02-12,FASI,588,Final,Onsight,Boulder_Men
Macro Sud 2° prova di qualifica U14 U20 Senior (B),2023-02-12,FASI,587,Qualification,Flash,Boulder_Women
Macro Sud 2° prova di qualifica U14 U20 Senior (B),2023-02-12,FASI,587,Qualification,Flash,Boulder_Men
Piemonte - Valle d'Aosta Campionato Regionale (B),2023-02-12,FASI,577,Qualification,Unknown,Boulder_Women
Piemonte - Valle d'Aosta Campionato Regionale (B),2023-02-12,FASI,577,Qualification,Unknown,Boulder_Men
Piemonte - Valle d'Aosta Campionato Regionale (B),2023-02-12,FASI,577,Final,Unknown,Boulder_Women
Piemonte - Valle d'Aosta Campionato Regionale (B),2023-02-12,FASI,577,Final,Unknown,Boulder_Men
Puglia Campionato Regionale 2° prova (B),2023-02-12,FASI,592,Qualification,Unknown,Boulder_Women
Puglia Campionato Regionale 2° prova (B),2023-02-12,FASI,592,Qualification,Unknown,Boulder_Men
Veneto 3° prova di qualifica U20 Senior (B),2023-02-12,FASI,500,Qualification,Flash,Boulder_Women
Veneto 3° prova di qualifica U20 Senior (B),2023-02-12,FASI,500,Qualification,Flash,Boulder_Men
Veneto 3° prova di qualifica U20 Senior (B),2023-02-12,FASI,500,Final,Onsight,Boulder_Women
Veneto 3° prova di qualifica U20 Senior (B),2023-02-12,FASI,500,Final,Onsight,Boulder_Men
Kids Cup Bouldern Region Schwaben offen für Nord-Ost-Bayern - Alpinzentrum swoboda alpin Kempten ,2023-02-11,DIGITALROCK,13141,Final,Onsight,Boulder_Women
Kids Cup Bouldern Region Schwaben offen für Nord-Ost-Bayern - Alpinzentrum swoboda alpin Kempten ,2023-02-11,DIGITALROCK,13141,Final,Onsight,Boulder_Men
Milano Climbing Expo,2023-02-11,FASI,586,Qualification,Unknown,Boulder_Women
Milano Climbing Expo,2023-02-11,FASI,586,Qualification,Unknown,Boulder_Men
Abruzzo-Molise 2° prova di qualifica U20 Senior (B),2023-02-05,FASI,512,Qualification,Flash,Boulder_Women
Abruzzo-Molise 2° prova di qualifica U20 Senior (B),2023-02-05,FASI,512,Qualification,Flash,Boulder_Men
Abruzzo-Molise 2° prova di qualifica U20 Senior (B),2023-02-05,FASI,512,Final,Onsight,Boulder_Women
Abruzzo-Molise 2° prova di qualifica U20 Senior (B),2023-02-05,FASI,512,Final,Onsight,Boulder_Men
Offene Hessische Bouldermeisterschaft im Sportpark Kelkheim,2023-02-04,DIGITALROCK,13201,Final,Onsight,Boulder_Women
Offene Hessische Bouldermeisterschaft im Sportpark Kelkheim,2023-02-04,DIGITALROCK,13201,Final,Onsight,Boulder_Men
Basilicata Campionato Regionale 1° prova (B),2023-01-29,FASI,581,Qualification,Unknown,Boulder_Women
Basilicata Campionato Regionale 1° prova (B),2023-01-29,FASI,581,Qualification,Unknown,Boulder_Men
Campania Campionato Regionale 1° prova (B),2023-01-29,FASI,580,Qualification,Unknown,Boulder_Men
Campania Campionato Regionale 1° prova (B),2023-01-29,FASI,580,Final,Unknown,Boulder_Men
Friuli Venezia Giulia 2° prova di qualifica U14 U20 Senior (B),2023-01-29,FASI,520,Qualification,Flash,Boulder_Women
Friuli Venezia Giulia 2° prova di qualifica U14 U20 Senior (B),2023-01-29,FASI,520,Qualification,Flash,Boulder_Men
Lombardia Campionato Regionale (B),2023-01-29,FASI,538,Qualification,Unknown,Boulder_Women
Lombardia Campionato Regionale (B),2023-01-29,FASI,538,Qualification,Unknown,Boulder_Men
Lombardia Campionato Regionale (B),2023-01-29,FASI,538,Final,Unknown,Boulder_Women
Lombardia Campionato Regionale (B),2023-01-29,FASI,538,Final,Unknown,Boulder_Men
Macro Sud 1° prova di qualifica U14 U20 Senior (B),2023-01-29,FASI,575,Qualification,Flash,Boulder_Women
Macro Sud 1° prova di qualifica U14 U20 Senior (B),2023-01-29,FASI,575,Qualification,Flash,Boulder_Men
Macro Sud 1° prova di qualifica U14 U20 Senior (B),2023-01-29,FASI,575,Final,Onsight,Boulder_Men
Macro Sud 1° prova di qualifica U14 U20 Senior (B),2023-01-29,FASI,575,Final,Onsight,Boulder_Women
Puglia Campionato Regionale 1° prova (B),2023-01-29,FASI,582,Qualification,Unknown,Boulder_Women
Puglia Campionato Regionale 1° prova (B),2023-01-29,FASI,582,Qualification,Unknown,Boulder_Men
Puglia Campionato Regionale 1° prova (B),2023-01-29,FASI,582,Final,Unknown,Boulder_Women
Division 1 - Bloc #2 - Le Crux,2023-01-28,CEC,36,Qualification,Flash,Boulder_Women
Division 1 - Bloc #2 - Le Crux,2023-01-28,CEC,36,Qualification,Flash,Boulder_Men
High Performance Bouldering Comp,2023-01-28,CEC,35,Qualification,Flash,Boulder_Men
High Performance Bouldering Comp,2023-01-28,CEC,35,Qualification,Flash,Boulder_Women
Liguria Campionato Regionale 1° prova (B),2023-01-28,FASI,524,Qualification,Unknown,Boulder_Women
Liguria Campionato Regionale 1° prova (B),2023-01-28,FASI,524,Qualification,Unknown,Boulder_Men
Liguria Campionato Regionale 1° prova (B),2023-01-28,FASI,524,Final,Unknown,Boulder_Women
Liguria Campionato Regionale 1° prova (B),2023-01-28,FASI,524,Final,Unknown,Boulder_Men
TAA Campionato Regionale (B),2023-01-28,FASI,464,Qualification,Unknown,Boulder_Women
TAA Campionato Regionale (B),2023-01-28,FASI,464,Qualification,Unknown,Boulder_Men
TAA Campionato Regionale (B),2023-01-28,FASI,464,Final,Unknown,Boulder_Women
TAA Campionato Regionale (B),2023-01-28,FASI,464,Final,Unknown,Boulder_Men
Abruzzo-Molise 1° prova di qualifica U20 Senior (B),2023-01-22,FASI,510,Qualification,Flash,Boulder_Women
Abruzzo-Molise 1° prova di qualifica U20 Senior (B),2023-01-22,FASI,510,Qualification,Flash,Boulder_Men
Abruzzo-Molise 1° prova di qualifica U20 Senior (B),2023-01-22,FASI,510,Final,Onsight,Boulder_Women
Abruzzo-Molise 1° prova di qualifica U20 Senior (B),2023-01-22,FASI,510,Final,Onsight,Boulder_Men
Lazio 1 Prova di qualifica U20/SENIOR (B),2023-01-22,FASI,579,Qualification,Flash,Boulder_Women
Lazio 1 Prova di qualifica U20/SENIOR (B),2023-01-22,FASI,579,Qualification,Flash,Boulder_Men
Lazio 1 Prova di qualifica U20/SENIOR (B),2023-01-22,FASI,579,Final,Onsight,Boulder_Men
Lazio 1 Prova di qualifica U20/SENIOR (B),2023-01-22,FASI,579,Final,Onsight,Boulder_Women
Toscana 1° prova di qualifica U20 Senior (B),2023-01-22,FASI,489,Qualification,Flash,Boulder_Women
Toscana 1° prova di qualifica U20 Senior (B),2023-01-22,FASI,489,Qualification,Flash,Boulder_Men
Toscana 1° prova di qualifica U20 Senior (B),2023-01-22,FASI,489,Final,Onsight,Boulder_Women
Toscana 1° prova di qualifica U20 Senior (B),2023-01-22,FASI,489,Final,Onsight,Boulder_Men
Sicilia 1° prova di qualifica U14 U20 Senior (B),2023-01-14,FASI,548,Qualification,Flash,Boulder_Women
Sicilia 1° prova di qualifica U14 U20 Senior (B),2023-01-14,FASI,548,Qualification,Flash,Boulder_Men
Sicilia 1° prova di qualifica U14 U20 Senior (B),2023-01-14,FASI,548,Final,Onsight,Boulder_Men
Sicilia 1° prova di qualifica U14 U20 Senior (B),2023-01-14,FASI,548,Final,Onsight,Boulder_Women
Basilicata Campania Puglia Campionato Regionale 5° prova (B),2022-12-18,FASI,431,Qualification,Unknown,Boulder_Women
Basilicata Campania Puglia Campionato Regionale 5° prova (B),2022-12-18,FASI,431,Qualification,Unknown,Boulder_Men
Basilicata Campania Puglia Campionato Regionale 5° prova (B),2022-12-18,FASI,431,Final,Unknown,Boulder_Women
Basilicata Campania Puglia Campionato Regionale 5° prova (B),2022-12-18,FASI,431,Final,Unknown,Boulder_Men
Basilicata Campionato Regionale 5° prova (B),2022-12-18,FASI,444,Qualification,Unknown,Boulder_Men
Basilicata Campionato Regionale 5° prova (B),2022-12-18,FASI,444,Final,Unknown,Boulder_Women
Campania Campionato Regionale 4° prova (B),2022-12-18,FASI,445,Qualification,Unknown,Boulder_Men
Campania Campionato Regionale 4° prova (B),2022-12-18,FASI,445,Final,Unknown,Boulder_Men
Marche Umbria 2° prova di qualifica U12-U20 Senior (B),2022-12-18,FASI,446,Qualification,Flash,Boulder_Women
Marche Umbria 2° prova di qualifica U12-U20 Senior (B),2022-12-18,FASI,446,Qualification,Flash,Boulder_Men
Marche Umbria 2° prova di qualifica U12-U20 Senior (B),2022-12-18,FASI,446,Final,Onsight,Boulder_Women
Marche Umbria 2° prova di qualifica U12-U20 Senior (B),2022-12-18,FASI,446,Final,Onsight,Boulder_Men
Puglia Campionato Regionale 5° prova (B),2022-12-18,FASI,443,Final,Unknown,Boulder_Women
Puglia Campionato Regionale 5° prova (B),2022-12-18,FASI,443,Final,Unknown,Boulder_Men
Basilicata Campania Puglia Campionato Regionale 4° prova (B),2022-12-04,FASI,430,Qualification,Unknown,Boulder_Women
Basilicata Campania Puglia Campionato Regionale 4° prova (B),2022-12-04,FASI,430,Qualification,Unknown,Boulder_Men
Basilicata Campania Puglia Campionato Regionale 4° prova (B),2022-12-04,FASI,430,Final,Unknown,Boulder_Women
Basilicata Campania Puglia Campionato Regionale 4° prova (B),2022-12-04,FASI,430,Final,Unknown,Boulder_Men
Basilicata Campionato Regionale 4° prova (B),2022-12-04,FASI,439,Qualification,Unknown,Boulder_Women
Basilicata Campionato Regionale 4° prova (B),2022-12-04,FASI,439,Qualification,Unknown,Boulder_Men
Basilicata Campionato Regionale 4° prova (B),2022-12-04,FASI,439,Final,Unknown,Boulder_Women
Campania Campionato Regionale 4° prova (B),2022-12-04,FASI,437,Qualification,Unknown,Boulder_Men
Campania Campionato Regionale 4° prova (B),2022-12-04,FASI,437,Final,Unknown,Boulder_Men
Emilia-Romagna Campionato Regionale 3^ prova (B),2022-12-04,FASI,426,Qualification,Unknown,Boulder_Men
Emilia-Romagna Campionato Regionale 3^ prova (B),2022-12-04,FASI,426,Qualification,Unknown,Boulder_Women
Emilia-Romagna Campionato Regionale 3^ prova (B),2022-12-04,FASI,426,Final,Unknown,Boulder_Men
Emilia-Romagna Campionato Regionale 3^ prova (B),2022-12-04,FASI,426,Final,Unknown,Boulder_Women
Puglia Campionato Regionale 4° prova (B),2022-12-04,FASI,438,Qualification,Unknown,Boulder_Men
Puglia Campionato Regionale 4° prova (B),2022-12-04,FASI,438,Final,Unknown,Boulder_Men
Senior Boulder National Championships,2022-11-24,CEC,25,Qualification,Flash,Boulder_Men
Senior Boulder National Championships,2022-11-24,CEC,25,Qualification,Flash,Boulder_Women
Senior Boulder National Championships,2022-11-24,CEC,25,Semi-final,Unknown,Boulder_Men
Senior Boulder National Championships,2022-11-24,CEC,25,Semi-final,Unknown,Boulder_Women
Senior Boulder National Championships,2022-11-24,CEC,25,Final,Unknown,Boulder_Men
Senior Boulder National Championships,2022-11-24,CEC,25,Final,Unknown,Boulder_Women
Emilia-Romagna Campionato Regionale 2^ prova (B),2022-11-20,FASI,425,Qualification,Unknown,Boulder_Men
Emilia-Romagna Campionato Regionale 2^ prova (B),2022-11-20,FASI,425,Qualification,Unknown,Boulder_Women
Emilia-Romagna Campionato Regionale 2^ prova (B),2022-11-20,FASI,425,Final,Unknown,Boulder_Men
Emilia-Romagna Campionato Regionale 2^ prova (B),2022-11-20,FASI,425,Final,Unknown,Boulder_Women
Division 1 - Bloc #1 - Le Crux,2022-11-12,CEC,29,Qualification,Flash,Boulder_Women
Division 1 - Bloc #1 - Le Crux,2022-11-12,CEC,29,Qualification,Flash,Boulder_Men
Baden-Württembergischer Jugendcup Bouldern - B12 Tübingen,2022-11-07,DIGITALROCK,12611,Final,Onsight,Boulder_Women
Baden-Württembergischer Jugendcup Bouldern - B12 Tübingen,2022-11-07,DIGITALROCK,12611,Final,Onsight,Boulder_Men
Baden-Württembergischer Jugendcup Bouldern - Kletterzentrum Karlsruhe,2022-11-07,DIGITALROCK,12741,Final,Onsight,Boulder_Women
Baden-Württembergischer Jugendcup Bouldern - Kletterzentrum Karlsruhe,2022-11-07,DIGITALROCK,12741,Final,Onsight,Boulder_Men
Emilia-Romagna Campionato Regionale 1^ prova (B),2022-11-06,FASI,424,Qualification,Unknown,Boulder_Men
Emilia-Romagna Campionato Regionale 1^ prova (B),2022-11-06,FASI,424,Qualification,Unknown,Boulder_Women
Emilia-Romagna Campionato Regionale 1^ prova (B),2022-11-06,FASI,424,Final,Unknown,Boulder_Men
Emilia-Romagna Campionato Regionale 1^ prova (B),2022-11-06,FASI,424,Final,Unknown,Boulder_Women
Campeonato España Bloque 2022,2022-11-05,FEDME,7,Final,Unknown,Boulder_Men
Campeonato España Bloque 2022,2022-11-05,FEDME,7,Final,Unknown,Boulder_Women
Campeonato España Bloque 2022,2022-11-05,FEDME,7,Clasificatoria,Unknown,Boulder_Men
Campeonato España Bloque 2022,2022-11-05,FEDME,7,Clasificatoria,Unknown,Boulder_Women
Division 1 - Juvénile C - Bloc #1 - Le Mouv',2022-11-05,CEC,31,Qualification,Flash,Boulder_Women
Division 1 - Juvénile C - Bloc #1 - Le Mouv',2022-11-05,CEC,31,Qualification,Flash,Boulder_Men
IFSC Asia - Continental Cup (B) - Manila (PHI) 2022,2022-11-05,IFSC,1315,Qualification,Onsight,Boulder_Men
IFSC Asia - Continental Cup (B) - Manila (PHI) 2022,2022-11-05,IFSC,1315,Qualification,Onsight,Boulder_Women
IFSC Asia - Continental Cup (B) - Manila (PHI) 2022,2022-11-05,IFSC,1315,Semi-final,Onsight,Boulder_Men
IFSC Asia - Continental Cup (B) - Manila (PHI) 2022,2022-11-05,IFSC,1315,Semi-final,Onsight,Boulder_Women
IFSC Asia - Continental Cup (B) - Manila (PHI) 2022,2022-11-05,IFSC,1315,Final,Onsight,Boulder_Men
IFSC Asia - Continental Cup (B) - Manila (PHI) 2022,2022-11-05,IFSC,1315,Final,Onsight,Boulder_Women
Offene Norddeutsche Jugendmeisterschaft Bouldern 2022 in der Beta Boulderhalle Hannover,2022-11-05,DIGITALROCK,12891,Final,Onsight,Boulder_Women
Offene Norddeutsche Jugendmeisterschaft Bouldern 2022 in der Beta Boulderhalle Hannover,2022-11-05,DIGITALROCK,12891,Final,Onsight,Boulder_Men
Copa España 2022 - 3a Prueba Bloque - 2a Prueba Velocidad - Cáceres,2022-11-04,FEDME,3,Final,Unknown,Boulder_Men
Copa España 2022 - 3a Prueba Bloque - 2a Prueba Velocidad - Cáceres,2022-11-04,FEDME,3,Final,Unknown,Boulder_Women
Copa España 2022 - 3a Prueba Bloque - 2a Prueba Velocidad - Cáceres,2022-11-04,FEDME,3,Clasificatoria,Unknown,Boulder_Men
Copa España 2022 - 3a Prueba Bloque - 2a Prueba Velocidad - Cáceres,2022-11-04,FEDME,3,Clasificatoria,Unknown,Boulder_Women
Championnat sélection provinciale Sénior,2022-10-29,CEC,28,Qualification,Flash,Boulder_Women
Championnat sélection provinciale Sénior,2022-10-29,CEC,28,Qualification,Flash,Boulder_Men
Championnat sélection provinciale Sénior,2022-10-29,CEC,28,Final,Unknown,Boulder_Women
Championnat sélection provinciale Sénior,2022-10-29,CEC,28,Final,Unknown,Boulder_Men
"IFSC Asia - Continental Championships (B, L, S, B&L) - Republic of Korea 2022",2022-10-10,IFSC,1287,Qualification,Onsight,Boulder_Men
"IFSC Asia - Continental Championships (B, L, S, B&L) - Republic of Korea 2022",2022-10-10,IFSC,1287,Qualification,Onsight,Boulder_Women
"IFSC Asia - Continental Championships (B, L, S, B&L) - Republic of Korea 2022",2022-10-10,IFSC,1287,Semi-final,Onsight,Boulder_Men
"IFSC Asia - Continental Championships (B, L, S, B&L) - Republic of Korea 2022",2022-10-10,IFSC,1287,Semi-final,Onsight,Boulder_Women
"IFSC Asia - Continental Championships (B, L, S, B&L) - Republic of Korea 2022",2022-10-10,IFSC,1287,Final,Onsight,Boulder_Men
"IFSC Asia - Continental Championships (B, L, S, B&L) - Republic of Korea 2022",2022-10-10,IFSC,1287,Final,Onsight,Boulder_Women
Campionato Italiano (B),2022-10-01,FASI,278,Qualification,Unknown,Boulder_Men
Campionato Italiano (B),2022-10-01,FASI,278,Qualification,Unknown,Boulder_Women
Campionato Italiano (B),2022-10-01,FASI,278,Semi-final,Unknown,Boulder_Men
Campionato Italiano (B),2022-10-01,FASI,278,Semi-final,Unknown,Boulder_Women
Campionato Italiano (B),2022-10-01,FASI,278,Final,Unknown,Boulder_Men
Campionato Italiano (B),2022-10-01,FASI,278,Final,Unknown,Boulder_Women
Boulder-Schweizermeisterschaften 2022 Elite/U18 im Rahmen des SportXX Swiss Climbing Cup - Grimper.ch Lausanne,2022-09-10,SAC-CAS,726,Qualification,Unknown,Boulder_Men
Boulder-Schweizermeisterschaften 2022 Elite/U18 im Rahmen des SportXX Swiss Climbing Cup - Grimper.ch Lausanne,2022-09-10,SAC-CAS,726,Qualification,Unknown,Boulder_Women
Boulder-Schweizermeisterschaften 2022 Elite/U18 im Rahmen des SportXX Swiss Climbing Cup - Grimper.ch Lausanne,2022-09-10,SAC-CAS,726,Final,Unknown,Boulder_Men
Boulder-Schweizermeisterschaften 2022 Elite/U18 im Rahmen des SportXX Swiss Climbing Cup - Grimper.ch Lausanne,2022-09-10,SAC-CAS,726,Final,Unknown,Boulder_Women
"IFSC - Climbing Youth World Championships (B,S,L) - Dallas (USA) 2022",2022-08-22,IFSC,1246,Qualification,Flash,Boulder_Men
"IFSC - Climbing Youth World Championships (B,S,L) - Dallas (USA) 2022",2022-08-22,IFSC,1246,Qualification,Flash,Boulder_Women
"IFSC - Climbing Youth World Championships (B,S,L) - Dallas (USA) 2022",2022-08-22,IFSC,1246,Semi-final,Onsight,Boulder_Men
"IFSC - Climbing Youth World Championships (B,S,L) - Dallas (USA) 2022",2022-08-22,IFSC,1246,Semi-final,Onsight,Boulder_Women
"IFSC - Climbing Youth World Championships (B,S,L) - Dallas (USA) 2022",2022-08-22,IFSC,1246,Final,Onsight,Boulder_Men
"IFSC - Climbing Youth World Championships (B,S,L) - Dallas (USA) 2022",2022-08-22,IFSC,1246,Final,Onsight,Boulder_Women
NACS - Jackalope,2022-08-20,CEC,24,Qualification,Flash,Boulder_Men
NACS - Jackalope,2022-08-20,CEC,24,Qualification,Flash,Boulder_Women
NACS - Jackalope,2022-08-20,CEC,24,Semi-final,Unknown,Boulder_Men
NACS - Jackalope,2022-08-20,CEC,24,Semi-final,Unknown,Boulder_Women
NACS - Jackalope,2022-08-20,CEC,24,Final,Unknown,Boulder_Men
NACS - Jackalope,2022-08-20,CEC,24,Final,Unknown,Boulder_Women
"IFSC Europe - Continental Championships (B,S,L) - Munich (GER) 2022",2022-08-11,IFSC,1247,Qualification,Onsight,Boulder_Men
"IFSC Europe - Continental Championships (B,S,L) - Munich (GER) 2022",2022-08-11,IFSC,1247,Qualification,Onsight,Boulder_Women
"IFSC Europe - Continental Championships (B,S,L) - Munich (GER) 2022",2022-08-11,IFSC,1247,Semi-final,Onsight,Boulder_Men
"IFSC Europe - Continental Championships (B,S,L) - Munich (GER) 2022",2022-08-11,IFSC,1247,Semi-final,Onsight,Boulder_Women
"IFSC Europe - Continental Championships (B,S,L) - Munich (GER) 2022",2022-08-11,IFSC,1247,Final,Onsight,Boulder_Men
"IFSC Europe - Continental Championships (B,S,L) - Munich (GER) 2022",2022-08-11,IFSC,1247,Final,Onsight,Boulder_Women
IFSC Europe - Continental Youth Championship (B) - Graz (AUT) 2022,2022-08-03,IFSC,1272,Qualification,Flash,Boulder_Men
IFSC Europe - Continental Youth Championship (B) - Graz (AUT) 2022,2022-08-03,IFSC,1272,Qualification,Flash,Boulder_Women
IFSC Europe - Continental Youth Championship (B) - Graz (AUT) 2022,2022-08-03,IFSC,1272,Semi-final,Onsight,Boulder_Men
IFSC Europe - Continental Youth Championship (B) - Graz (AUT) 2022,2022-08-03,IFSC,1272,Semi-final,Onsight,Boulder_Women
IFSC Europe - Continental Youth Championship (B) - Graz (AUT) 2022,2022-08-03,IFSC,1272,Final,Onsight,Boulder_Men
IFSC Europe - Continental Youth Championship (B) - Graz (AUT) 2022,2022-08-03,IFSC,1272,Final,Onsight,Boulder_Women
"World Games (B,S,L) - Birmingham (USA) 2022",2022-07-14,IFSC,1245,Qualification,Onsight,Boulder_Men
"World Games (B,S,L) - Birmingham (USA) 2022",2022-07-14,IFSC,1245,Qualification,Onsight,Boulder_Women
"World Games (B,S,L) - Birmingham (USA) 2022",2022-07-14,IFSC,1245,Final,Onsight,Boulder_Men
"World Games (B,S,L) - Birmingham (USA) 2022",2022-07-14,IFSC,1245,Final,Onsight,Boulder_Women
"IFSC - Climbing World Cup (B,L) - Innsbruck (AUT) 2022",2022-06-22,IFSC,1238,Qualification,Onsight,Boulder_Men
"IFSC - Climbing World Cup (B,L) - Innsbruck (AUT) 2022",2022-06-22,IFSC,1238,Qualification,Onsight,Boulder_Women
"IFSC - Climbing World Cup (B,L) - Innsbruck (AUT) 2022",2022-06-22,IFSC,1238,Semi-final,Onsight,Boulder_Men
"IFSC - Climbing World Cup (B,L) - Innsbruck (AUT) 2022",2022-06-22,IFSC,1238,Semi-final,Onsight,Boulder_Women
"IFSC - Climbing World Cup (B,L) - Innsbruck (AUT) 2022",2022-06-22,IFSC,1238,Final,Onsight,Boulder_Men
"IFSC - Climbing World Cup (B,L) - Innsbruck (AUT) 2022",2022-06-22,IFSC,1238,Final,Onsight,Boulder_Women
Copa España 2022 - 2a Prueba Bloque - 1a Prueba Velocidad - Oviedo,2022-06-18,FEDME,2,Final,Unknown,Boulder_Men
Copa España 2022 - 2a Prueba Bloque - 1a Prueba Velocidad - Oviedo,2022-06-18,FEDME,2,Final,Unknown,Boulder_Women
Copa España 2022 - 2a Prueba Bloque - 1a Prueba Velocidad - Oviedo,2022-06-18,FEDME,2,Clasificatoria,Unknown,Boulder_Men
Copa España 2022 - 2a Prueba Bloque - 1a Prueba Velocidad - Oviedo,2022-06-18,FEDME,2,Clasificatoria,Unknown,Boulder_Women
"FISU University Championships (B,S,L) - Innsbruck (AUT) 2022",2022-06-13,IFSC,1249,Qualification,Onsight,Boulder_Men
"FISU University Championships (B,S,L) - Innsbruck (AUT) 2022",2022-06-13,IFSC,1249,Qualification,Onsight,Boulder_Women
"FISU University Championships (B,S,L) - Innsbruck (AUT) 2022",2022-06-13,IFSC,1249,Semi-final,Onsight,Boulder_Men
"FISU University Championships (B,S,L) - Innsbruck (AUT) 2022",2022-06-13,IFSC,1249,Semi-final,Onsight,Boulder_Women
"FISU University Championships (B,S,L) - Innsbruck (AUT) 2022",2022-06-13,IFSC,1249,Final,Onsight,Boulder_Men
"FISU University Championships (B,S,L) - Innsbruck (AUT) 2022",2022-06-13,IFSC,1249,Final,Onsight,Boulder_Women
IFSC - Climbing World Cup (B) - Brixen (ITA) 2022,2022-06-10,IFSC,1284,Qualification,Onsight,Boulder_Men
IFSC - Climbing World Cup (B) - Brixen (ITA) 2022,2022-06-10,IFSC,1284,Qualification,Onsight,Boulder_Women
IFSC - Climbing World Cup (B) - Brixen (ITA) 2022,2022-06-10,IFSC,1284,Semi-final,Onsight,Boulder_Men
IFSC - Climbing World Cup (B) - Brixen (ITA) 2022,2022-06-10,IFSC,1284,Semi-final,Onsight,Boulder_Women
IFSC - Climbing World Cup (B) - Brixen (ITA) 2022,2022-06-10,IFSC,1284,Final,Onsight,Boulder_Men
IFSC - Climbing World Cup (B) - Brixen (ITA) 2022,2022-06-10,IFSC,1284,Final,Onsight,Boulder_Women
Copa España 2022 - 1a Prueba Bloque - Madrid,2022-06-04,FEDME,4,Final,Unknown,Boulder_Men
Copa España 2022 - 1a Prueba Bloque - Madrid,2022-06-04,FEDME,4,Final,Unknown,Boulder_Women
Copa España 2022 - 1a Prueba Bloque - Madrid,2022-06-04,FEDME,4,Clasificatoria,Unknown,Boulder_Men
Copa España 2022 - 1a Prueba Bloque - Madrid,2022-06-04,FEDME,4,Clasificatoria,Unknown,Boulder_Women
"IFSC - Climbing World Cup (B,S) - Salt Lake City (USA) 2022",2022-05-27,IFSC,1237,Qualification,Onsight,Boulder_Men
"IFSC - Climbing World Cup (B,S) - Salt Lake City (USA) 2022",2022-05-27,IFSC,1237,Qualification,Onsight,Boulder_Women
"IFSC - Climbing World Cup (B,S) - Salt Lake City (USA) 2022",2022-05-27,IFSC,1237,Semi-final,Onsight,Boulder_Men
"IFSC - Climbing World Cup (B,S) - Salt Lake City (USA) 2022",2022-05-27,IFSC,1237,Semi-final,Onsight,Boulder_Women
"IFSC - Climbing World Cup (B,S) - Salt Lake City (USA) 2022",2022-05-27,IFSC,1237,Final,Onsight,Boulder_Men
"IFSC - Climbing World Cup (B,S) - Salt Lake City (USA) 2022",2022-05-27,IFSC,1237,Final,Onsight,Boulder_Women
Toscana 4° prova di qualifica U14 U20 Senior (B),2022-05-21,FASI,405,Qualification,Flash,Boulder_Women
Toscana 4° prova di qualifica U14 U20 Senior (B),2022-05-21,FASI,405,Qualification,Flash,Boulder_Men
Toscana 4° prova di qualifica U14 U20 Senior (B),2022-05-21,FASI,405,Final,Onsight,Boulder_Men
Toscana 4° prova di qualifica U14 U20 Senior (B),2022-05-21,FASI,405,Final,Onsight,Boulder_Women
"IFSC - Climbing World Cup (B,S) - Salt Lake City (USA) 2022",2022-05-20,IFSC,1236,Qualification,Onsight,Boulder_Men
"IFSC - Climbing World Cup (B,S) - Salt Lake City (USA) 2022",2022-05-20,IFSC,1236,Qualification,Onsight,Boulder_Women
"IFSC - Climbing World Cup (B,S) - Salt Lake City (USA) 2022",2022-05-20,IFSC,1236,Semi-final,Onsight,Boulder_Men
"IFSC - Climbing World Cup (B,S) - Salt Lake City (USA) 2022",2022-05-20,IFSC,1236,Semi-final,Onsight,Boulder_Women
"IFSC - Climbing World Cup (B,S) - Salt Lake City (USA) 2022",2022-05-20,IFSC,1236,Final,Onsight,Boulder_Men
"IFSC - Climbing World Cup (B,S) - Salt Lake City (USA) 2022",2022-05-20,IFSC,1236,Final,Onsight,Boulder_Women
IFSC Europe - Continental Cup (B) - Klagenfurt (AUT) 2022,2022-05-20,IFSC,1263,Qualification,Onsight,Boulder_Men
IFSC Europe - Continental Cup (B) - Klagenfurt (AUT) 2022,2022-05-20,IFSC,1263,Qualification,Onsight,Boulder_Women
IFSC Europe - Continental Cup (B) - Klagenfurt (AUT) 2022,2022-05-20,IFSC,1263,Semi-final,Onsight,Boulder_Men
IFSC Europe - Continental Cup (B) - Klagenfurt (AUT) 2022,2022-05-20,IFSC,1263,Semi-final,Onsight,Boulder_Women
IFSC Europe - Continental Cup (B) - Klagenfurt (AUT) 2022,2022-05-20,IFSC,1263,Final,Onsight,Boulder_Men
IFSC Europe - Continental Cup (B) - Klagenfurt (AUT) 2022,2022-05-20,IFSC,1263,Final,Onsight,Boulder_Women
Youth Boulder Nationals,2022-05-19,CEC,15,Qualification,Flash,Boulder_Men
Youth Boulder Nationals,2022-05-19,CEC,15,Qualification,Flash,Boulder_Women
Youth Boulder Nationals,2022-05-19,CEC,15,Semi-final,Onsight,Boulder_Men
Youth Boulder Nationals,2022-05-19,CEC,15,Semi-final,Onsight,Boulder_Women
Youth Boulder Nationals,2022-05-19,CEC,15,Final,Onsight,Boulder_Men
Youth Boulder Nationals,2022-05-19,CEC,15,Final,Onsight,Boulder_Women
IFSC Europe - Continental Cup (B) - Brixen (ITA) 2022,2022-05-07,IFSC,1261,Qualification,Onsight,Boulder_Men
IFSC Europe - Continental Cup (B) - Brixen (ITA) 2022,2022-05-07,IFSC,1261,Qualification,Onsight,Boulder_Women
IFSC Europe - Continental Cup (B) - Brixen (ITA) 2022,2022-05-07,IFSC,1261,Semi-final,Onsight,Boulder_Men
IFSC Europe - Continental Cup (B) - Brixen (ITA) 2022,2022-05-07,IFSC,1261,Semi-final,Onsight,Boulder_Women
IFSC Europe - Continental Cup (B) - Brixen (ITA) 2022,2022-05-07,IFSC,1261,Final,Onsight,Boulder_Men
IFSC Europe - Continental Cup (B) - Brixen (ITA) 2022,2022-05-07,IFSC,1261,Final,Onsight,Boulder_Women
"IFSC - Climbing World Cup (B,S) - Seoul (KOR) 2022",2022-05-06,IFSC,1235,Qualification,Onsight,Boulder_Men
"IFSC - Climbing World Cup (B,S) - Seoul (KOR) 2022",2022-05-06,IFSC,1235,Qualification,Onsight,Boulder_Women
"IFSC - Climbing World Cup (B,S) - Seoul (KOR) 2022",2022-05-06,IFSC,1235,Semi-final,Onsight,Boulder_Men
"IFSC - Climbing World Cup (B,S) - Seoul (KOR) 2022",2022-05-06,IFSC,1235,Semi-final,Onsight,Boulder_Women
"IFSC - Climbing World Cup (B,S) - Seoul (KOR) 2022",2022-05-06,IFSC,1235,Final,Onsight,Boulder_Men
"IFSC - Climbing World Cup (B,S) - Seoul (KOR) 2022",2022-05-06,IFSC,1235,Final,Onsight,Boulder_Women
 Bayerische Meisterschaft Bouldern Jugend B und A  - DAV Boulderzentrum Memmingen,2022-04-30,DIGITALROCK,12411,Final,Onsight,Boulder_Women
 Bayerische Meisterschaft Bouldern Jugend B und A  - DAV Boulderzentrum Memmingen,2022-04-30,DIGITALROCK,12411,Final,Onsight,Boulder_Men
Friuli Venezia Giulia prova di qualifica U14 U20 Senior (B),2022-04-30,FASI,402,Qualification,Flash,Boulder_Women
Friuli Venezia Giulia prova di qualifica U14 U20 Senior (B),2022-04-30,FASI,402,Qualification,Flash,Boulder_Men
Offene Berliner und Sächsische Landesmeisterschaft im Bouldern,2022-04-30,DIGITALROCK,12771,Final,Onsight,Boulder_Women
Offene Berliner und Sächsische Landesmeisterschaft im Bouldern,2022-04-30,DIGITALROCK,12771,Final,Onsight,Boulder_Men
Sélection provinciale (B-A-Jr) / Championnat de Bloc et événement régulier Difficulté (C),2022-04-30,CEC,17,Qualification,Flash,Boulder_Women
Sélection provinciale (B-A-Jr) / Championnat de Bloc et événement régulier Difficulté (C),2022-04-30,CEC,17,Qualification,Flash,Boulder_Men
Sélection provinciale (B-A-Jr) / Championnat de Bloc et événement régulier Difficulté (C),2022-04-30,CEC,17,Final,Onsight,Boulder_Women
Sélection provinciale (B-A-Jr) / Championnat de Bloc et événement régulier Difficulté (C),2022-04-30,CEC,17,Final,Onsight,Boulder_Men
IFSC Europe - Continental Cup (B) - Prague (CZE) 2022,2022-04-29,IFSC,1260,Qualification,Onsight,Boulder_Men
IFSC Europe - Continental Cup (B) - Prague (CZE) 2022,2022-04-29,IFSC,1260,Qualification,Onsight,Boulder_Women
IFSC Europe - Continental Cup (B) - Prague (CZE) 2022,2022-04-29,IFSC,1260,Semi-final,Onsight,Boulder_Men
IFSC Europe - Continental Cup (B) - Prague (CZE) 2022,2022-04-29,IFSC,1260,Semi-final,Onsight,Boulder_Women
IFSC Europe - Continental Cup (B) - Prague (CZE) 2022,2022-04-29,IFSC,1260,Final,Onsight,Boulder_Men
IFSC Europe - Continental Cup (B) - Prague (CZE) 2022,2022-04-29,IFSC,1260,Final,Onsight,Boulder_Women
Veneto prova di qualifica U20 Senior (B),2022-04-24,FASI,348,Qualification,Flash,Boulder_Women
Veneto prova di qualifica U20 Senior (B),2022-04-24,FASI,348,Qualification,Flash,Boulder_Men
Veneto prova di qualifica U20 Senior (B),2022-04-24,FASI,348,Final,Onsight,Boulder_Women
Veneto prova di qualifica U20 Senior (B),2022-04-24,FASI,348,Final,Onsight,Boulder_Men
Coppa Italia 4° prova (B),2022-04-23,FASI,272,Qualification,Unknown,Boulder_Men
Coppa Italia 4° prova (B),2022-04-23,FASI,272,Qualification,Unknown,Boulder_Women
Coppa Italia 4° prova (B),2022-04-23,FASI,272,Semi-final,Unknown,Boulder_Men
Coppa Italia 4° prova (B),2022-04-23,FASI,272,Semi-final,Unknown,Boulder_Women
Coppa Italia 4° prova (B),2022-04-23,FASI,272,Final,Unknown,Boulder_Men
Coppa Italia 4° prova (B),2022-04-23,FASI,272,Final,Unknown,Boulder_Women
IFSC Europe - Continental Youth Cup (B) - Soure (POR) 2022,2022-04-23,IFSC,1259,Qualification,Flash,Boulder_Men
IFSC Europe - Continental Youth Cup (B) - Soure (POR) 2022,2022-04-23,IFSC,1259,Qualification,Flash,Boulder_Women
IFSC Europe - Continental Youth Cup (B) - Soure (POR) 2022,2022-04-23,IFSC,1259,Final,Onsight,Boulder_Men
IFSC Europe - Continental Youth Cup (B) - Soure (POR) 2022,2022-04-23,IFSC,1259,Final,Onsight,Boulder_Women
SportXX Swiss Climbing Cup 2022 (B) - Spinnerei Indoor Ibach,2022-04-23,SAC-CAS,693,Qualification,Unknown,Boulder_Men
SportXX Swiss Climbing Cup 2022 (B) - Spinnerei Indoor Ibach,2022-04-23,SAC-CAS,693,Qualification,Unknown,Boulder_Women
SportXX Swiss Climbing Cup 2022 (B) - Spinnerei Indoor Ibach,2022-04-23,SAC-CAS,693,Final,Unknown,Boulder_Men
SportXX Swiss Climbing Cup 2022 (B) - Spinnerei Indoor Ibach,2022-04-23,SAC-CAS,693,Final,Unknown,Boulder_Women
IFSC Europe - Continental Youth Cup (B) - Chambéry (FRA) 2022,2022-04-09,IFSC,1258,Qualification,Flash,Boulder_Men
IFSC Europe - Continental Youth Cup (B) - Chambéry (FRA) 2022,2022-04-09,IFSC,1258,Qualification,Flash,Boulder_Women
IFSC Europe - Continental Youth Cup (B) - Chambéry (FRA) 2022,2022-04-09,IFSC,1258,Final,Onsight,Boulder_Men
IFSC Europe - Continental Youth Cup (B) - Chambéry (FRA) 2022,2022-04-09,IFSC,1258,Final,Onsight,Boulder_Women
Sicilia 3° prova di qualifica U14 U20 (B),2022-04-09,FASI,339,Qualification,Flash,Boulder_Women
Sicilia 3° prova di qualifica U14 U20 (B),2022-04-09,FASI,339,Qualification,Flash,Boulder_Men
Sicilia 3° prova di qualifica U14 U20 (B),2022-04-09,FASI,339,Final,Onsight,Boulder_Women
Sicilia 3° prova di qualifica U14 U20 (B),2022-04-09,FASI,339,Final,Onsight,Boulder_Men
Toscana prova di qualifica U14 U20 Senior (B),2022-04-09,FASI,343,Qualification,Flash,Boulder_Women
Toscana prova di qualifica U14 U20 Senior (B),2022-04-09,FASI,343,Qualification,Flash,Boulder_Men
Toscana prova di qualifica U14 U20 Senior (B),2022-04-09,FASI,343,Final,Onsight,Boulder_Women
Toscana prova di qualifica U14 U20 Senior (B),2022-04-09,FASI,343,Final,Onsight,Boulder_Men
IFSC - Climbing World Cup (B) - Meiringen (SUI) 2022,2022-04-08,IFSC,1233,Qualification,Onsight,Boulder_Men
IFSC - Climbing World Cup (B) - Meiringen (SUI) 2022,2022-04-08,IFSC,1233,Qualification,Onsight,Boulder_Women
IFSC - Climbing World Cup (B) - Meiringen (SUI) 2022,2022-04-08,IFSC,1233,Semi-final,Onsight,Boulder_Men
IFSC - Climbing World Cup (B) - Meiringen (SUI) 2022,2022-04-08,IFSC,1233,Semi-final,Onsight,Boulder_Women
IFSC - Climbing World Cup (B) - Meiringen (SUI) 2022,2022-04-08,IFSC,1233,Final,Onsight,Boulder_Men
IFSC - Climbing World Cup (B) - Meiringen (SUI) 2022,2022-04-08,IFSC,1233,Final,Onsight,Boulder_Women
Basilicata Campionato Regionale 3° prova (B),2022-04-03,FASI,384,Qualification,Unknown,Boulder_Women
Basilicata Campionato Regionale 3° prova (B),2022-04-03,FASI,384,Qualification,Unknown,Boulder_Men
Campania Campionato Regionale 3° prova (B),2022-04-03,FASI,382,Qualification,Unknown,Boulder_Men
Macro Sud 3° prova di qualifica U14 U20 Senior (B),2022-04-03,FASI,335,Qualification,Flash,Boulder_Women
Macro Sud 3° prova di qualifica U14 U20 Senior (B),2022-04-03,FASI,335,Qualification,Flash,Boulder_Men
Puglia Campionato Regionale 3° prova (B),2022-04-03,FASI,383,Qualification,Unknown,Boulder_Women
Puglia Campionato Regionale 3° prova (B),2022-04-03,FASI,383,Qualification,Unknown,Boulder_Men
Veneto prova di qualifica U20 Senior (B),2022-04-03,FASI,333,Qualification,Flash,Boulder_Women
Veneto prova di qualifica U20 Senior (B),2022-04-03,FASI,333,Qualification,Flash,Boulder_Men
Veneto prova di qualifica U20 Senior (B),2022-04-03,FASI,333,Final,Onsight,Boulder_Women
Veneto prova di qualifica U20 Senior (B),2022-04-03,FASI,333,Final,Onsight,Boulder_Men
2. Deutscher Jugendcup (B) 2022 - Stuttgart,2022-04-02,DIGITALROCK,12151,Final,Onsight,Boulder_Men
2. Deutscher Jugendcup (B) 2022 - Stuttgart,2022-04-02,DIGITALROCK,12151,Final,Onsight,Boulder_Women
Bloc D1 (B/C),2022-04-02,CEC,10,Qualification,Flash,Boulder_Women
Bloc D1 (B/C),2022-04-02,CEC,10,Qualification,Flash,Boulder_Men
Bloc D1 (B/C),2022-04-02,CEC,10,Final,Onsight,Boulder_Women
Bloc D1 (B/C),2022-04-02,CEC,10,Final,Onsight,Boulder_Men
Coppa Italia 3° prova (B),2022-04-02,FASI,271,Qualification,Unknown,Boulder_Men
Coppa Italia 3° prova (B),2022-04-02,FASI,271,Qualification,Unknown,Boulder_Women
Coppa Italia 3° prova (B),2022-04-02,FASI,271,Semi-final,Unknown,Boulder_Men
Coppa Italia 3° prova (B),2022-04-02,FASI,271,Semi-final,Unknown,Boulder_Women
Coppa Italia 3° prova (B),2022-04-02,FASI,271,Final,Unknown,Boulder_Men
Coppa Italia 3° prova (B),2022-04-02,FASI,271,Final,Unknown,Boulder_Women
Abruzzo Campionato Regionale 2° prova (B),2022-03-26,FASI,376,Qualification,Unknown,Boulder_Women
Abruzzo Campionato Regionale 2° prova (B),2022-03-26,FASI,376,Qualification,Unknown,Boulder_Men
Abruzzo Campionato Regionale 2° prova (B),2022-03-26,FASI,376,Final,Unknown,Boulder_Women
Abruzzo Campionato Regionale 2° prova (B),2022-03-26,FASI,376,Final,Unknown,Boulder_Men
Bloc D1 (A/Jr),2022-03-26,CEC,9,Qualification,Flash,Boulder_Women
Bloc D1 (A/Jr),2022-03-26,CEC,9,Qualification,Flash,Boulder_Men
Bloc D1 (A/Jr),2022-03-26,CEC,9,Final,Onsight,Boulder_Women
Bloc D1 (A/Jr),2022-03-26,CEC,9,Final,Onsight,Boulder_Men
Kids Cup Bouldern Jugend C+D -  Franken/Oberbayern  - Kletterzentrum Aschaffenburg,2022-03-26,DIGITALROCK,12441,Final,Onsight,Boulder_Women
Kids Cup Bouldern Jugend C+D -  Franken/Oberbayern  - Kletterzentrum Aschaffenburg,2022-03-26,DIGITALROCK,12441,Final,Onsight,Boulder_Men
Basilicata Campionato Regionale 2° prova (B),2022-03-20,FASI,375,Qualification,Unknown,Boulder_Women
Basilicata Campionato Regionale 2° prova (B),2022-03-20,FASI,375,Qualification,Unknown,Boulder_Men
Campania Campionato Regionale 2° prova (B),2022-03-20,FASI,374,Qualification,Unknown,Boulder_Men
Macro Sud 2° prova di qualifica U14 U20 (B),2022-03-20,FASI,322,Qualification,Flash,Boulder_Women
Macro Sud 2° prova di qualifica U14 U20 (B),2022-03-20,FASI,322,Qualification,Flash,Boulder_Men
Puglia Campionato Regionale 2° prova (B),2022-03-20,FASI,373,Qualification,Unknown,Boulder_Women
Puglia Campionato Regionale 2° prova (B),2022-03-20,FASI,373,Qualification,Unknown,Boulder_Men
1. Nominierungswettkampf Bouldern - Nachwuchskader - Bexbach,2022-03-19,DIGITALROCK,12721,Final,Onsight,Boulder_Men
1. Nominierungswettkampf Bouldern - Nachwuchskader - Bexbach,2022-03-19,DIGITALROCK,12721,Final,Onsight,Boulder_Women
Coppa Italia 2° prova (B),2022-03-19,FASI,270,Qualification,Unknown,Boulder_Men
Coppa Italia 2° prova (B),2022-03-19,FASI,270,Qualification,Unknown,Boulder_Women
Coppa Italia 2° prova (B),2022-03-19,FASI,270,Semi-final,Unknown,Boulder_Men
Coppa Italia 2° prova (B),2022-03-19,FASI,270,Semi-final,Unknown,Boulder_Women
Coppa Italia 2° prova (B),2022-03-19,FASI,270,Final,Unknown,Boulder_Men
Coppa Italia 2° prova (B),2022-03-19,FASI,270,Final,Unknown,Boulder_Women
NRW Landesmeisterschaft Bouldern - ein stein Boulderhalle Duisburg,2022-03-19,DIGITALROCK,12551,Final,Onsight,Boulder_Women
NRW Landesmeisterschaft Bouldern - ein stein Boulderhalle Duisburg,2022-03-19,DIGITALROCK,12551,Final,Onsight,Boulder_Men
Kids Cup Bouldern Jugend C+D -  Oberbayern/Schwaben  - Kletterzentrum Freimann,2022-03-12,DIGITALROCK,12431,Final,Onsight,Boulder_Women
Kids Cup Bouldern Jugend C+D -  Oberbayern/Schwaben  - Kletterzentrum Freimann,2022-03-12,DIGITALROCK,12431,Final,Onsight,Boulder_Men
Lombardia Campionato Regionale (B),2022-03-12,FASI,368,Qualification,Unknown,Boulder_Women
Lombardia Campionato Regionale (B),2022-03-12,FASI,368,Qualification,Unknown,Boulder_Men
Lombardia Campionato Regionale (B),2022-03-12,FASI,368,Final,Unknown,Boulder_Women
Lombardia Campionato Regionale (B),2022-03-12,FASI,368,Final,Unknown,Boulder_Men
"Rheinland-Pfälzische Meisterschaft Bouldern, RockTown Kaiserslautern ",2022-03-12,DIGITALROCK,12311,Final,Onsight,Boulder_Women
"Rheinland-Pfälzische Meisterschaft Bouldern, RockTown Kaiserslautern ",2022-03-12,DIGITALROCK,12311,Final,Onsight,Boulder_Men
SportXX Swiss Climbing Cup 2022 (B) - l'Entrepôt Bulle,2022-03-12,SAC-CAS,692,Qualification,Unknown,Boulder_Men
SportXX Swiss Climbing Cup 2022 (B) - l'Entrepôt Bulle,2022-03-12,SAC-CAS,692,Qualification,Unknown,Boulder_Women
SportXX Swiss Climbing Cup 2022 (B) - l'Entrepôt Bulle,2022-03-12,SAC-CAS,692,Final,Unknown,Boulder_Men
SportXX Swiss Climbing Cup 2022 (B) - l'Entrepôt Bulle,2022-03-12,SAC-CAS,692,Final,Unknown,Boulder_Women
High Performance Comp,2022-03-10,CEC,5,Qualification,Flash,Boulder_Men
High Performance Comp,2022-03-10,CEC,5,Qualification,Flash,Boulder_Women
1. Deutscher Jugendcup (B) 2022 - Braunschweig,2022-03-05,DIGITALROCK,12141,Final,Onsight,Boulder_Men
1. Deutscher Jugendcup (B) 2022 - Braunschweig,2022-03-05,DIGITALROCK,12141,Final,Onsight,Boulder_Women
Coppa Italia 1° prova (B),2022-03-05,FASI,268,Qualification,Unknown,Boulder_Men
Coppa Italia 1° prova (B),2022-03-05,FASI,268,Qualification,Unknown,Boulder_Women
Coppa Italia 1° prova (B),2022-03-05,FASI,268,Semi-final,Unknown,Boulder_Men
Coppa Italia 1° prova (B),2022-03-05,FASI,268,Semi-final,Unknown,Boulder_Women
Coppa Italia 1° prova (B),2022-03-05,FASI,268,Final,Unknown,Boulder_Men
Coppa Italia 1° prova (B),2022-03-05,FASI,268,Final,Unknown,Boulder_Women
Kids Cup Bouldern Jugend C+D -  Franken/Schwaben  - Kletterzentrum Landshut,2022-02-27,DIGITALROCK,12401,Final,Onsight,Boulder_Women
Kids Cup Bouldern Jugend C+D -  Franken/Schwaben  - Kletterzentrum Landshut,2022-02-27,DIGITALROCK,12401,Final,Onsight,Boulder_Men
Nominierungslehrgang  Bouldern/ Jugend B zur Bayerischen Meisterschaft  - Kletterzentrum Landshut,2022-02-26,DIGITALROCK,12381,Final,Onsight,Boulder_Women
Nominierungslehrgang  Bouldern/ Jugend B zur Bayerischen Meisterschaft  - Kletterzentrum Landshut,2022-02-26,DIGITALROCK,12381,Final,Onsight,Boulder_Men
Friuli Venezia Giulia 2° prova di qualifica U14 U20 Senior(B),2022-02-20,FASI,303,Qualification,Flash,Boulder_Women
Friuli Venezia Giulia 2° prova di qualifica U14 U20 Senior(B),2022-02-20,FASI,303,Qualification,Flash,Boulder_Men
Macro NO U20-18 Senior (B),2022-02-20,FASI,293,Qualification,Flash,Boulder_Women
Macro NO U20-18 Senior (B),2022-02-20,FASI,293,Qualification,Flash,Boulder_Men
Macro NO U20-18 Senior (B),2022-02-20,FASI,293,Final,Onsight,Boulder_Women
Macro NO U20-18 Senior (B),2022-02-20,FASI,293,Final,Onsight,Boulder_Men
Liguria Campionato Regionale 1° prova (B),2022-02-19,FASI,306,Qualification,Unknown,Boulder_Women
Liguria Campionato Regionale 1° prova (B),2022-02-19,FASI,306,Qualification,Unknown,Boulder_Men
Liguria Campionato Regionale 1° prova (B),2022-02-19,FASI,306,Final,Unknown,Boulder_Women
Liguria Campionato Regionale 1° prova (B),2022-02-19,FASI,306,Final,Unknown,Boulder_Men
Basilicata Campionato Regionale 1° prova (B),2022-02-13,FASI,308,Qualification,Unknown,Boulder_Women
Basilicata Campionato Regionale 1° prova (B),2022-02-13,FASI,308,Qualification,Unknown,Boulder_Men
Lazio 3ª prova  U16/18/20 2ª prova Senior (B),2022-02-13,FASI,305,Qualification,Unknown,Boulder_Women
Lazio 3ª prova  U16/18/20 2ª prova Senior (B),2022-02-13,FASI,305,Qualification,Unknown,Boulder_Men
Lazio 3ª prova  U16/18/20 2ª prova Senior (B),2022-02-13,FASI,305,Final,Unknown,Boulder_Women
Lazio 3ª prova  U16/18/20 2ª prova Senior (B),2022-02-13,FASI,305,Final,Unknown,Boulder_Men
Macro Sud 1° prova di qualifica U14 U20 Senior(B),2022-02-13,FASI,304,Qualification,Flash,Boulder_Women
Macro Sud 1° prova di qualifica U14 U20 Senior(B),2022-02-13,FASI,304,Qualification,Flash,Boulder_Men
Puglia Campionato Regionale 1° prova (B),2022-02-13,FASI,307,Qualification,Unknown,Boulder_Women
Puglia Campionato Regionale 1° prova (B),2022-02-13,FASI,307,Qualification,Unknown,Boulder_Men
Nominierungslehrgang  Bouldern/ Jugend B zur Bayerischen Meisterschaft  - E4 Nürnberg,2022-02-12,DIGITALROCK,12321,Final,Onsight,Boulder_Women
Nominierungslehrgang  Bouldern/ Jugend B zur Bayerischen Meisterschaft  - E4 Nürnberg,2022-02-12,DIGITALROCK,12321,Final,Onsight,Boulder_Men
Macro NO U20-18-Senior (B),2022-02-06,FASI,288,Qualification,Flash,Boulder_Women
Macro NO U20-18-Senior (B),2022-02-06,FASI,288,Qualification,Flash,Boulder_Men
Macro NO U20-18-Senior (B),2022-02-06,FASI,288,Final,Onsight,Boulder_Women
Macro NO U20-18-Senior (B),2022-02-06,FASI,288,Final,Onsight,Boulder_Men
Toscana prova di qualifica U20 Senior (B),2022-02-06,FASI,287,Qualification,Flash,Boulder_Women
Toscana prova di qualifica U20 Senior (B),2022-02-06,FASI,287,Qualification,Flash,Boulder_Men
Toscana prova di qualifica U20 Senior (B),2022-02-06,FASI,287,Final,Onsight,Boulder_Men
Toscana prova di qualifica U20 Senior (B),2022-02-06,FASI,287,Final,Onsight,Boulder_Women
"Hessische Meisterschaft Bouldern, Sportpark Kelkheim",2022-02-05,DIGITALROCK,12181,Final,Onsight,Boulder_Women
"Hessische Meisterschaft Bouldern, Sportpark Kelkheim",2022-02-05,DIGITALROCK,12181,Final,Onsight,Boulder_Men
Lazio 2° prova U16/18/20 1° prova Senior (B),2022-01-30,FASI,284,Qualification,Unknown,Boulder_Women
Lazio 2° prova U16/18/20 1° prova Senior (B),2022-01-30,FASI,284,Qualification,Unknown,Boulder_Men
Lazio 2° prova U16/18/20 1° prova Senior (B),2022-01-30,FASI,284,Final,Unknown,Boulder_Women
Lazio 2° prova U16/18/20 1° prova Senior (B),2022-01-30,FASI,284,Final,Unknown,Boulder_Men
Sicilia 1° prova di qualifica U14 U20 Senior (B),2022-01-30,FASI,300,Qualification,Flash,Boulder_Women
Sicilia 1° prova di qualifica U14 U20 Senior (B),2022-01-30,FASI,300,Qualification,Flash,Boulder_Men
Sicilia 1° prova di qualifica U14 U20 Senior (B),2022-01-30,FASI,300,Final,Onsight,Boulder_Women
Sicilia 1° prova di qualifica U14 U20 Senior (B),2022-01-30,FASI,300,Final,Onsight,Boulder_Men
Macro NO Boulder - U20 U18 Senior,2022-01-23,FASI,260,Qualification,Flash,Boulder_Women
Macro NO Boulder - U20 U18 Senior,2022-01-23,FASI,260,Qualification,Flash,Boulder_Men
Macro NO Boulder - U20 U18 Senior,2022-01-23,FASI,260,Final,Onsight,Boulder_Women
Macro NO Boulder - U20 U18 Senior,2022-01-23,FASI,260,Final,Onsight,Boulder_Men
TAA Campionato Regionale (B),2022-01-22,FASI,258,Qualification,Unknown,Boulder_Women
TAA Campionato Regionale (B),2022-01-22,FASI,258,Qualification,Unknown,Boulder_Men
Emilia Romagna Campionato Regionale 1° prova (B),2022-01-09,FASI,250,Qualification,Unknown,Boulder_Men
Emilia Romagna Campionato Regionale 1° prova (B),2022-01-09,FASI,250,Qualification,Unknown,Boulder_Women
Emilia Romagna Campionato Regionale 1° prova (B),2022-01-09,FASI,250,Final,Unknown,Boulder_Men
Emilia Romagna Campionato Regionale 1° prova (B),2022-01-09,FASI,250,Final,Unknown,Boulder_Women
Abruzzo/Molise 2° prova di qualifica U20 Senior (B),2022-01-08,FASI,266,Qualification,Flash,Boulder_Women
Abruzzo/Molise 2° prova di qualifica U20 Senior (B),2022-01-08,FASI,266,Qualification,Flash,Boulder_Men
Abruzzo/Molise 2° prova di qualifica U20 Senior (B),2022-01-08,FASI,266,Final,Onsight,Boulder_Women
Abruzzo/Molise 2° prova di qualifica U20 Senior (B),2022-01-08,FASI,266,Final,Onsight,Boulder_Men
Abruzzo/Molise 1° prova di qualifica U20 Senior (B),2021-12-18,FASI,240,Qualification,Flash,Boulder_Women
Abruzzo/Molise 1° prova di qualifica U20 Senior (B),2021-12-18,FASI,240,Qualification,Flash,Boulder_Men
Abruzzo/Molise 1° prova di qualifica U20 Senior (B),2021-12-18,FASI,240,Final,Onsight,Boulder_Women
Abruzzo/Molise 1° prova di qualifica U20 Senior (B),2021-12-18,FASI,240,Final,Onsight,Boulder_Men
"IFSC Africa - Continental Championships (B,S,L) - Johannesburg (RSA) 2021",2021-12-16,IFSC,1252,Qualification,Onsight,Boulder_Men
"IFSC Africa - Continental Championships (B,S,L) - Johannesburg (RSA) 2021",2021-12-16,IFSC,1252,Qualification,Onsight,Boulder_Women
"IFSC Africa - Continental Championships (B,S,L) - Johannesburg (RSA) 2021",2021-12-16,IFSC,1252,Final,Onsight,Boulder_Men
"IFSC Africa - Continental Championships (B,S,L) - Johannesburg (RSA) 2021",2021-12-16,IFSC,1252,Final,Onsight,Boulder_Women
Campania Campionato Regionale (B),2021-12-12,FASI,227,Qualification,Unknown,Boulder_Women
Campania Campionato Regionale (B),2021-12-12,FASI,227,Qualification,Unknown,Boulder_Men
Campania Campionato Regionale (B),2021-12-12,FASI,227,Final,Unknown,Boulder_Women
Campania Campionato Regionale (B),2021-12-12,FASI,227,Final,Unknown,Boulder_Men
Toscana Trofeo Senior (B),2021-12-12,FASI,239,Qualification,Unknown,Boulder_Women
Toscana Trofeo Senior (B),2021-12-12,FASI,239,Qualification,Unknown,Boulder_Men
Toscana Trofeo Senior (B),2021-12-12,FASI,239,Final,Unknown,Boulder_Women
Toscana Trofeo Senior (B),2021-12-12,FASI,239,Final,Unknown,Boulder_Men
"IFSC Pan Am - Continental Championships (B,S,L) - Ibarra (ECU) 2021",2021-11-30,IFSC,1231,Qualification,Onsight,Boulder_Men
"IFSC Pan Am - Continental Championships (B,S,L) - Ibarra (ECU) 2021",2021-11-30,IFSC,1231,Qualification,Onsight,Boulder_Women
"IFSC Pan Am - Continental Championships (B,S,L) - Ibarra (ECU) 2021",2021-11-30,IFSC,1231,Final,Onsight,Boulder_Men
"IFSC Pan Am - Continental Championships (B,S,L) - Ibarra (ECU) 2021",2021-11-30,IFSC,1231,Final,Onsight,Boulder_Women
Basilicata Campionato Regionale (B),2021-11-28,FASI,230,Qualification,Unknown,Boulder_Women
Basilicata Campionato Regionale (B),2021-11-28,FASI,230,Qualification,Unknown,Boulder_Men
Basilicata Campionato Regionale (B),2021-11-28,FASI,230,Final,Unknown,Boulder_Women
Basilicata Campionato Regionale (B),2021-11-28,FASI,230,Final,Unknown,Boulder_Men
Lazio 1° prova U16/18/20 (B),2021-11-28,FASI,236,Qualification,Unknown,Boulder_Women
Lazio 1° prova U16/18/20 (B),2021-11-28,FASI,236,Qualification,Unknown,Boulder_Men
Lazio 1° prova U16/18/20 (B),2021-11-28,FASI,236,Final,Unknown,Boulder_Women
Lazio 1° prova U16/18/20 (B),2021-11-28,FASI,236,Final,Unknown,Boulder_Men
Senior Boulder Nationals,2021-11-27,CEC,1,Qualification,Flash,Boulder_Men
Senior Boulder Nationals,2021-11-27,CEC,1,Qualification,Flash,Boulder_Women
Senior Boulder Nationals,2021-11-27,CEC,1,Semi-final,Unknown,Boulder_Men
Senior Boulder Nationals,2021-11-27,CEC,1,Semi-final,Unknown,Boulder_Women
Senior Boulder Nationals,2021-11-27,CEC,1,Final,Unknown,Boulder_Men
Senior Boulder Nationals,2021-11-27,CEC,1,Final,Unknown,Boulder_Women
Lombardia Campionato Regionale (B),2021-11-21,FASI,225,Qualification,Unknown,Boulder_Women
Lombardia Campionato Regionale (B),2021-11-21,FASI,225,Qualification,Unknown,Boulder_Men
Lombardia Campionato Regionale (B),2021-11-21,FASI,225,Final,Unknown,Boulder_Women
Lombardia Campionato Regionale (B),2021-11-21,FASI,225,Final,Unknown,Boulder_Men
Puglia Campionato Regionale (B),2021-11-14,FASI,223,Qualification,Unknown,Boulder_Women
Puglia Campionato Regionale (B),2021-11-14,FASI,223,Qualification,Unknown,Boulder_Men
Puglia Campionato Regionale (B),2021-11-14,FASI,223,Final,Unknown,Boulder_Women
Puglia Campionato Regionale (B),2021-11-14,FASI,223,Final,Unknown,Boulder_Men
Zürcher Klettermeisterschaft 2021 (Boulder) - Minimum Zürich,2021-11-13,SAC-CAS,691,Qualification,Unknown,Boulder_Women
Zürcher Klettermeisterschaft 2021 (Boulder) - Minimum Zürich,2021-11-13,SAC-CAS,691,Qualification,Unknown,Boulder_Men
Zürcher Klettermeisterschaft 2021 (Boulder) - Minimum Zürich,2021-11-13,SAC-CAS,691,Final,Unknown,Boulder_Women
Zürcher Klettermeisterschaft 2021 (Boulder) - Minimum Zürich,2021-11-13,SAC-CAS,691,Final,Unknown,Boulder_Men
Offene Norddeutsche Jugendmeisterschaft Bouldern im BIG - Bouldern in Göttingen,2021-11-06,DIGITALROCK,12001,Final,Onsight,Boulder_Women
Offene Norddeutsche Jugendmeisterschaft Bouldern im BIG - Bouldern in Göttingen,2021-11-06,DIGITALROCK,12001,Final,Onsight,Boulder_Men
IFSC Europe - Continental Youth Cup (B) - Soure (POR) 2021,2021-10-09,IFSC,1212,Qualification,Flash,Boulder_Men
IFSC Europe - Continental Youth Cup (B) - Soure (POR) 2021,2021-10-09,IFSC,1212,Qualification,Flash,Boulder_Women
IFSC Europe - Continental Youth Cup (B) - Soure (POR) 2021,2021-10-09,IFSC,1212,Final,Onsight,Boulder_Men
IFSC Europe - Continental Youth Cup (B) - Soure (POR) 2021,2021-10-09,IFSC,1212,Final,Onsight,Boulder_Women
Baden-Württembergischer Jugendcup Bouldern 2021 - Tübingen,2021-09-25,DIGITALROCK,11841,Final,Onsight,Boulder_Women
Baden-Württembergischer Jugendcup Bouldern 2021 - Tübingen,2021-09-25,DIGITALROCK,11841,Final,Onsight,Boulder_Men
Bayerische Jugendmeisterschaft A/B/C Bouldern - DAV Kletterzentrum Augsburg,2021-09-25,DIGITALROCK,11941,Final,Onsight,Boulder_Men
Bayerische Jugendmeisterschaft A/B/C Bouldern - DAV Kletterzentrum Augsburg,2021-09-25,DIGITALROCK,11941,Final,Onsight,Boulder_Women
"IFSC - Climbing World Championships (B,L,S) - Moscow 2021",2021-09-16,IFSC,1185,Qualification,Onsight,Boulder_Men
"IFSC - Climbing World Championships (B,L,S) - Moscow 2021",2021-09-16,IFSC,1185,Qualification,Onsight,Boulder_Women
"IFSC - Climbing World Championships (B,L,S) - Moscow 2021",2021-09-16,IFSC,1185,Semi-final,Onsight,Boulder_Men
"IFSC - Climbing World Championships (B,L,S) - Moscow 2021",2021-09-16,IFSC,1185,Semi-final,Onsight,Boulder_Women
"IFSC - Climbing World Championships (B,L,S) - Moscow 2021",2021-09-16,IFSC,1185,Final,Onsight,Boulder_Men
"IFSC - Climbing World Championships (B,L,S) - Moscow 2021",2021-09-16,IFSC,1185,Final,Onsight,Boulder_Women
"IFSC - Climbing Youth World Championships (B,L,S) - Voronezh (RUS) 2021",2021-08-21,IFSC,1186,Qualification,Flash,Boulder_Men
"IFSC - Climbing Youth World Championships (B,L,S) - Voronezh (RUS) 2021",2021-08-21,IFSC,1186,Qualification,Flash,Boulder_Women
"IFSC - Climbing Youth World Championships (B,L,S) - Voronezh (RUS) 2021",2021-08-21,IFSC,1186,Semi-final,Onsight,Boulder_Men
"IFSC - Climbing Youth World Championships (B,L,S) - Voronezh (RUS) 2021",2021-08-21,IFSC,1186,Semi-final,Onsight,Boulder_Women
"IFSC - Climbing Youth World Championships (B,L,S) - Voronezh (RUS) 2021",2021-08-21,IFSC,1186,Final,Onsight,Boulder_Men
"IFSC - Climbing Youth World Championships (B,L,S) - Voronezh (RUS) 2021",2021-08-21,IFSC,1186,Final,Onsight,Boulder_Women
IFSC Europe - Continental Cup (B) - Krakow (POL) 2021,2021-08-07,IFSC,1207,Qualification,Onsight,Boulder_Men
IFSC Europe - Continental Cup (B) - Krakow (POL) 2021,2021-08-07,IFSC,1207,Qualification,Onsight,Boulder_Women
IFSC Europe - Continental Cup (B) - Krakow (POL) 2021,2021-08-07,IFSC,1207,Semi-final,Onsight,Boulder_Men
IFSC Europe - Continental Cup (B) - Krakow (POL) 2021,2021-08-07,IFSC,1207,Semi-final,Onsight,Boulder_Women
IFSC Europe - Continental Cup (B) - Krakow (POL) 2021,2021-08-07,IFSC,1207,Final,Onsight,Boulder_Men
IFSC Europe - Continental Cup (B) - Krakow (POL) 2021,2021-08-07,IFSC,1207,Final,Onsight,Boulder_Women
Baden-Württembergischer Jugendcup Bouldern 2021 - Stuttgart Rockerei,2021-07-24,DIGITALROCK,11821,Final,Onsight,Boulder_Women
Baden-Württembergischer Jugendcup Bouldern 2021 - Stuttgart Rockerei,2021-07-24,DIGITALROCK,11821,Final,Onsight,Boulder_Men
"IFSC - Climbing World Cup (B,L) - Innsbruck (AUT) 2021",2021-06-23,IFSC,1193,Qualification,Onsight,Boulder_Men
"IFSC - Climbing World Cup (B,L) - Innsbruck (AUT) 2021",2021-06-23,IFSC,1193,Qualification,Onsight,Boulder_Women
"IFSC - Climbing World Cup (B,L) - Innsbruck (AUT) 2021",2021-06-23,IFSC,1193,Semi-final,Onsight,Boulder_Men
"IFSC - Climbing World Cup (B,L) - Innsbruck (AUT) 2021",2021-06-23,IFSC,1193,Semi-final,Onsight,Boulder_Women
"IFSC - Climbing World Cup (B,L) - Innsbruck (AUT) 2021",2021-06-23,IFSC,1193,Final,Onsight,Boulder_Men
"IFSC - Climbing World Cup (B,L) - Innsbruck (AUT) 2021",2021-06-23,IFSC,1193,Final,Onsight,Boulder_Women
4. Deutscher Jugendcup (B) 2021 - Mannheim,2021-06-19,DIGITALROCK,11601,Final,Onsight,Boulder_Men
4. Deutscher Jugendcup (B) 2021 - Mannheim,2021-06-19,DIGITALROCK,11601,Final,Onsight,Boulder_Women
Campionato Italiano Boulder,2021-06-18,FASI,205,Qualification,Unknown,Boulder_Men
Campionato Italiano Boulder,2021-06-18,FASI,205,Qualification,Unknown,Boulder_Women
Campionato Italiano Boulder,2021-06-18,FASI,205,Semi-final,Unknown,Boulder_Men
Campionato Italiano Boulder,2021-06-18,FASI,205,Semi-final,Unknown,Boulder_Women
Campionato Italiano Boulder,2021-06-18,FASI,205,Final,Unknown,Boulder_Men
Campionato Italiano Boulder,2021-06-18,FASI,205,Final,Unknown,Boulder_Women
Sardegna 3° prova Campionato regionale Senior Boulder,2021-06-13,FASI,202,Qualification,Unknown,Boulder_Women
Sardegna 3° prova Campionato regionale Senior Boulder,2021-06-13,FASI,202,Qualification,Unknown,Boulder_Men
Sardegna 3° prova Campionato regionale Senior Boulder,2021-06-13,FASI,202,Final,Unknown,Boulder_Women
Sardegna 3° prova Campionato regionale Senior Boulder,2021-06-13,FASI,202,Final,Unknown,Boulder_Men
1a Simulazione Olimpica,2021-06-08,FASI,203,Qualification,Unknown,Boulder_Women
1a Simulazione Olimpica,2021-06-08,FASI,203,Qualification,Unknown,Boulder_Men
Sardegna 2° prova Campionato regionale Senior Boulder,2021-06-06,FASI,199,Qualification,Unknown,Boulder_Women
Sardegna 2° prova Campionato regionale Senior Boulder,2021-06-06,FASI,199,Qualification,Unknown,Boulder_Men
Sardegna 2° prova Campionato regionale Senior Boulder,2021-06-06,FASI,199,Final,Unknown,Boulder_Women
Sardegna 2° prova Campionato regionale Senior Boulder,2021-06-06,FASI,199,Final,Unknown,Boulder_Men
SportXX Swiss Climbing Cup 2021 - Boulder-Schweizermeisterschaft B2 Pratteln ,2021-06-05,SAC-CAS,680,Qualification,Unknown,Boulder_Women
SportXX Swiss Climbing Cup 2021 - Boulder-Schweizermeisterschaft B2 Pratteln ,2021-06-05,SAC-CAS,680,Qualification,Unknown,Boulder_Men
SportXX Swiss Climbing Cup 2021 - Boulder-Schweizermeisterschaft B2 Pratteln ,2021-06-05,SAC-CAS,680,Final,Unknown,Boulder_Women
SportXX Swiss Climbing Cup 2021 - Boulder-Schweizermeisterschaft B2 Pratteln ,2021-06-05,SAC-CAS,680,Final,Unknown,Boulder_Men
SportXX Youth Climbing Cup 2021 - Boulder-SM Quadrel Domat/Ems - 29.5. U16+U14/30.5. U12 ,2021-05-29,SAC-CAS,679,Qualification,Flash,Boulder_Women
SportXX Youth Climbing Cup 2021 - Boulder-SM Quadrel Domat/Ems - 29.5. U16+U14/30.5. U12 ,2021-05-29,SAC-CAS,679,Qualification,Flash,Boulder_Men
SportXX Youth Climbing Cup 2021 - Boulder-SM Quadrel Domat/Ems - 29.5. U16+U14/30.5. U12 ,2021-05-29,SAC-CAS,679,Final,Onsight,Boulder_Women
SportXX Youth Climbing Cup 2021 - Boulder-SM Quadrel Domat/Ems - 29.5. U16+U14/30.5. U12 ,2021-05-29,SAC-CAS,679,Final,Onsight,Boulder_Men
"IFSC - Climbing World Cup (B,S) - Salt Lake City (USA) 2021",2021-05-28,IFSC,1192,Qualification,Onsight,Boulder_Men
"IFSC - Climbing World Cup (B,S) - Salt Lake City (USA) 2021",2021-05-28,IFSC,1192,Qualification,Onsight,Boulder_Women
"IFSC - Climbing World Cup (B,S) - Salt Lake City (USA) 2021",2021-05-28,IFSC,1192,Semi-final,Onsight,Boulder_Men
"IFSC - Climbing World Cup (B,S) - Salt Lake City (USA) 2021",2021-05-28,IFSC,1192,Semi-final,Onsight,Boulder_Women
"IFSC - Climbing World Cup (B,S) - Salt Lake City (USA) 2021",2021-05-28,IFSC,1192,Final,Onsight,Boulder_Men
"IFSC - Climbing World Cup (B,S) - Salt Lake City (USA) 2021",2021-05-28,IFSC,1192,Final,Onsight,Boulder_Women
Marche/Umbria 4° prova di qualifica U14-20 Senior Boulder,2021-05-22,FASI,193,Qualification,Unknown,Boulder_Women
Marche/Umbria 4° prova di qualifica U14-20 Senior Boulder,2021-05-22,FASI,193,Qualification,Unknown,Boulder_Men
Marche/Umbria 4° prova di qualifica U14-20 Senior Boulder,2021-05-22,FASI,193,Final,Unknown,Boulder_Women
Marche/Umbria 4° prova di qualifica U14-20 Senior Boulder,2021-05-22,FASI,193,Final,Unknown,Boulder_Men
IFSC - Climbing World Cup (B) - Salt Lake City (USA) 2021,2021-05-21,IFSC,1190,Qualification,Onsight,Boulder_Men
IFSC - Climbing World Cup (B) - Salt Lake City (USA) 2021,2021-05-21,IFSC,1190,Qualification,Onsight,Boulder_Women
IFSC - Climbing World Cup (B) - Salt Lake City (USA) 2021,2021-05-21,IFSC,1190,Semi-final,Onsight,Boulder_Men
IFSC - Climbing World Cup (B) - Salt Lake City (USA) 2021,2021-05-21,IFSC,1190,Semi-final,Onsight,Boulder_Women
IFSC - Climbing World Cup (B) - Salt Lake City (USA) 2021,2021-05-21,IFSC,1190,Final,Onsight,Boulder_Men
IFSC - Climbing World Cup (B) - Salt Lake City (USA) 2021,2021-05-21,IFSC,1190,Final,Onsight,Boulder_Women
Marche Campionato Regionale Boulder,2021-05-16,FASI,164,Qualification,Unknown,Boulder_Women
Marche Campionato Regionale Boulder,2021-05-16,FASI,164,Qualification,Unknown,Boulder_Men
Marche Campionato Regionale Boulder,2021-05-16,FASI,164,Final,Unknown,Boulder_Women
Marche Campionato Regionale Boulder,2021-05-16,FASI,164,Final,Unknown,Boulder_Men
IFSC Europe - Continental Youth Cup (B) - Graz (AUT) 2021,2021-05-14,IFSC,1213,Qualification,Flash,Boulder_Men
IFSC Europe - Continental Youth Cup (B) - Graz (AUT) 2021,2021-05-14,IFSC,1213,Qualification,Flash,Boulder_Women
IFSC Europe - Continental Youth Cup (B) - Graz (AUT) 2021,2021-05-14,IFSC,1213,Final,Onsight,Boulder_Men
IFSC Europe - Continental Youth Cup (B) - Graz (AUT) 2021,2021-05-14,IFSC,1213,Final,Onsight,Boulder_Women
Abruzzo 2° prova di qualifica U14-20 Senior Boulder,2021-05-08,FASI,173,Qualification,Unknown,Boulder_Women
Abruzzo 2° prova di qualifica U14-20 Senior Boulder,2021-05-08,FASI,173,Qualification,Unknown,Boulder_Men
Abruzzo 2° prova di qualifica U14-20 Senior Boulder,2021-05-08,FASI,173,Final,Unknown,Boulder_Women
Abruzzo 2° prova di qualifica U14-20 Senior Boulder,2021-05-08,FASI,173,Final,Unknown,Boulder_Men
Toscana 3° prova di qualifica U14 U20 Senior Boulder,2021-05-08,FASI,165,Qualification,Flash,Boulder_Women
Toscana 3° prova di qualifica U14 U20 Senior Boulder,2021-05-08,FASI,165,Qualification,Flash,Boulder_Men
Toscana 3° prova di qualifica U14 U20 Senior Boulder,2021-05-08,FASI,165,Final,Onsight,Boulder_Women
Toscana 3° prova di qualifica U14 U20 Senior Boulder,2021-05-08,FASI,165,Final,Onsight,Boulder_Men
"IFSC Europe - Continental Youth Championships (B,S,L) - Perm (RUS)",2021-05-01,IFSC,1221,Qualification,Flash,Boulder_Men
"IFSC Europe - Continental Youth Championships (B,S,L) - Perm (RUS)",2021-05-01,IFSC,1221,Qualification,Flash,Boulder_Women
"IFSC Europe - Continental Youth Championships (B,S,L) - Perm (RUS)",2021-05-01,IFSC,1221,Semi-final,Onsight,Boulder_Men
"IFSC Europe - Continental Youth Championships (B,S,L) - Perm (RUS)",2021-05-01,IFSC,1221,Semi-final,Onsight,Boulder_Women
"IFSC Europe - Continental Youth Championships (B,S,L) - Perm (RUS)",2021-05-01,IFSC,1221,Final,Onsight,Boulder_Men
"IFSC Europe - Continental Youth Championships (B,S,L) - Perm (RUS)",2021-05-01,IFSC,1221,Final,Onsight,Boulder_Women
Bay. Nominierungslehrgang_Bouldern -  Bayerische Jugendkaderathleten ,2021-04-24,DIGITALROCK,11431,Final,Onsight,Boulder_Women
Bay. Nominierungslehrgang_Bouldern -  Bayerische Jugendkaderathleten ,2021-04-24,DIGITALROCK,11431,Final,Onsight,Boulder_Men
Coppa Italia Boulder 3° Prova,2021-04-24,FASI,145,Qualification,Unknown,Boulder_Men
Coppa Italia Boulder 3° Prova,2021-04-24,FASI,145,Qualification,Unknown,Boulder_Women
Coppa Italia Boulder 3° Prova,2021-04-24,FASI,145,Semi-final,Unknown,Boulder_Men
Coppa Italia Boulder 3° Prova,2021-04-24,FASI,145,Semi-final,Unknown,Boulder_Women
Coppa Italia Boulder 3° Prova,2021-04-24,FASI,145,Final,Unknown,Boulder_Men
Coppa Italia Boulder 3° Prova,2021-04-24,FASI,145,Final,Unknown,Boulder_Women
Friuli Venezia Giulia prova di qualifica U14 U20 Senior Boulder,2021-04-24,FASI,156,Qualification,Flash,Boulder_Women
Friuli Venezia Giulia prova di qualifica U14 U20 Senior Boulder,2021-04-24,FASI,156,Qualification,Flash,Boulder_Men
Veneto 3° prova di qualifica U20 Senior Boulder,2021-04-18,FASI,151,Qualification,Flash,Boulder_Women
Veneto 3° prova di qualifica U20 Senior Boulder,2021-04-18,FASI,151,Qualification,Flash,Boulder_Men
IFSC - Climbing World Cup (B) - Meiringen (SUI) 2021,2021-04-16,IFSC,1187,Qualification,Onsight,Boulder_Men
IFSC - Climbing World Cup (B) - Meiringen (SUI) 2021,2021-04-16,IFSC,1187,Qualification,Onsight,Boulder_Women
IFSC - Climbing World Cup (B) - Meiringen (SUI) 2021,2021-04-16,IFSC,1187,Semi-final,Onsight,Boulder_Men
IFSC - Climbing World Cup (B) - Meiringen (SUI) 2021,2021-04-16,IFSC,1187,Semi-final,Onsight,Boulder_Women
IFSC - Climbing World Cup (B) - Meiringen (SUI) 2021,2021-04-16,IFSC,1187,Final,Onsight,Boulder_Men
IFSC - Climbing World Cup (B) - Meiringen (SUI) 2021,2021-04-16,IFSC,1187,Final,Onsight,Boulder_Women
IFSC Europe - Continental Cup (B) - Klagenfurt (AUT) 2021,2021-04-10,IFSC,1205,Qualification,Onsight,Boulder_Men
IFSC Europe - Continental Cup (B) - Klagenfurt (AUT) 2021,2021-04-10,IFSC,1205,Qualification,Onsight,Boulder_Women
IFSC Europe - Continental Cup (B) - Klagenfurt (AUT) 2021,2021-04-10,IFSC,1205,Semi-final,Onsight,Boulder_Men
IFSC Europe - Continental Cup (B) - Klagenfurt (AUT) 2021,2021-04-10,IFSC,1205,Semi-final,Onsight,Boulder_Women
IFSC Europe - Continental Cup (B) - Klagenfurt (AUT) 2021,2021-04-10,IFSC,1205,Final,Onsight,Boulder_Men
IFSC Europe - Continental Cup (B) - Klagenfurt (AUT) 2021,2021-04-10,IFSC,1205,Final,Onsight,Boulder_Women
"Rheinland-Pfälzische Meisterschaft Bouldern, RockTown Kaiserslautern ",2021-04-10,DIGITALROCK,11291,Final,Onsight,Boulder_Women
"Rheinland-Pfälzische Meisterschaft Bouldern, RockTown Kaiserslautern ",2021-04-10,DIGITALROCK,11291,Final,Onsight,Boulder_Men
SportXX Youth Climbing Cup 2021 (B) - Isatis Aarburg - U12,2021-04-10,SAC-CAS,677,Qualification,Flash,Boulder_Women
SportXX Youth Climbing Cup 2021 (B) - Isatis Aarburg - U12,2021-04-10,SAC-CAS,677,Qualification,Flash,Boulder_Men
SportXX Youth Climbing Cup 2021 (B) - Isatis Aarburg - U12,2021-04-10,SAC-CAS,677,Final,Onsight,Boulder_Women
SportXX Youth Climbing Cup 2021 (B) - Isatis Aarburg - U12,2021-04-10,SAC-CAS,677,Final,Onsight,Boulder_Men
1. Nominierungswettkampf Bouldern - Nationalkader Jugend,2021-03-27,DIGITALROCK,11701,Final,Onsight,Boulder_Men
1. Nominierungswettkampf Bouldern - Nationalkader Jugend,2021-03-27,DIGITALROCK,11701,Final,Onsight,Boulder_Women
SportXX Youth Climbing Cup 2021 (B) - Grip Biel - 27.3. U16 / 28.3. U14 ,2021-03-27,SAC-CAS,676,Qualification,Flash,Boulder_Women
SportXX Youth Climbing Cup 2021 (B) - Grip Biel - 27.3. U16 / 28.3. U14 ,2021-03-27,SAC-CAS,676,Qualification,Flash,Boulder_Men
SportXX Youth Climbing Cup 2021 (B) - Grip Biel - 27.3. U16 / 28.3. U14 ,2021-03-27,SAC-CAS,676,Final,Onsight,Boulder_Women
SportXX Youth Climbing Cup 2021 (B) - Grip Biel - 27.3. U16 / 28.3. U14 ,2021-03-27,SAC-CAS,676,Final,Onsight,Boulder_Men
Coppa Italia Boulder 2° Prova,2021-03-26,FASI,77,Qualification,Unknown,Boulder_Men
Coppa Italia Boulder 2° Prova,2021-03-26,FASI,77,Qualification,Unknown,Boulder_Women
Coppa Italia Boulder 2° Prova,2021-03-26,FASI,77,Semi-final,Unknown,Boulder_Men
Coppa Italia Boulder 2° Prova,2021-03-26,FASI,77,Semi-final,Unknown,Boulder_Women
Coppa Italia Boulder 2° Prova,2021-03-26,FASI,77,Final,Unknown,Boulder_Men
Coppa Italia Boulder 2° Prova,2021-03-26,FASI,77,Final,Unknown,Boulder_Women
USA Climbing National Team Trials,2021-03-25,USAC,1,Qualification,Unknown,Boulder_Men
USA Climbing National Team Trials,2021-03-25,USAC,1,Qualification,Unknown,Boulder_Women
USA Climbing National Team Trials,2021-03-25,USAC,1,Semi-final,Unknown,Boulder_Men
USA Climbing National Team Trials,2021-03-25,USAC,1,Semi-final,Unknown,Boulder_Women
USA Climbing National Team Trials,2021-03-25,USAC,1,Final,Unknown,Boulder_Men
USA Climbing National Team Trials,2021-03-25,USAC,1,Final,Unknown,Boulder_Women
1. Deutscher Jugendcup (B) 2021 - Nürnberg,2021-03-20,DIGITALROCK,11571,Final,Onsight,Boulder_Men
1. Deutscher Jugendcup (B) 2021 - Nürnberg,2021-03-20,DIGITALROCK,11571,Final,Onsight,Boulder_Women
Liguria Campionato regionale 1° tappa Boulder,2021-03-20,FASI,75,Qualification,Unknown,Boulder_Women
Liguria Campionato regionale 1° tappa Boulder,2021-03-20,FASI,75,Qualification,Unknown,Boulder_Men
Liguria Campionato regionale 1° tappa Boulder,2021-03-20,FASI,75,Final,Unknown,Boulder_Women
Liguria Campionato regionale 1° tappa Boulder,2021-03-20,FASI,75,Final,Unknown,Boulder_Men
SportXX Swiss Climbing Cup CAS 2021 (B) - L'Entrepôt Bulle - 20.3. Elite / 21.3. U18,2021-03-20,SAC-CAS,675,Qualification,Unknown,Boulder_Women
SportXX Swiss Climbing Cup CAS 2021 (B) - L'Entrepôt Bulle - 20.3. Elite / 21.3. U18,2021-03-20,SAC-CAS,675,Qualification,Unknown,Boulder_Men
SportXX Swiss Climbing Cup CAS 2021 (B) - L'Entrepôt Bulle - 20.3. Elite / 21.3. U18,2021-03-20,SAC-CAS,675,Final,Unknown,Boulder_Women
SportXX Swiss Climbing Cup CAS 2021 (B) - L'Entrepôt Bulle - 20.3. Elite / 21.3. U18,2021-03-20,SAC-CAS,675,Final,Unknown,Boulder_Men
Trial Giovanile Boulder Lead Speed,2021-03-13,FASI,78,Qualification,Unknown,Boulder_Women
Trial Giovanile Boulder Lead Speed,2021-03-13,FASI,78,Qualification,Unknown,Boulder_Men
Emilia Romagna 1° tappa Campionato regionale Boulder,2021-03-07,FASI,50,Qualification,Unknown,Boulder_Men
Emilia Romagna 1° tappa Campionato regionale Boulder,2021-03-07,FASI,50,Qualification,Unknown,Boulder_Women
Emilia Romagna 1° tappa Campionato regionale Boulder,2021-03-07,FASI,50,Final,Unknown,Boulder_Men
Emilia Romagna 1° tappa Campionato regionale Boulder,2021-03-07,FASI,50,Final,Unknown,Boulder_Women
Lazio 2° prova di qualifica U20 + Senior Boulder,2021-03-07,FASI,60,Qualification,Flash,Boulder_Women
Lazio 2° prova di qualifica U20 + Senior Boulder,2021-03-07,FASI,60,Qualification,Flash,Boulder_Men
Lazio 2° prova di qualifica U20 + Senior Boulder,2021-03-07,FASI,60,Final,Onsight,Boulder_Women
Lazio 2° prova di qualifica U20 + Senior Boulder,2021-03-07,FASI,60,Final,Onsight,Boulder_Men
Sardegna 1° prova Campionato regionale Senior Boulder,2021-03-07,FASI,62,Qualification,Unknown,Boulder_Women
Sardegna 1° prova Campionato regionale Senior Boulder,2021-03-07,FASI,62,Qualification,Unknown,Boulder_Men
Sardegna 1° prova Campionato regionale Senior Boulder,2021-03-07,FASI,62,Final,Unknown,Boulder_Women
Sardegna 1° prova Campionato regionale Senior Boulder,2021-03-07,FASI,62,Final,Unknown,Boulder_Men
Sicilia 3° prova di qualifica U14 U20 Senior Boulder,2021-03-07,FASI,64,Qualification,Flash,Boulder_Women
Sicilia 3° prova di qualifica U14 U20 Senior Boulder,2021-03-07,FASI,64,Qualification,Flash,Boulder_Men
Sicilia 3° prova di qualifica U14 U20 Senior Boulder,2021-03-07,FASI,64,Final,Onsight,Boulder_Women
Sicilia 3° prova di qualifica U14 U20 Senior Boulder,2021-03-07,FASI,64,Final,Onsight,Boulder_Men
Abruzzo 1° prova di qualifica U14-20 Senior Boulder,2021-03-06,FASI,58,Qualification,Unknown,Boulder_Women
Abruzzo 1° prova di qualifica U14-20 Senior Boulder,2021-03-06,FASI,58,Qualification,Unknown,Boulder_Men
Abruzzo 1° prova di qualifica U14-20 Senior Boulder,2021-03-06,FASI,58,Final,Unknown,Boulder_Women
Abruzzo 1° prova di qualifica U14-20 Senior Boulder,2021-03-06,FASI,58,Final,Unknown,Boulder_Men
Friuli Venezia Giulia prova di qualifica U18-20 Senior Boulder,2021-03-06,FASI,41,Qualification,Unknown,Boulder_Women
Friuli Venezia Giulia prova di qualifica U18-20 Senior Boulder,2021-03-06,FASI,41,Qualification,Unknown,Boulder_Men
Friuli Venezia Giulia prova di qualifica U18-20 Senior Boulder,2021-03-06,FASI,41,Final,Unknown,Boulder_Men
Trial Boulder Senior,2021-03-06,FASI,74,Qualification,Unknown,Boulder_Women
Trial Boulder Senior,2021-03-06,FASI,74,Qualification,Unknown,Boulder_Men
Toscana 2° prova di qualifica U14 U20 Senior Boulder,2021-02-28,FASI,55,Qualification,Flash,Boulder_Women
Toscana 2° prova di qualifica U14 U20 Senior Boulder,2021-02-28,FASI,55,Qualification,Flash,Boulder_Men
Toscana 2° prova di qualifica U14 U20 Senior Boulder,2021-02-28,FASI,55,Final,Onsight,Boulder_Women
Toscana 2° prova di qualifica U14 U20 Senior Boulder,2021-02-28,FASI,55,Final,Onsight,Boulder_Men
Test,2021-02-26,FASI,65,Qualification,Unknown,Boulder_Men
"Hessische Bouldermeisterschaft, Sportpark Kelkheim ",2021-02-20,DIGITALROCK,11271,Final,Onsight,Boulder_Men
"Hessische Bouldermeisterschaft, Sportpark Kelkheim ",2021-02-20,DIGITALROCK,11271,Final,Onsight,Boulder_Women
Piemonte/Valle D'Aosta Campionato Regionale Senior Boulder,2021-02-20,FASI,40,Qualification,Unknown,Boulder_Women
Piemonte/Valle D'Aosta Campionato Regionale Senior Boulder,2021-02-20,FASI,40,Qualification,Unknown,Boulder_Men
Piemonte/Valle D'Aosta Campionato Regionale Senior Boulder,2021-02-20,FASI,40,Final,Unknown,Boulder_Women
Piemonte/Valle D'Aosta Campionato Regionale Senior Boulder,2021-02-20,FASI,40,Final,Unknown,Boulder_Men
Coppa Italia Boulder 1° Prova,2021-02-13,FASI,32,Qualification,Unknown,Boulder_Men
Coppa Italia Boulder 1° Prova,2021-02-13,FASI,32,Qualification,Unknown,Boulder_Women
Coppa Italia Boulder 1° Prova,2021-02-13,FASI,32,Semi-final,Unknown,Boulder_Men
Coppa Italia Boulder 1° Prova,2021-02-13,FASI,32,Semi-final,Unknown,Boulder_Women
Coppa Italia Boulder 1° Prova,2021-02-13,FASI,32,Final,Unknown,Boulder_Men
Coppa Italia Boulder 1° Prova,2021-02-13,FASI,32,Final,Unknown,Boulder_Women
Lazio 1° prova di qualifica U20 Senior Boulder,2021-02-07,FASI,36,Qualification,Flash,Boulder_Women
Lazio 1° prova di qualifica U20 Senior Boulder,2021-02-07,FASI,36,Qualification,Flash,Boulder_Men
Lazio 1° prova di qualifica U20 Senior Boulder,2021-02-07,FASI,36,Final,Onsight,Boulder_Women
Lazio 1° prova di qualifica U20 Senior Boulder,2021-02-07,FASI,36,Final,Onsight,Boulder_Men
TAA Campionato Assoluto Boulder,2021-02-06,FASI,27,Qualification,Unknown,Boulder_Women
TAA Campionato Assoluto Boulder,2021-02-06,FASI,27,Qualification,Unknown,Boulder_Men
Toscana 1° prova Campionato Regionale Boulder,2021-02-06,FASI,38,Qualification,Unknown,Boulder_Women
Toscana 1° prova Campionato Regionale Boulder,2021-02-06,FASI,38,Qualification,Unknown,Boulder_Men
Toscana 1° prova Campionato Regionale Boulder,2021-02-06,FASI,38,Final,Unknown,Boulder_Women
Toscana 1° prova Campionato Regionale Boulder,2021-02-06,FASI,38,Final,Unknown,Boulder_Men
"IFSC Europe - Continental Championships (B,S,L,C) - Moscow (RUS) 2020",2020-11-21,IFSC,1166,Qualification,Onsight,Boulder_Men
"IFSC Europe - Continental Championships (B,S,L,C) - Moscow (RUS) 2020",2020-11-21,IFSC,1166,Qualification,Onsight,Boulder_Women
"IFSC Europe - Continental Championships (B,S,L,C) - Moscow (RUS) 2020",2020-11-21,IFSC,1166,Semi-final,Onsight,Boulder_Men
"IFSC Europe - Continental Championships (B,S,L,C) - Moscow (RUS) 2020",2020-11-21,IFSC,1166,Semi-final,Onsight,Boulder_Women
"IFSC Europe - Continental Championships (B,S,L,C) - Moscow (RUS) 2020",2020-11-21,IFSC,1166,Final,Onsight,Boulder_Men
"IFSC Europe - Continental Championships (B,S,L,C) - Moscow (RUS) 2020",2020-11-21,IFSC,1166,Final,Onsight,Boulder_Women
Campionato Italiano Boulder,2020-10-17,FASI,11,Qualification,Unknown,Boulder_Men
Campionato Italiano Boulder,2020-10-17,FASI,11,Qualification,Unknown,Boulder_Women
Campionato Italiano Boulder,2020-10-17,FASI,11,Semi-final,Unknown,Boulder_Men
Campionato Italiano Boulder,2020-10-17,FASI,11,Semi-final,Unknown,Boulder_Women
Campionato Italiano Boulder,2020-10-17,FASI,11,Final,Unknown,Boulder_Men
Campionato Italiano Boulder,2020-10-17,FASI,11,Final,Unknown,Boulder_Women
Mammut Youth Climbing MYCC 2020 - Boulder-Schweizermeisterschaft Biel,2020-10-03,SAC-CAS,638,Qualification,Flash,Boulder_Women
Mammut Youth Climbing MYCC 2020 - Boulder-Schweizermeisterschaft Biel,2020-10-03,SAC-CAS,638,Qualification,Flash,Boulder_Men
Mammut Youth Climbing MYCC 2020 - Boulder-Schweizermeisterschaft Biel,2020-10-03,SAC-CAS,638,Final,Onsight,Boulder_Women
Mammut Youth Climbing MYCC 2020 - Boulder-Schweizermeisterschaft Biel,2020-10-03,SAC-CAS,638,Final,Onsight,Boulder_Men
"Sächsischer Jugendcup 2020, Wk4 Bouldern in Leipzig",2020-10-03,DIGITALROCK,10711,Final,Onsight,Boulder_Women
"Sächsischer Jugendcup 2020, Wk4 Bouldern in Leipzig",2020-10-03,DIGITALROCK,10711,Final,Onsight,Boulder_Men
Sächsischer Jugendcup 2020 Wk2 Bouldern im Mandala Dresden,2020-09-19,DIGITALROCK,10701,Final,Onsight,Boulder_Women
Sächsischer Jugendcup 2020 Wk2 Bouldern im Mandala Dresden,2020-09-19,DIGITALROCK,10701,Final,Onsight,Boulder_Men
Baden-Württembergischer Jugendcup Boulden - Active Garden Waiblingen,2020-09-13,DIGITALROCK,10731,Final,Onsight,Boulder_Women
Baden-Württembergischer Jugendcup Boulden - Active Garden Waiblingen,2020-09-13,DIGITALROCK,10731,Final,Onsight,Boulder_Men
O'Bloc Masters 2020 Ostermundigen (Lead & Boulder),2020-03-06,SAC-CAS,615,Qualification,Unknown,Boulder_Women
O'Bloc Masters 2020 Ostermundigen (Lead & Boulder),2020-03-06,SAC-CAS,615,Qualification,Unknown,Boulder_Men
O'Bloc Masters 2020 Ostermundigen (Lead & Boulder),2020-03-06,SAC-CAS,615,Final,Unknown,Boulder_Women
O'Bloc Masters 2020 Ostermundigen (Lead & Boulder),2020-03-06,SAC-CAS,615,Final,Unknown,Boulder_Men
Bächli Swiss Climbing Cup BSCC 2020 - Boulder-Schweizermeisterschaft Bulle,2020-03-01,SAC-CAS,614,Qualification,Unknown,Boulder_Women
Bächli Swiss Climbing Cup BSCC 2020 - Boulder-Schweizermeisterschaft Bulle,2020-03-01,SAC-CAS,614,Qualification,Unknown,Boulder_Men
Bächli Swiss Climbing Cup BSCC 2020 - Boulder-Schweizermeisterschaft Bulle,2020-03-01,SAC-CAS,614,Final,Unknown,Boulder_Women
Bächli Swiss Climbing Cup BSCC 2020 - Boulder-Schweizermeisterschaft Bulle,2020-03-01,SAC-CAS,614,Final,Unknown,Boulder_Men
Nominierungswettkampf (B) - Jugendkader,2020-03-01,DIGITALROCK,10191,Final,Onsight,Boulder_Men
Nominierungswettkampf (B) - Jugendkader,2020-03-01,DIGITALROCK,10191,Final,Onsight,Boulder_Women
1. Deutscher Jugendcup (B) 2020 - Nürnberg,2020-02-29,DIGITALROCK,9831,Final,Onsight,Boulder_Men
1. Deutscher Jugendcup (B) 2020 - Nürnberg,2020-02-29,DIGITALROCK,9831,Final,Onsight,Boulder_Women
Offene Norddeutsche Jugendmeisterschaft Bouldern im escaladrome Hannover,2020-02-23,DIGITALROCK,9081,Final,Onsight,Boulder_Men
Offene Norddeutsche Jugendmeisterschaft Bouldern im escaladrome Hannover,2020-02-23,DIGITALROCK,9081,Final,Onsight,Boulder_Women
Bayerische Meisterschaft Bouldern (Qualifikation Jug. B) - f.r.e.e München,2020-02-22,DIGITALROCK,9541,Final,Onsight,Boulder_Women
Bayerische Meisterschaft Bouldern (Qualifikation Jug. B) - f.r.e.e München,2020-02-22,DIGITALROCK,9541,Final,Onsight,Boulder_Men
Prato (PO),2020-02-22,FASI,157,Qualification,Unknown,Boulder_Men
Prato (PO),2020-02-22,FASI,157,Qualification,Unknown,Boulder_Women
Bari,2020-02-16,FASI,85,Qualification,Unknown,Boulder_Men
Bari,2020-02-16,FASI,85,Qualification,Unknown,Boulder_Women
Catania,2020-02-16,FASI,86,Qualification,Unknown,Boulder_Men
Catania,2020-02-16,FASI,86,Qualification,Unknown,Boulder_Women
Sassari,2020-02-16,FASI,87,Qualification,Unknown,Boulder_Men
Sassari,2020-02-16,FASI,87,Qualification,Unknown,Boulder_Women
Kids Cup Bouldern Region Franken,2020-02-15,DIGITALROCK,9661,Final,Onsight,Boulder_Women
Kids Cup Bouldern Region Franken,2020-02-15,DIGITALROCK,9661,Final,Onsight,Boulder_Men
Modena,2020-02-08,FASI,88,Qualification,Unknown,Boulder_Men
Modena,2020-02-08,FASI,88,Qualification,Unknown,Boulder_Women
Offene Hessische Bouldermeisterschaft 2020 im Dynochrom Frankfurt a.M.,2020-02-08,DIGITALROCK,9241,Final,Onsight,Boulder_Men
Offene Hessische Bouldermeisterschaft 2020 im Dynochrom Frankfurt a.M.,2020-02-08,DIGITALROCK,9241,Final,Onsight,Boulder_Women
Kidscup Bouldern Region Oberbayern - DAV Kletterzentrum Ingolstadt,2020-02-01,DIGITALROCK,9671,Final,Onsight,Boulder_Women
Kidscup Bouldern Region Oberbayern - DAV Kletterzentrum Ingolstadt,2020-02-01,DIGITALROCK,9671,Final,Onsight,Boulder_Men
Parma,2020-02-01,FASI,89,Qualification,Unknown,Boulder_Men
Parma,2020-02-01,FASI,89,Qualification,Unknown,Boulder_Women
Martina Franca,2020-01-26,FASI,91,Qualification,Unknown,Boulder_Men
Martina Franca,2020-01-26,FASI,91,Qualification,Unknown,Boulder_Women
Prato,2020-01-26,FASI,90,Qualification,Unknown,Boulder_Men
Prato,2020-01-26,FASI,90,Qualification,Unknown,Boulder_Women
Roma,2020-01-26,FASI,92,Qualification,Unknown,Boulder_Men
Roma,2020-01-26,FASI,92,Qualification,Unknown,Boulder_Women
Palermo,2020-01-19,FASI,93,Qualification,Unknown,Boulder_Men
Palermo,2020-01-19,FASI,93,Qualification,Unknown,Boulder_Women
Torino,2020-01-18,FASI,94,Qualification,Unknown,Boulder_Men
Torino,2020-01-18,FASI,94,Qualification,Unknown,Boulder_Women
Avezzano,2019-12-15,FASI,110,Qualification,Unknown,Boulder_Women
Pesaro,2019-12-15,FASI,109,Qualification,Unknown,Boulder_Men
Pesaro,2019-12-15,FASI,109,Qualification,Unknown,Boulder_Women
Selargius,2019-12-14,FASI,108,Qualification,Unknown,Boulder_Men
Selargius,2019-12-14,FASI,108,Qualification,Unknown,Boulder_Women
Torino,2019-12-14,FASI,106,Qualification,Unknown,Boulder_Men
Torino,2019-12-14,FASI,106,Qualification,Unknown,Boulder_Women
Asian Youth Championships - Bengaluru (IND) 2019 ,2019-12-12,IFSC,1133,Qualification,Flash,Boulder_Women
Asian Youth Championships - Bengaluru (IND) 2019 ,2019-12-12,IFSC,1133,Qualification,Flash,Boulder_Men
Asian Youth Championships - Bengaluru (IND) 2019 ,2019-12-12,IFSC,1133,Final,Onsight,Boulder_Women
Asian Youth Championships - Bengaluru (IND) 2019 ,2019-12-12,IFSC,1133,Final,Onsight,Boulder_Men
"PanAmerican Youth Championships (L, S, B) - Ibarra (ECU) 2019 ",2019-12-03,IFSC,1147,Qualification,Flash,Boulder_Women
"PanAmerican Youth Championships (L, S, B) - Ibarra (ECU) 2019 ",2019-12-03,IFSC,1147,Qualification,Flash,Boulder_Men
"PanAmerican Youth Championships (L, S, B) - Ibarra (ECU) 2019 ",2019-12-03,IFSC,1147,Final,Onsight,Boulder_Women
"PanAmerican Youth Championships (L, S, B) - Ibarra (ECU) 2019 ",2019-12-03,IFSC,1147,Final,Onsight,Boulder_Men
Potenza,2019-12-01,FASI,104,Qualification,Unknown,Boulder_Men
Potenza,2019-12-01,FASI,104,Qualification,Unknown,Boulder_Women
Uboldo,2019-11-24,FASI,103,Qualification,Unknown,Boulder_Men
Uboldo,2019-11-24,FASI,103,Qualification,Unknown,Boulder_Women
Sächsischer Jugendcup 2019 Wk5 Bouldern in Dresden,2019-11-23,DIGITALROCK,9101,Final,Onsight,Boulder_Women
Sächsischer Jugendcup 2019 Wk5 Bouldern in Dresden,2019-11-23,DIGITALROCK,9101,Final,Onsight,Boulder_Men
Putignano,2019-11-17,FASI,102,Qualification,Unknown,Boulder_Men
Putignano,2019-11-17,FASI,102,Qualification,Unknown,Boulder_Women
Bra,2019-11-16,FASI,100,Qualification,Unknown,Boulder_Men
Bra,2019-11-16,FASI,100,Qualification,Unknown,Boulder_Women
Zürcher Klettermeisterschaft 2019 (Boulder) - Minimum Zürich,2019-11-16,SAC-CAS,602,Qualification,Unknown,Boulder_Women
Zürcher Klettermeisterschaft 2019 (Boulder) - Minimum Zürich,2019-11-16,SAC-CAS,602,Qualification,Unknown,Boulder_Men
Zürcher Klettermeisterschaft 2019 (Boulder) - Minimum Zürich,2019-11-16,SAC-CAS,602,Final,Unknown,Boulder_Women
Zürcher Klettermeisterschaft 2019 (Boulder) - Minimum Zürich,2019-11-16,SAC-CAS,602,Final,Unknown,Boulder_Men
Asian Championships - Bogor (INA) 2019,2019-11-06,IFSC,1131,Qualification,Onsight,Boulder_Women
Asian Championships - Bogor (INA) 2019,2019-11-06,IFSC,1131,Qualification,Onsight,Boulder_Men
Asian Championships - Bogor (INA) 2019,2019-11-06,IFSC,1131,Semi-final,Onsight,Boulder_Women
Asian Championships - Bogor (INA) 2019,2019-11-06,IFSC,1131,Semi-final,Onsight,Boulder_Men
Asian Championships - Bogor (INA) 2019,2019-11-06,IFSC,1131,Final,Onsight,Boulder_Women
Asian Championships - Bogor (INA) 2019,2019-11-06,IFSC,1131,Final,Onsight,Boulder_Men
ANOC World Beach Games (B) - Doha (QAT),2019-10-13,IFSC,1149,Qualification,Onsight,Boulder_Women
ANOC World Beach Games (B) - Doha (QAT),2019-10-13,IFSC,1149,Qualification,Onsight,Boulder_Men
ANOC World Beach Games (B) - Doha (QAT),2019-10-13,IFSC,1149,Final,Onsight,Boulder_Women
ANOC World Beach Games (B) - Doha (QAT),2019-10-13,IFSC,1149,Final,Onsight,Boulder_Men
European Youth Championships (B) - Brixen (ITA) 2019,2019-09-20,IFSC,1145,Qualification,Flash,Boulder_Women
European Youth Championships (B) - Brixen (ITA) 2019,2019-09-20,IFSC,1145,Qualification,Flash,Boulder_Men
European Youth Championships (B) - Brixen (ITA) 2019,2019-09-20,IFSC,1145,Semi-final,Onsight,Boulder_Women
European Youth Championships (B) - Brixen (ITA) 2019,2019-09-20,IFSC,1145,Semi-final,Onsight,Boulder_Men
European Youth Championships (B) - Brixen (ITA) 2019,2019-09-20,IFSC,1145,Final,Onsight,Boulder_Women
European Youth Championships (B) - Brixen (ITA) 2019,2019-09-20,IFSC,1145,Final,Onsight,Boulder_Men
Rheintal Cup - Näfels (B) 2019,2019-09-14,SAC-CAS,593,Qualification,Unknown,Boulder_Women
Rheintal Cup - Näfels (B) 2019,2019-09-14,SAC-CAS,593,Qualification,Unknown,Boulder_Men
Rheintal Cup - Näfels (B) 2019,2019-09-14,SAC-CAS,593,Final,Unknown,Boulder_Women
Rheintal Cup - Näfels (B) 2019,2019-09-14,SAC-CAS,593,Final,Unknown,Boulder_Men
European Championship (B) - Zakopane (POL) 2019,2019-09-05,IFSC,1135,Qualification,Onsight,Boulder_Women
European Championship (B) - Zakopane (POL) 2019,2019-09-05,IFSC,1135,Qualification,Onsight,Boulder_Men
European Championship (B) - Zakopane (POL) 2019,2019-09-05,IFSC,1135,Semi-final,Onsight,Boulder_Women
European Championship (B) - Zakopane (POL) 2019,2019-09-05,IFSC,1135,Semi-final,Onsight,Boulder_Men
European Championship (B) - Zakopane (POL) 2019,2019-09-05,IFSC,1135,Final,Onsight,Boulder_Women
European Championship (B) - Zakopane (POL) 2019,2019-09-05,IFSC,1135,Final,Onsight,Boulder_Men
IFSC Youth World Championships -  Arco (ITA) 2019 ,2019-08-22,IFSC,1126,Qualification,Flash,Boulder_Women
IFSC Youth World Championships -  Arco (ITA) 2019 ,2019-08-22,IFSC,1126,Qualification,Flash,Boulder_Men
IFSC Youth World Championships -  Arco (ITA) 2019 ,2019-08-22,IFSC,1126,Semi-final,Onsight,Boulder_Women
IFSC Youth World Championships -  Arco (ITA) 2019 ,2019-08-22,IFSC,1126,Semi-final,Onsight,Boulder_Men
IFSC Youth World Championships -  Arco (ITA) 2019 ,2019-08-22,IFSC,1126,Final,Onsight,Boulder_Women
IFSC Youth World Championships -  Arco (ITA) 2019 ,2019-08-22,IFSC,1126,Final,Onsight,Boulder_Men
IFSC Climbing World Championships - Hachioji (JPN) 2019,2019-08-11,IFSC,1121,Qualification,Onsight,Boulder_Women
IFSC Climbing World Championships - Hachioji (JPN) 2019,2019-08-11,IFSC,1121,Qualification,Onsight,Boulder_Men
IFSC Climbing World Championships - Hachioji (JPN) 2019,2019-08-11,IFSC,1121,Semi-final,Onsight,Boulder_Women
IFSC Climbing World Championships - Hachioji (JPN) 2019,2019-08-11,IFSC,1121,Semi-final,Onsight,Boulder_Men
IFSC Climbing World Championships - Hachioji (JPN) 2019,2019-08-11,IFSC,1121,Final,Onsight,Boulder_Women
IFSC Climbing World Championships - Hachioji (JPN) 2019,2019-08-11,IFSC,1121,Final,Onsight,Boulder_Men
IFSC Climbing Worldcup (B) - Vail (USA) 2019 ,2019-06-07,IFSC,1117,Qualification,Onsight,Boulder_Women
IFSC Climbing Worldcup (B) - Vail (USA) 2019 ,2019-06-07,IFSC,1117,Qualification,Onsight,Boulder_Men
IFSC Climbing Worldcup (B) - Vail (USA) 2019 ,2019-06-07,IFSC,1117,Semi-final,Onsight,Boulder_Women
IFSC Climbing Worldcup (B) - Vail (USA) 2019 ,2019-06-07,IFSC,1117,Semi-final,Onsight,Boulder_Men
IFSC Climbing Worldcup (B) - Vail (USA) 2019 ,2019-06-07,IFSC,1117,Final,Onsight,Boulder_Women
IFSC Climbing Worldcup (B) - Vail (USA) 2019 ,2019-06-07,IFSC,1117,Final,Onsight,Boulder_Men
Bächli Swiss Climbing Cup BSCC 2019 - Boulder-Schweizermeisterschaft Pratteln,2019-05-30,SAC-CAS,584,Qualification,Unknown,Boulder_Women
Bächli Swiss Climbing Cup BSCC 2019 - Boulder-Schweizermeisterschaft Pratteln,2019-05-30,SAC-CAS,584,Qualification,Unknown,Boulder_Men
Bächli Swiss Climbing Cup BSCC 2019 - Boulder-Schweizermeisterschaft Pratteln,2019-05-30,SAC-CAS,584,Final,Unknown,Boulder_Women
Bächli Swiss Climbing Cup BSCC 2019 - Boulder-Schweizermeisterschaft Pratteln,2019-05-30,SAC-CAS,584,Final,Unknown,Boulder_Men
European Youth Cup (B) - Sofia (BUL) 2019,2019-05-25,IFSC,1140,Qualification,Flash,Boulder_Women
European Youth Cup (B) - Sofia (BUL) 2019,2019-05-25,IFSC,1140,Qualification,Flash,Boulder_Men
European Youth Cup (B) - Sofia (BUL) 2019,2019-05-25,IFSC,1140,Final,Onsight,Boulder_Women
European Youth Cup (B) - Sofia (BUL) 2019,2019-05-25,IFSC,1140,Final,Onsight,Boulder_Men
IFSC Climbing Worldcup (B) - Munich (GER) 2019,2019-05-18,IFSC,1116,Qualification,Onsight,Boulder_Women
IFSC Climbing Worldcup (B) - Munich (GER) 2019,2019-05-18,IFSC,1116,Qualification,Onsight,Boulder_Men
IFSC Climbing Worldcup (B) - Munich (GER) 2019,2019-05-18,IFSC,1116,Semi-final,Onsight,Boulder_Women
IFSC Climbing Worldcup (B) - Munich (GER) 2019,2019-05-18,IFSC,1116,Semi-final,Onsight,Boulder_Men
IFSC Climbing Worldcup (B) - Munich (GER) 2019,2019-05-18,IFSC,1116,Final,Onsight,Boulder_Women
IFSC Climbing Worldcup (B) - Munich (GER) 2019,2019-05-18,IFSC,1116,Final,Onsight,Boulder_Men
Rheintal Cup - Sparta Bouldercup Buchs (B) 2019,2019-05-18,SAC-CAS,582,Qualification,Unknown,Boulder_Women
Rheintal Cup - Sparta Bouldercup Buchs (B) 2019,2019-05-18,SAC-CAS,582,Qualification,Unknown,Boulder_Men
Rheintal Cup - Sparta Bouldercup Buchs (B) 2019,2019-05-18,SAC-CAS,582,Final,Unknown,Boulder_Women
Rheintal Cup - Sparta Bouldercup Buchs (B) 2019,2019-05-18,SAC-CAS,582,Final,Unknown,Boulder_Men
Thiene,2019-05-18,FASI,99,Qualification,Unknown,Boulder_Men
Thiene,2019-05-18,FASI,99,Qualification,Unknown,Boulder_Women
Bayerische Jugendmeisterschaft Bouldern Landshut (Qualifikation Jugend B und C),2019-05-11,DIGITALROCK,8193,Final,Onsight,Boulder_Women
Bayerische Jugendmeisterschaft Bouldern Landshut (Qualifikation Jugend B und C),2019-05-11,DIGITALROCK,8193,Final,Onsight,Boulder_Men
European Youth Cup (B) - Graz (AUT) 2019,2019-05-11,IFSC,1138,Qualification,Flash,Boulder_Women
European Youth Cup (B) - Graz (AUT) 2019,2019-05-11,IFSC,1138,Qualification,Flash,Boulder_Men
European Youth Cup (B) - Graz (AUT) 2019,2019-05-11,IFSC,1138,Final,Onsight,Boulder_Women
European Youth Cup (B) - Graz (AUT) 2019,2019-05-11,IFSC,1138,Final,Onsight,Boulder_Men
"Westdeutsche Meisterschaft Bouldern, Blocschokolade Trier",2019-05-11,DIGITALROCK,7977,Final,Onsight,Boulder_Men
"Westdeutsche Meisterschaft Bouldern, Blocschokolade Trier",2019-05-11,DIGITALROCK,7977,Final,Onsight,Boulder_Women
Potenza,2019-05-05,FASI,98,Qualification,Unknown,Boulder_Men
Potenza,2019-05-05,FASI,98,Qualification,Unknown,Boulder_Women
Quartu Sant'Elena,2019-05-05,FASI,97,Qualification,Unknown,Boulder_Women
Offene NRW-Landesmeisterschaft Bouldern 2019 - Köln,2019-05-04,DIGITALROCK,8468,Final,Onsight,Boulder_Women
Offene NRW-Landesmeisterschaft Bouldern 2019 - Köln,2019-05-04,DIGITALROCK,8468,Final,Onsight,Boulder_Men
"IFSC Climbing Worldcup (B,S) - Wujiang (CHN) 2019",2019-05-03,IFSC,1115,Qualification,Onsight,Boulder_Women
"IFSC Climbing Worldcup (B,S) - Wujiang (CHN) 2019",2019-05-03,IFSC,1115,Qualification,Onsight,Boulder_Men
"IFSC Climbing Worldcup (B,S) - Wujiang (CHN) 2019",2019-05-03,IFSC,1115,Semi-final,Onsight,Boulder_Women
"IFSC Climbing Worldcup (B,S) - Wujiang (CHN) 2019",2019-05-03,IFSC,1115,Semi-final,Onsight,Boulder_Men
"IFSC Climbing Worldcup (B,S) - Wujiang (CHN) 2019",2019-05-03,IFSC,1115,Final,Onsight,Boulder_Women
"IFSC Climbing Worldcup (B,S) - Wujiang (CHN) 2019",2019-05-03,IFSC,1115,Final,Onsight,Boulder_Men
"IFSC European Cup (B,S) - Innsbruck (AUT) 2019",2019-05-02,IFSC,1134,Qualification,Onsight,Boulder_Women
"IFSC European Cup (B,S) - Innsbruck (AUT) 2019",2019-05-02,IFSC,1134,Qualification,Onsight,Boulder_Men
"IFSC European Cup (B,S) - Innsbruck (AUT) 2019",2019-05-02,IFSC,1134,Semi-final,Onsight,Boulder_Women
"IFSC European Cup (B,S) - Innsbruck (AUT) 2019",2019-05-02,IFSC,1134,Semi-final,Onsight,Boulder_Men
"IFSC European Cup (B,S) - Innsbruck (AUT) 2019",2019-05-02,IFSC,1134,Final,Onsight,Boulder_Women
"IFSC European Cup (B,S) - Innsbruck (AUT) 2019",2019-05-02,IFSC,1134,Final,Onsight,Boulder_Men
European Youth Cup (B) - Soure (POR) 2019,2019-04-27,IFSC,1137,Qualification,Flash,Boulder_Women
European Youth Cup (B) - Soure (POR) 2019,2019-04-27,IFSC,1137,Qualification,Flash,Boulder_Men
European Youth Cup (B) - Soure (POR) 2019,2019-04-27,IFSC,1137,Final,Onsight,Boulder_Women
European Youth Cup (B) - Soure (POR) 2019,2019-04-27,IFSC,1137,Final,Onsight,Boulder_Men
"IFSC Climbing Worldcup (B,S) - Chongqing (CHN) 2019",2019-04-26,IFSC,1114,Qualification,Onsight,Boulder_Women
"IFSC Climbing Worldcup (B,S) - Chongqing (CHN) 2019",2019-04-26,IFSC,1114,Qualification,Onsight,Boulder_Men
"IFSC Climbing Worldcup (B,S) - Chongqing (CHN) 2019",2019-04-26,IFSC,1114,Semi-final,Onsight,Boulder_Women
"IFSC Climbing Worldcup (B,S) - Chongqing (CHN) 2019",2019-04-26,IFSC,1114,Semi-final,Onsight,Boulder_Men
"IFSC Climbing Worldcup (B,S) - Chongqing (CHN) 2019",2019-04-26,IFSC,1114,Final,Onsight,Boulder_Women
"IFSC Climbing Worldcup (B,S) - Chongqing (CHN) 2019",2019-04-26,IFSC,1114,Final,Onsight,Boulder_Men
Cuneo,2019-04-20,FASI,96,Qualification,Unknown,Boulder_Men
Cuneo,2019-04-20,FASI,96,Qualification,Unknown,Boulder_Women
"IFSC Climbing Worldcup (B,S) - Moscow (RUS) 2019 ",2019-04-12,IFSC,1113,Qualification,Onsight,Boulder_Women
"IFSC Climbing Worldcup (B,S) - Moscow (RUS) 2019 ",2019-04-12,IFSC,1113,Qualification,Onsight,Boulder_Men
"IFSC Climbing Worldcup (B,S) - Moscow (RUS) 2019 ",2019-04-12,IFSC,1113,Semi-final,Onsight,Boulder_Women
"IFSC Climbing Worldcup (B,S) - Moscow (RUS) 2019 ",2019-04-12,IFSC,1113,Semi-final,Onsight,Boulder_Men
"IFSC Climbing Worldcup (B,S) - Moscow (RUS) 2019 ",2019-04-12,IFSC,1113,Final,Onsight,Boulder_Women
"IFSC Climbing Worldcup (B,S) - Moscow (RUS) 2019 ",2019-04-12,IFSC,1113,Final,Onsight,Boulder_Men
Mammut Youth Climbing Cup MYCC 2019 - Boulder-SM Haslital Mountain Festival Meiringen ,2019-04-07,SAC-CAS,578,Qualification,Flash,Boulder_Women
Mammut Youth Climbing Cup MYCC 2019 - Boulder-SM Haslital Mountain Festival Meiringen ,2019-04-07,SAC-CAS,578,Qualification,Flash,Boulder_Men
Mammut Youth Climbing Cup MYCC 2019 - Boulder-SM Haslital Mountain Festival Meiringen ,2019-04-07,SAC-CAS,578,Final,Onsight,Boulder_Women
Mammut Youth Climbing Cup MYCC 2019 - Boulder-SM Haslital Mountain Festival Meiringen ,2019-04-07,SAC-CAS,578,Final,Onsight,Boulder_Men
Modena,2019-04-07,FASI,95,Qualification,Unknown,Boulder_Men
Modena,2019-04-07,FASI,95,Qualification,Unknown,Boulder_Women
2. Deutscher Jugendcup (B) 2019 - Braunschweig,2019-04-06,DIGITALROCK,8425,Final,Onsight,Boulder_Men
2. Deutscher Jugendcup (B) 2019 - Braunschweig,2019-04-06,DIGITALROCK,8425,Final,Onsight,Boulder_Women
IFSC Climbing Worldcup (B) - Meiringen (SUI) 2019 ,2019-04-05,IFSC,1112,Qualification,Onsight,Boulder_Women
IFSC Climbing Worldcup (B) - Meiringen (SUI) 2019 ,2019-04-05,IFSC,1112,Qualification,Onsight,Boulder_Men
IFSC Climbing Worldcup (B) - Meiringen (SUI) 2019 ,2019-04-05,IFSC,1112,Semi-final,Onsight,Boulder_Women
IFSC Climbing Worldcup (B) - Meiringen (SUI) 2019 ,2019-04-05,IFSC,1112,Semi-final,Onsight,Boulder_Men
IFSC Climbing Worldcup (B) - Meiringen (SUI) 2019 ,2019-04-05,IFSC,1112,Final,Onsight,Boulder_Women
IFSC Climbing Worldcup (B) - Meiringen (SUI) 2019 ,2019-04-05,IFSC,1112,Final,Onsight,Boulder_Men
Rheintal Cup - Rätikon Bouldertag Küblis (B) 2019,2019-03-31,SAC-CAS,577,Qualification,Unknown,Boulder_Women
Rheintal Cup - Rätikon Bouldertag Küblis (B) 2019,2019-03-31,SAC-CAS,577,Qualification,Unknown,Boulder_Men
Bächli Swiss Climbing Cup BSCC 2019  (Bouldern) - Zürich,2019-03-30,SAC-CAS,576,Qualification,Unknown,Boulder_Women
Bächli Swiss Climbing Cup BSCC 2019  (Bouldern) - Zürich,2019-03-30,SAC-CAS,576,Qualification,Unknown,Boulder_Men
Bächli Swiss Climbing Cup BSCC 2019  (Bouldern) - Zürich,2019-03-30,SAC-CAS,576,Final,Unknown,Boulder_Women
Bächli Swiss Climbing Cup BSCC 2019  (Bouldern) - Zürich,2019-03-30,SAC-CAS,576,Final,Unknown,Boulder_Men
Offene Bouldermeisterschaft Rheinland-Pfalz - RockTown Kaiserslautern ,2019-03-30,DIGITALROCK,7974,Final,Onsight,Boulder_Women
Offene Bouldermeisterschaft Rheinland-Pfalz - RockTown Kaiserslautern ,2019-03-30,DIGITALROCK,7974,Final,Onsight,Boulder_Men
Offene Berliner und Sächsische Landesmeisterschaften Bouldern 2019 - Berlin,2019-03-25,DIGITALROCK,8456,Final,Onsight,Boulder_Women
Offene Berliner und Sächsische Landesmeisterschaften Bouldern 2019 - Berlin,2019-03-25,DIGITALROCK,8456,Final,Onsight,Boulder_Men
Putignano,2019-03-24,FASI,84,Qualification,Unknown,Boulder_Men
Putignano,2019-03-24,FASI,84,Qualification,Unknown,Boulder_Women
Bressanone,2019-03-23,FASI,83,Qualification,Unknown,Boulder_Men
Bressanone,2019-03-23,FASI,83,Qualification,Unknown,Boulder_Women
1. Deutscher Jugendcup (B) 2019 - Bexbach,2019-03-16,DIGITALROCK,8422,Final,Onsight,Boulder_Men
1. Deutscher Jugendcup (B) 2019 - Bexbach,2019-03-16,DIGITALROCK,8422,Final,Onsight,Boulder_Women
Kids Cup Bouldern Rosenheim (Qualifikation Jugend C),2019-03-16,DIGITALROCK,8184,Final,Onsight,Boulder_Women
Kids Cup Bouldern Rosenheim (Qualifikation Jugend C),2019-03-16,DIGITALROCK,8184,Final,Onsight,Boulder_Men
Mammut Youth Climbing Cup MYCC 2019 (Bouldern) - Giubiasco,2019-03-16,SAC-CAS,575,Qualification,Flash,Boulder_Women
Mammut Youth Climbing Cup MYCC 2019 (Bouldern) - Giubiasco,2019-03-16,SAC-CAS,575,Qualification,Flash,Boulder_Men
Mammut Youth Climbing Cup MYCC 2019 (Bouldern) - Giubiasco,2019-03-16,SAC-CAS,575,Final,Onsight,Boulder_Women
Mammut Youth Climbing Cup MYCC 2019 (Bouldern) - Giubiasco,2019-03-16,SAC-CAS,575,Final,Onsight,Boulder_Men
Sächsischer Jugendcup 2019 Wk1 Bouldern Messe Dresden,2019-03-16,DIGITALROCK,8295,Final,Onsight,Boulder_Women
Sächsischer Jugendcup 2019 Wk1 Bouldern Messe Dresden,2019-03-16,DIGITALROCK,8295,Final,Onsight,Boulder_Men
O'Bloc Masters 2019 Ostermundigen (Lead & Boulder) ,2019-03-01,SAC-CAS,574,Qualification,Unknown,Boulder_Women
O'Bloc Masters 2019 Ostermundigen (Lead & Boulder) ,2019-03-01,SAC-CAS,574,Qualification,Unknown,Boulder_Men
O'Bloc Masters 2019 Ostermundigen (Lead & Boulder) ,2019-03-01,SAC-CAS,574,Final,Unknown,Boulder_Women
O'Bloc Masters 2019 Ostermundigen (Lead & Boulder) ,2019-03-01,SAC-CAS,574,Final,Unknown,Boulder_Men
Norddeutsche Jugendmeisterschaft Bouldern,2019-02-24,DIGITALROCK,8205,Final,Onsight,Boulder_Men
Norddeutsche Jugendmeisterschaft Bouldern,2019-02-24,DIGITALROCK,8205,Final,Onsight,Boulder_Women
Bayerische Meisterschaft Erwachsene & Jugend A Bouldern E4 Nürnberg (Qualifikation Jugend A und B),2019-02-16,DIGITALROCK,8178,Final,Onsight,Boulder_Women
Bayerische Meisterschaft Erwachsene & Jugend A Bouldern E4 Nürnberg (Qualifikation Jugend A und B),2019-02-16,DIGITALROCK,8178,Final,Onsight,Boulder_Men
Regionale Hessische Bouldermeisterschaft - Frankfurt 2019,2019-02-16,DIGITALROCK,8265,Final,Onsight,Boulder_Women
Regionale Hessische Bouldermeisterschaft - Frankfurt 2019,2019-02-16,DIGITALROCK,8265,Final,Onsight,Boulder_Men
Baden-Württembergischer Jugendcup Bouldern 2019 Tübingen,2019-02-09,DIGITALROCK,8271,Final,Onsight,Boulder_Women
Baden-Württembergischer Jugendcup Bouldern 2019 Tübingen,2019-02-09,DIGITALROCK,8271,Final,Onsight,Boulder_Men
Martina Franca,2019-01-20,FASI,82,Qualification,Unknown,Boulder_Men
Martina Franca,2019-01-20,FASI,82,Qualification,Unknown,Boulder_Women
Pescara,2019-01-20,FASI,81,Qualification,Unknown,Boulder_Men
Pescara,2019-01-20,FASI,81,Qualification,Unknown,Boulder_Women
Cuneo,2019-01-19,FASI,80,Qualification,Unknown,Boulder_Men
Cuneo,2019-01-19,FASI,80,Qualification,Unknown,Boulder_Women
"IFSC PanAmerican Championship (L, S, B, C) - Guayaquil (ECU) 2018",2018-11-21,IFSC,1085,Qualification,Onsight,Boulder_Women
"IFSC PanAmerican Championship (L, S, B, C) - Guayaquil (ECU) 2018",2018-11-21,IFSC,1085,Qualification,Onsight,Boulder_Men
"IFSC PanAmerican Championship (L, S, B, C) - Guayaquil (ECU) 2018",2018-11-21,IFSC,1085,Final,Onsight,Boulder_Women
"IFSC PanAmerican Championship (L, S, B, C) - Guayaquil (ECU) 2018",2018-11-21,IFSC,1085,Final,Onsight,Boulder_Men
Zürcher Klettermeisterschaft 2018 (Boulder) - Minimum Zürich,2018-11-17,SAC-CAS,563,Qualification,Unknown,Boulder_Women
Zürcher Klettermeisterschaft 2018 (Boulder) - Minimum Zürich,2018-11-17,SAC-CAS,563,Qualification,Unknown,Boulder_Men
Zürcher Klettermeisterschaft 2018 (Boulder) - Minimum Zürich,2018-11-17,SAC-CAS,563,Final,Unknown,Boulder_Women
Zürcher Klettermeisterschaft 2018 (Boulder) - Minimum Zürich,2018-11-17,SAC-CAS,563,Final,Unknown,Boulder_Men
International Climbing Series - China Open - Guangzhou (CHN) 2018,2018-11-16,IFSC,1110,Nan,Onsight,Boulder_Men
International Climbing Series - China Open - Guangzhou (CHN) 2018,2018-11-16,IFSC,1110,Nan,Onsight,Boulder_Women
International Climbing Series - China Open Semifinals & Finals - Guanzhou (CHN) 2018,2018-11-15,IFSC,1109,Semi-final,Onsight,Boulder_Women
International Climbing Series - China Open Semifinals & Finals - Guanzhou (CHN) 2018,2018-11-15,IFSC,1109,Semi-final,Onsight,Boulder_Men
International Climbing Series - China Open Semifinals & Finals - Guanzhou (CHN) 2018,2018-11-15,IFSC,1109,Final,Onsight,Boulder_Women
International Climbing Series - China Open Semifinals & Finals - Guanzhou (CHN) 2018,2018-11-15,IFSC,1109,Final,Onsight,Boulder_Men
4.Sächsischer Kinder- und Jugendcup 2018- WK1 Bouldern in Leipzig,2018-11-10,DIGITALROCK,7883,Final,Onsight,Boulder_Women
4.Sächsischer Kinder- und Jugendcup 2018- WK1 Bouldern in Leipzig,2018-11-10,DIGITALROCK,7883,Final,Onsight,Boulder_Men
Asian Championships - Kurayoshi (JPN) 2018 ,2018-11-07,IFSC,1069,Qualification,Onsight,Boulder_Women
Asian Championships - Kurayoshi (JPN) 2018 ,2018-11-07,IFSC,1069,Qualification,Onsight,Boulder_Men
Asian Championships - Kurayoshi (JPN) 2018 ,2018-11-07,IFSC,1069,Semi-final,Onsight,Boulder_Women
Asian Championships - Kurayoshi (JPN) 2018 ,2018-11-07,IFSC,1069,Semi-final,Onsight,Boulder_Men
Asian Championships - Kurayoshi (JPN) 2018 ,2018-11-07,IFSC,1069,Final,Onsight,Boulder_Women
Asian Championships - Kurayoshi (JPN) 2018 ,2018-11-07,IFSC,1069,Final,Onsight,Boulder_Men
Asian Youth Championships - Chongqing (CHN) 2018,2018-11-01,IFSC,1072,Qualification,Flash,Boulder_Women
Asian Youth Championships - Chongqing (CHN) 2018,2018-11-01,IFSC,1072,Qualification,Flash,Boulder_Men
Asian Youth Championships - Chongqing (CHN) 2018,2018-11-01,IFSC,1072,Final,Onsight,Boulder_Women
Asian Youth Championships - Chongqing (CHN) 2018,2018-11-01,IFSC,1072,Final,Onsight,Boulder_Men
IFSC Climbing World Championships - Innsbruck (AUT) 2018,2018-09-06,IFSC,1061,Qualification,Onsight,Boulder_Women
IFSC Climbing World Championships - Innsbruck (AUT) 2018,2018-09-06,IFSC,1061,Qualification,Onsight,Boulder_Men
IFSC Climbing World Championships - Innsbruck (AUT) 2018,2018-09-06,IFSC,1061,Semi-final,Onsight,Boulder_Women
IFSC Climbing World Championships - Innsbruck (AUT) 2018,2018-09-06,IFSC,1061,Semi-final,Onsight,Boulder_Men
IFSC Climbing World Championships - Innsbruck (AUT) 2018,2018-09-06,IFSC,1061,Final,Onsight,Boulder_Women
IFSC Climbing World Championships - Innsbruck (AUT) 2018,2018-09-06,IFSC,1061,Final,Onsight,Boulder_Men
European Youth Championships (B) - Brussels (BEL) 2018 ,2018-08-31,IFSC,1084,Qualification,Flash,Boulder_Women
European Youth Championships (B) - Brussels (BEL) 2018 ,2018-08-31,IFSC,1084,Qualification,Flash,Boulder_Men
European Youth Championships (B) - Brussels (BEL) 2018 ,2018-08-31,IFSC,1084,Final,Onsight,Boulder_Women
European Youth Championships (B) - Brussels (BEL) 2018 ,2018-08-31,IFSC,1084,Final,Onsight,Boulder_Men
IFSC Climbing Worldcup (B) - Munich (GER) 2018 ,2018-08-17,IFSC,1057,Qualification,Onsight,Boulder_Women
IFSC Climbing Worldcup (B) - Munich (GER) 2018 ,2018-08-17,IFSC,1057,Qualification,Onsight,Boulder_Men
IFSC Climbing Worldcup (B) - Munich (GER) 2018 ,2018-08-17,IFSC,1057,Semi-final,Onsight,Boulder_Women
IFSC Climbing Worldcup (B) - Munich (GER) 2018 ,2018-08-17,IFSC,1057,Semi-final,Onsight,Boulder_Men
IFSC Climbing Worldcup (B) - Munich (GER) 2018 ,2018-08-17,IFSC,1057,Final,Onsight,Boulder_Women
IFSC Climbing Worldcup (B) - Munich (GER) 2018 ,2018-08-17,IFSC,1057,Final,Onsight,Boulder_Men
IFSC Youth World Championships -  Moscow (RUS) 2018,2018-08-09,IFSC,1063,Qualification,Flash,Boulder_Women
IFSC Youth World Championships -  Moscow (RUS) 2018,2018-08-09,IFSC,1063,Qualification,Flash,Boulder_Men
IFSC Youth World Championships -  Moscow (RUS) 2018,2018-08-09,IFSC,1063,Semi-final,Onsight,Boulder_Women
IFSC Youth World Championships -  Moscow (RUS) 2018,2018-08-09,IFSC,1063,Semi-final,Onsight,Boulder_Men
IFSC Youth World Championships -  Moscow (RUS) 2018,2018-08-09,IFSC,1063,Final,Onsight,Boulder_Women
IFSC Youth World Championships -  Moscow (RUS) 2018,2018-08-09,IFSC,1063,Final,Onsight,Boulder_Men
European Youth Cup (B) - Sofia (BUL) 2018 ,2018-07-21,IFSC,1083,Qualification,Flash,Boulder_Women
European Youth Cup (B) - Sofia (BUL) 2018 ,2018-07-21,IFSC,1083,Qualification,Flash,Boulder_Men
European Youth Cup (B) - Sofia (BUL) 2018 ,2018-07-21,IFSC,1083,Final,Onsight,Boulder_Women
European Youth Cup (B) - Sofia (BUL) 2018 ,2018-07-21,IFSC,1083,Final,Onsight,Boulder_Men
Qualifikation Bayerische Meisterschaften Kempten Bouldern,2018-07-21,DIGITALROCK,7389,Final,Onsight,Boulder_Men
Qualifikation Bayerische Meisterschaften Kempten Bouldern,2018-07-21,DIGITALROCK,7389,Final,Onsight,Boulder_Women
Mammut Youth Climbing Cup MYCC 2018 - Boulder-Schweizermeisterschaft O'Bloc Ostermundigen,2018-06-23,SAC-CAS,549,Qualification,Flash,Boulder_Women
Mammut Youth Climbing Cup MYCC 2018 - Boulder-Schweizermeisterschaft O'Bloc Ostermundigen,2018-06-23,SAC-CAS,549,Qualification,Flash,Boulder_Men
Mammut Youth Climbing Cup MYCC 2018 - Boulder-Schweizermeisterschaft O'Bloc Ostermundigen,2018-06-23,SAC-CAS,549,Final,Onsight,Boulder_Women
Mammut Youth Climbing Cup MYCC 2018 - Boulder-Schweizermeisterschaft O'Bloc Ostermundigen,2018-06-23,SAC-CAS,549,Final,Onsight,Boulder_Men
World University Championships - Bratislava (SVK) 2018,2018-06-20,IFSC,1088,Qualification,Onsight,Boulder_Women
World University Championships - Bratislava (SVK) 2018,2018-06-20,IFSC,1088,Qualification,Onsight,Boulder_Men
World University Championships - Bratislava (SVK) 2018,2018-06-20,IFSC,1088,Final,Onsight,Boulder_Women
World University Championships - Bratislava (SVK) 2018,2018-06-20,IFSC,1088,Final,Onsight,Boulder_Men
"Asia Cup (B,S) - Bangkok (THA) 2018",2018-06-15,IFSC,1068,Qualification,Onsight,Boulder_Women
"Asia Cup (B,S) - Bangkok (THA) 2018",2018-06-15,IFSC,1068,Qualification,Onsight,Boulder_Men
"Asia Cup (B,S) - Bangkok (THA) 2018",2018-06-15,IFSC,1068,Semi-final,Onsight,Boulder_Women
"Asia Cup (B,S) - Bangkok (THA) 2018",2018-06-15,IFSC,1068,Semi-final,Onsight,Boulder_Men
"Asia Cup (B,S) - Bangkok (THA) 2018",2018-06-15,IFSC,1068,Final,Onsight,Boulder_Women
"Asia Cup (B,S) - Bangkok (THA) 2018",2018-06-15,IFSC,1068,Final,Onsight,Boulder_Men
Qualifikation Bayerische Meisterschaften Augsburg Bouldern,2018-06-09,DIGITALROCK,7374,Final,Onsight,Boulder_Women
Qualifikation Bayerische Meisterschaften Augsburg Bouldern,2018-06-09,DIGITALROCK,7374,Final,Onsight,Boulder_Men
Rheintal Cup - Sparta Bouldercup Buchs (B) 2018,2018-06-09,SAC-CAS,545,Qualification,Unknown,Boulder_Women
Rheintal Cup - Sparta Bouldercup Buchs (B) 2018,2018-06-09,SAC-CAS,545,Qualification,Unknown,Boulder_Men
Rheintal Cup - Sparta Bouldercup Buchs (B) 2018,2018-06-09,SAC-CAS,545,Final,Unknown,Boulder_Women
Rheintal Cup - Sparta Bouldercup Buchs (B) 2018,2018-06-09,SAC-CAS,545,Final,Unknown,Boulder_Men
IFSC Climbing Worldcup (B) - Vail (USA) 2018 ,2018-06-08,IFSC,1052,Qualification,Onsight,Boulder_Women
IFSC Climbing Worldcup (B) - Vail (USA) 2018 ,2018-06-08,IFSC,1052,Qualification,Onsight,Boulder_Men
IFSC Climbing Worldcup (B) - Vail (USA) 2018 ,2018-06-08,IFSC,1052,Semi-final,Onsight,Boulder_Women
IFSC Climbing Worldcup (B) - Vail (USA) 2018 ,2018-06-08,IFSC,1052,Semi-final,Onsight,Boulder_Men
IFSC Climbing Worldcup (B) - Vail (USA) 2018 ,2018-06-08,IFSC,1052,Final,Onsight,Boulder_Women
IFSC Climbing Worldcup (B) - Vail (USA) 2018 ,2018-06-08,IFSC,1052,Final,Onsight,Boulder_Men
1.Sächsischer Kinder- und Jugendcup 2018- WK1 Bouldern in Dresden,2018-06-02,DIGITALROCK,7716,Final,Onsight,Boulder_Women
1.Sächsischer Kinder- und Jugendcup 2018- WK1 Bouldern in Dresden,2018-06-02,DIGITALROCK,7716,Final,Onsight,Boulder_Men
European Youth Cup (B) - Delft (NED) 2018 ,2018-06-02,IFSC,1078,Qualification,Flash,Boulder_Women
European Youth Cup (B) - Delft (NED) 2018 ,2018-06-02,IFSC,1078,Qualification,Flash,Boulder_Men
European Youth Cup (B) - Delft (NED) 2018 ,2018-06-02,IFSC,1078,Final,Onsight,Boulder_Women
European Youth Cup (B) - Delft (NED) 2018 ,2018-06-02,IFSC,1078,Final,Onsight,Boulder_Men
IFSC Climbing Worldcup (B) - Hachioji (JPN) 2018 ,2018-06-02,IFSC,1051,Qualification,Onsight,Boulder_Women
IFSC Climbing Worldcup (B) - Hachioji (JPN) 2018 ,2018-06-02,IFSC,1051,Qualification,Onsight,Boulder_Men
IFSC Climbing Worldcup (B) - Hachioji (JPN) 2018 ,2018-06-02,IFSC,1051,Semi-final,Onsight,Boulder_Women
IFSC Climbing Worldcup (B) - Hachioji (JPN) 2018 ,2018-06-02,IFSC,1051,Semi-final,Onsight,Boulder_Men
IFSC Climbing Worldcup (B) - Hachioji (JPN) 2018 ,2018-06-02,IFSC,1051,Final,Onsight,Boulder_Women
IFSC Climbing Worldcup (B) - Hachioji (JPN) 2018 ,2018-06-02,IFSC,1051,Final,Onsight,Boulder_Men
Bächli Swiss Climbing Cup BSCC 2018 - Boulder-Schweizermeisterschaft Elite B2 Pratteln ,2018-05-26,SAC-CAS,544,Qualification,Unknown,Boulder_Women
Bächli Swiss Climbing Cup BSCC 2018 - Boulder-Schweizermeisterschaft Elite B2 Pratteln ,2018-05-26,SAC-CAS,544,Qualification,Unknown,Boulder_Men
Bächli Swiss Climbing Cup BSCC 2018 - Boulder-Schweizermeisterschaft Elite B2 Pratteln ,2018-05-26,SAC-CAS,544,Final,Unknown,Boulder_Women
Bächli Swiss Climbing Cup BSCC 2018 - Boulder-Schweizermeisterschaft Elite B2 Pratteln ,2018-05-26,SAC-CAS,544,Final,Unknown,Boulder_Men
"IFSC Climbing Worldcup (B,S) - Tai'an (CHN) 2018 ",2018-05-12,IFSC,1050,Qualification,Onsight,Boulder_Women
"IFSC Climbing Worldcup (B,S) - Tai'an (CHN) 2018 ",2018-05-12,IFSC,1050,Qualification,Onsight,Boulder_Men
"IFSC Climbing Worldcup (B,S) - Tai'an (CHN) 2018 ",2018-05-12,IFSC,1050,Semi-final,Onsight,Boulder_Women
"IFSC Climbing Worldcup (B,S) - Tai'an (CHN) 2018 ",2018-05-12,IFSC,1050,Semi-final,Onsight,Boulder_Men
"IFSC Climbing Worldcup (B,S) - Tai'an (CHN) 2018 ",2018-05-12,IFSC,1050,Final,Onsight,Boulder_Women
"IFSC Climbing Worldcup (B,S) - Tai'an (CHN) 2018 ",2018-05-12,IFSC,1050,Final,Onsight,Boulder_Men
BaWü Jugendcup Bouldern - Stuttgart,2018-05-05,DIGITALROCK,7526,Final,Onsight,Boulder_Women
BaWü Jugendcup Bouldern - Stuttgart,2018-05-05,DIGITALROCK,7526,Final,Onsight,Boulder_Men
European Youth Cup (B) - Soure (POR) 2018 ,2018-05-05,IFSC,1075,Qualification,Flash,Boulder_Women
European Youth Cup (B) - Soure (POR) 2018 ,2018-05-05,IFSC,1075,Qualification,Flash,Boulder_Men
European Youth Cup (B) - Soure (POR) 2018 ,2018-05-05,IFSC,1075,Final,Onsight,Boulder_Women
European Youth Cup (B) - Soure (POR) 2018 ,2018-05-05,IFSC,1075,Final,Onsight,Boulder_Men
"IFSC Climbing Worldcup (B,S) - Chongqing (CHN) 2018 ",2018-05-05,IFSC,1049,Qualification,Onsight,Boulder_Women
"IFSC Climbing Worldcup (B,S) - Chongqing (CHN) 2018 ",2018-05-05,IFSC,1049,Qualification,Onsight,Boulder_Men
"IFSC Climbing Worldcup (B,S) - Chongqing (CHN) 2018 ",2018-05-05,IFSC,1049,Semi-final,Onsight,Boulder_Women
"IFSC Climbing Worldcup (B,S) - Chongqing (CHN) 2018 ",2018-05-05,IFSC,1049,Semi-final,Onsight,Boulder_Men
"IFSC Climbing Worldcup (B,S) - Chongqing (CHN) 2018 ",2018-05-05,IFSC,1049,Final,Onsight,Boulder_Women
"IFSC Climbing Worldcup (B,S) - Chongqing (CHN) 2018 ",2018-05-05,IFSC,1049,Final,Onsight,Boulder_Men
Qualifikation Bayerische Meisterschaften Aschaffenburg Bouldern,2018-05-05,DIGITALROCK,7377,Final,Onsight,Boulder_Women
Qualifikation Bayerische Meisterschaften Aschaffenburg Bouldern,2018-05-05,DIGITALROCK,7377,Final,Onsight,Boulder_Men
Westdeutsche Meisterschaft Bouldern 2018 - Köln,2018-05-05,DIGITALROCK,7248,Final,Onsight,Boulder_Men
Westdeutsche Meisterschaft Bouldern 2018 - Köln,2018-05-05,DIGITALROCK,7248,Final,Onsight,Boulder_Women
European Youth Cup (B) - Graz (AUT) 2018 ,2018-04-28,IFSC,1074,Qualification,Flash,Boulder_Women
European Youth Cup (B) - Graz (AUT) 2018 ,2018-04-28,IFSC,1074,Qualification,Flash,Boulder_Men
European Youth Cup (B) - Graz (AUT) 2018 ,2018-04-28,IFSC,1074,Final,Onsight,Boulder_Women
European Youth Cup (B) - Graz (AUT) 2018 ,2018-04-28,IFSC,1074,Final,Onsight,Boulder_Men
2. Deutscher Jugendcup 2018 (B) - Nürnberg,2018-04-21,DIGITALROCK,7285,Final,Onsight,Boulder_Men
2. Deutscher Jugendcup 2018 (B) - Nürnberg,2018-04-21,DIGITALROCK,7285,Final,Onsight,Boulder_Women
"IFSC Climbing Worldcup (B,S) - Moscow (RUS) 2018 ",2018-04-21,IFSC,1048,Qualification,Onsight,Boulder_Women
"IFSC Climbing Worldcup (B,S) - Moscow (RUS) 2018 ",2018-04-21,IFSC,1048,Qualification,Onsight,Boulder_Men
"IFSC Climbing Worldcup (B,S) - Moscow (RUS) 2018 ",2018-04-21,IFSC,1048,Semi-final,Onsight,Boulder_Women
"IFSC Climbing Worldcup (B,S) - Moscow (RUS) 2018 ",2018-04-21,IFSC,1048,Semi-final,Onsight,Boulder_Men
"IFSC Climbing Worldcup (B,S) - Moscow (RUS) 2018 ",2018-04-21,IFSC,1048,Final,Onsight,Boulder_Women
"IFSC Climbing Worldcup (B,S) - Moscow (RUS) 2018 ",2018-04-21,IFSC,1048,Final,Onsight,Boulder_Men
Mammut Youth Climbing Cup MYCC 2018 (Boulder) - Haslital Mountain Festival Meiringen,2018-04-15,SAC-CAS,539,Qualification,Flash,Boulder_Women
Mammut Youth Climbing Cup MYCC 2018 (Boulder) - Haslital Mountain Festival Meiringen,2018-04-15,SAC-CAS,539,Qualification,Flash,Boulder_Men
Mammut Youth Climbing Cup MYCC 2018 (Boulder) - Haslital Mountain Festival Meiringen,2018-04-15,SAC-CAS,539,Final,Onsight,Boulder_Women
Mammut Youth Climbing Cup MYCC 2018 (Boulder) - Haslital Mountain Festival Meiringen,2018-04-15,SAC-CAS,539,Final,Onsight,Boulder_Men
1. Deutscher Jugendcup 2018 (B) - Düsseldorf,2018-04-14,DIGITALROCK,7282,Final,Onsight,Boulder_Men
1. Deutscher Jugendcup 2018 (B) - Düsseldorf,2018-04-14,DIGITALROCK,7282,Final,Onsight,Boulder_Women
IFSC Climbing Worldcup (B) - Meiringen (SUI) 2018 ,2018-04-13,IFSC,1047,Qualification,Onsight,Boulder_Women
IFSC Climbing Worldcup (B) - Meiringen (SUI) 2018 ,2018-04-13,IFSC,1047,Qualification,Onsight,Boulder_Men
IFSC Climbing Worldcup (B) - Meiringen (SUI) 2018 ,2018-04-13,IFSC,1047,Semi-final,Onsight,Boulder_Women
IFSC Climbing Worldcup (B) - Meiringen (SUI) 2018 ,2018-04-13,IFSC,1047,Semi-final,Onsight,Boulder_Men
IFSC Climbing Worldcup (B) - Meiringen (SUI) 2018 ,2018-04-13,IFSC,1047,Final,Onsight,Boulder_Women
IFSC Climbing Worldcup (B) - Meiringen (SUI) 2018 ,2018-04-13,IFSC,1047,Final,Onsight,Boulder_Men
Rheintal Cup - Rätikon Bouldertag / Bündner Jugend Klettermeisterschaft Küblis (B) 2018,2018-04-08,SAC-CAS,537,Qualification,Unknown,Boulder_Women
Rheintal Cup - Rätikon Bouldertag / Bündner Jugend Klettermeisterschaft Küblis (B) 2018,2018-04-08,SAC-CAS,537,Qualification,Unknown,Boulder_Men
Bächli Swiss Climbing Cup BSCC 2018 (Boulder) - Boulder-SM U18 Totem Escalade Versoix,2018-03-24,SAC-CAS,536,Qualification,Unknown,Boulder_Women
Bächli Swiss Climbing Cup BSCC 2018 (Boulder) - Boulder-SM U18 Totem Escalade Versoix,2018-03-24,SAC-CAS,536,Qualification,Unknown,Boulder_Men
Bächli Swiss Climbing Cup BSCC 2018 (Boulder) - Boulder-SM U18 Totem Escalade Versoix,2018-03-24,SAC-CAS,536,Final,Unknown,Boulder_Women
Bächli Swiss Climbing Cup BSCC 2018 (Boulder) - Boulder-SM U18 Totem Escalade Versoix,2018-03-24,SAC-CAS,536,Final,Unknown,Boulder_Men
Asia Cup (B) - Hong Kong (HKG) 2018,2018-03-10,IFSC,1067,Qualification,Onsight,Boulder_Women
Asia Cup (B) - Hong Kong (HKG) 2018,2018-03-10,IFSC,1067,Qualification,Onsight,Boulder_Men
Asia Cup (B) - Hong Kong (HKG) 2018,2018-03-10,IFSC,1067,Semi-final,Onsight,Boulder_Women
Asia Cup (B) - Hong Kong (HKG) 2018,2018-03-10,IFSC,1067,Semi-final,Onsight,Boulder_Men
Asia Cup (B) - Hong Kong (HKG) 2018,2018-03-10,IFSC,1067,Final,Onsight,Boulder_Women
Asia Cup (B) - Hong Kong (HKG) 2018,2018-03-10,IFSC,1067,Final,Onsight,Boulder_Men
Offene Bouldermeisterschaft Rheinland-Pfalz - RockTown Kaiserslautern,2018-03-10,DIGITALROCK,7202,Final,Onsight,Boulder_Women
Offene Bouldermeisterschaft Rheinland-Pfalz - RockTown Kaiserslautern,2018-03-10,DIGITALROCK,7202,Final,Onsight,Boulder_Men
Offene Sächsische/Berliner Meisterschaft Bouldern in Dresden,2018-03-10,DIGITALROCK,7503,Final,Onsight,Boulder_Men
Offene Sächsische/Berliner Meisterschaft Bouldern in Dresden,2018-03-10,DIGITALROCK,7503,Final,Onsight,Boulder_Women
BaWü Jugendcup Bouldern - Tübingen,2018-03-04,DIGITALROCK,7512,Final,Onsight,Boulder_Women
BaWü Jugendcup Bouldern - Tübingen,2018-03-04,DIGITALROCK,7512,Final,Onsight,Boulder_Men
Norddeutsche Jugendmeisterschaft Bouldern  2018 Boulder-Base Bremen,2018-03-04,DIGITALROCK,7631,Final,Onsight,Boulder_Men
Norddeutsche Jugendmeisterschaft Bouldern  2018 Boulder-Base Bremen,2018-03-04,DIGITALROCK,7631,Final,Onsight,Boulder_Women
Regionale Hessische Bouldermeisterschaft - Kassel 2018,2018-03-03,DIGITALROCK,7107,Final,Onsight,Boulder_Women
Regionale Hessische Bouldermeisterschaft - Kassel 2018,2018-03-03,DIGITALROCK,7107,Final,Onsight,Boulder_Men
Qualifikation Bayerische Meisterschaften Free Boudler Cup München,2018-02-24,DIGITALROCK,7320,Final,Onsight,Boulder_Men
Qualifikation Bayerische Meisterschaften Free Boudler Cup München,2018-02-24,DIGITALROCK,7320,Final,Onsight,Boulder_Women
Offene NRW-Landesmeisterschaft Bouldern 2018 - Lindlar,2018-02-03,DIGITALROCK,7245,Final,Onsight,Boulder_Women
Offene NRW-Landesmeisterschaft Bouldern 2018 - Lindlar,2018-02-03,DIGITALROCK,7245,Final,Onsight,Boulder_Men
China Open - Guangzhou (CHN) 2017,2017-11-18,IFSC,1046,Semi-final,Onsight,Boulder_Women
China Open - Guangzhou (CHN) 2017,2017-11-18,IFSC,1046,Semi-final,Onsight,Boulder_Men
China Open - Guangzhou (CHN) 2017,2017-11-18,IFSC,1046,Final,Onsight,Boulder_Women
China Open - Guangzhou (CHN) 2017,2017-11-18,IFSC,1046,Final,Onsight,Boulder_Men
China Open Qualification - Guangzhou (CHN) 2017,2017-11-17,IFSC,1045,Nan,Onsight,Boulder_Men
China Open Qualification - Guangzhou (CHN) 2017,2017-11-17,IFSC,1045,Nan,Onsight,Boulder_Women
Zürcher Klettermeisterschaft 2017 (Boulder) - Minimum Zürich,2017-11-04,SAC-CAS,523,Qualification,Unknown,Boulder_Women
Zürcher Klettermeisterschaft 2017 (Boulder) - Minimum Zürich,2017-11-04,SAC-CAS,523,Qualification,Unknown,Boulder_Men
Zürcher Klettermeisterschaft 2017 (Boulder) - Minimum Zürich,2017-11-04,SAC-CAS,523,Final,Unknown,Boulder_Women
Zürcher Klettermeisterschaft 2017 (Boulder) - Minimum Zürich,2017-11-04,SAC-CAS,523,Final,Unknown,Boulder_Men
"PanAmerican Youth Championship (L, S, B) - Montreal (CAN) 2017 ",2017-10-30,IFSC,1024,Qualification,Flash,Boulder_Women
"PanAmerican Youth Championship (L, S, B) - Montreal (CAN) 2017 ",2017-10-30,IFSC,1024,Qualification,Flash,Boulder_Men
"PanAmerican Youth Championship (L, S, B) - Montreal (CAN) 2017 ",2017-10-30,IFSC,1024,Semi-final,Onsight,Boulder_Women
"PanAmerican Youth Championship (L, S, B) - Montreal (CAN) 2017 ",2017-10-30,IFSC,1024,Semi-final,Onsight,Boulder_Men
"PanAmerican Youth Championship (L, S, B) - Montreal (CAN) 2017 ",2017-10-30,IFSC,1024,Final,Onsight,Boulder_Women
"PanAmerican Youth Championship (L, S, B) - Montreal (CAN) 2017 ",2017-10-30,IFSC,1024,Final,Onsight,Boulder_Men
Asia Cup - Wanxianshan (CHN) 2017,2017-10-27,IFSC,1005,Qualification,Onsight,Boulder_Women
Asia Cup - Wanxianshan (CHN) 2017,2017-10-27,IFSC,1005,Qualification,Onsight,Boulder_Men
Asia Cup - Wanxianshan (CHN) 2017,2017-10-27,IFSC,1005,Semi-final,Onsight,Boulder_Women
Asia Cup - Wanxianshan (CHN) 2017,2017-10-27,IFSC,1005,Semi-final,Onsight,Boulder_Men
Asia Cup - Wanxianshan (CHN) 2017,2017-10-27,IFSC,1005,Final,Onsight,Boulder_Women
Asia Cup - Wanxianshan (CHN) 2017,2017-10-27,IFSC,1005,Final,Onsight,Boulder_Men
"Oceania Continental Championships & Oceania Youth Championships (L,S,B) - Noumea (FRA) 2017",2017-10-12,IFSC,1026,Qualification,Flash,Boulder_Women
"Oceania Continental Championships & Oceania Youth Championships (L,S,B) - Noumea (FRA) 2017",2017-10-12,IFSC,1026,Qualification,Flash,Boulder_Men
Asian Continental Championships - Tehran (IRI) 2017,2017-09-18,IFSC,1004,Qualification,Onsight,Boulder_Women
Asian Continental Championships - Tehran (IRI) 2017,2017-09-18,IFSC,1004,Qualification,Onsight,Boulder_Men
Asian Continental Championships - Tehran (IRI) 2017,2017-09-18,IFSC,1004,Semi-final,Onsight,Boulder_Women
Asian Continental Championships - Tehran (IRI) 2017,2017-09-18,IFSC,1004,Semi-final,Onsight,Boulder_Men
Asian Continental Championships - Tehran (IRI) 2017,2017-09-18,IFSC,1004,Final,Onsight,Boulder_Women
Asian Continental Championships - Tehran (IRI) 2017,2017-09-18,IFSC,1004,Final,Onsight,Boulder_Men
European Youth Championships (B) - Slany (CZE) 2017,2017-09-15,IFSC,1021,Qualification,Flash,Boulder_Women
European Youth Championships (B) - Slany (CZE) 2017,2017-09-15,IFSC,1021,Qualification,Flash,Boulder_Men
European Youth Championships (B) - Slany (CZE) 2017,2017-09-15,IFSC,1021,Final,Onsight,Boulder_Women
European Youth Championships (B) - Slany (CZE) 2017,2017-09-15,IFSC,1021,Final,Onsight,Boulder_Men
Sächsischer Jugendcup 2017 - Wk4 Bouldern in Dresden Mandala,2017-09-02,DIGITALROCK,6649,Final,Onsight,Boulder_Women
Sächsischer Jugendcup 2017 - Wk4 Bouldern in Dresden Mandala,2017-09-02,DIGITALROCK,6649,Final,Onsight,Boulder_Men
IFSC Youth World Championships - Innsbruck (AUT) - 2017,2017-08-30,IFSC,998,Qualification,Flash,Boulder_Women
IFSC Youth World Championships - Innsbruck (AUT) - 2017,2017-08-30,IFSC,998,Qualification,Flash,Boulder_Men
IFSC Youth World Championships - Innsbruck (AUT) - 2017,2017-08-30,IFSC,998,Semi-final,Onsight,Boulder_Women
IFSC Youth World Championships - Innsbruck (AUT) - 2017,2017-08-30,IFSC,998,Semi-final,Onsight,Boulder_Men
IFSC Youth World Championships - Innsbruck (AUT) - 2017,2017-08-30,IFSC,998,Final,Onsight,Boulder_Women
IFSC Youth World Championships - Innsbruck (AUT) - 2017,2017-08-30,IFSC,998,Final,Onsight,Boulder_Men
European Championship (B) - Munich (GER) 2017 ,2017-08-18,IFSC,1009,Qualification,Onsight,Boulder_Women
European Championship (B) - Munich (GER) 2017 ,2017-08-18,IFSC,1009,Qualification,Onsight,Boulder_Men
European Championship (B) - Munich (GER) 2017 ,2017-08-18,IFSC,1009,Final,Onsight,Boulder_Women
European Championship (B) - Munich (GER) 2017 ,2017-08-18,IFSC,1009,Final,Onsight,Boulder_Men
IFSC Climbing Worldcup (B) - Munich (GER) 2017 ,2017-08-18,IFSC,992,Qualification,Onsight,Boulder_Women
IFSC Climbing Worldcup (B) - Munich (GER) 2017 ,2017-08-18,IFSC,992,Qualification,Onsight,Boulder_Men
IFSC Climbing Worldcup (B) - Munich (GER) 2017 ,2017-08-18,IFSC,992,Semi-final,Onsight,Boulder_Women
IFSC Climbing Worldcup (B) - Munich (GER) 2017 ,2017-08-18,IFSC,992,Semi-final,Onsight,Boulder_Men
IFSC Climbing Worldcup (B) - Munich (GER) 2017 ,2017-08-18,IFSC,992,Final,Onsight,Boulder_Women
IFSC Climbing Worldcup (B) - Munich (GER) 2017 ,2017-08-18,IFSC,992,Final,Onsight,Boulder_Men
European Youth Cup (B) - Sofia (BUL) 2017,2017-08-05,IFSC,1018,Qualification,Flash,Boulder_Women
European Youth Cup (B) - Sofia (BUL) 2017,2017-08-05,IFSC,1018,Qualification,Flash,Boulder_Men
European Youth Cup (B) - Sofia (BUL) 2017,2017-08-05,IFSC,1018,Final,Onsight,Boulder_Women
European Youth Cup (B) - Sofia (BUL) 2017,2017-08-05,IFSC,1018,Final,Onsight,Boulder_Men
Bayerische Jugendmeisterschaft Bouldern Jugend C und B 2017- E4 Nürnberg,2017-07-29,DIGITALROCK,6511,Final,Onsight,Boulder_Women
Bayerische Jugendmeisterschaft Bouldern Jugend C und B 2017- E4 Nürnberg,2017-07-29,DIGITALROCK,6511,Final,Onsight,Boulder_Men
The World Games 2017 - Wroclaw (POL) 2017,2017-07-21,IFSC,1028,Qualification,Onsight,Boulder_Women
The World Games 2017 - Wroclaw (POL) 2017,2017-07-21,IFSC,1028,Qualification,Onsight,Boulder_Men
The World Games 2017 - Wroclaw (POL) 2017,2017-07-21,IFSC,1028,Final,Onsight,Boulder_Women
The World Games 2017 - Wroclaw (POL) 2017,2017-07-21,IFSC,1028,Final,Onsight,Boulder_Men
European Youth Cup (B) - L'Argentière (FRA) 2017 ,2017-07-18,IFSC,1017,Qualification,Flash,Boulder_Women
European Youth Cup (B) - L'Argentière (FRA) 2017 ,2017-07-18,IFSC,1017,Qualification,Flash,Boulder_Men
European Youth Cup (B) - L'Argentière (FRA) 2017 ,2017-07-18,IFSC,1017,Final,Onsight,Boulder_Women
European Youth Cup (B) - L'Argentière (FRA) 2017 ,2017-07-18,IFSC,1017,Final,Onsight,Boulder_Men
Qualifikation Bayerische Meisterschaft München Freimann Bouldern,2017-07-15,DIGITALROCK,6939,Final,Onsight,Boulder_Women
Qualifikation Bayerische Meisterschaft München Freimann Bouldern,2017-07-15,DIGITALROCK,6939,Final,Onsight,Boulder_Men
Asian Youth Championships - Singapore (SGP) 2017,2017-07-05,IFSC,1007,Qualification,Flash,Boulder_Women
Asian Youth Championships - Singapore (SGP) 2017,2017-07-05,IFSC,1007,Qualification,Flash,Boulder_Men
Asian Youth Championships - Singapore (SGP) 2017,2017-07-05,IFSC,1007,Final,Onsight,Boulder_Women
Asian Youth Championships - Singapore (SGP) 2017,2017-07-05,IFSC,1007,Final,Onsight,Boulder_Men
IFSC Climbing Worldcup (B) - Navi Mumbai (IND) 2017,2017-06-24,IFSC,990,Qualification,Onsight,Boulder_Women
IFSC Climbing Worldcup (B) - Navi Mumbai (IND) 2017,2017-06-24,IFSC,990,Qualification,Onsight,Boulder_Men
IFSC Climbing Worldcup (B) - Navi Mumbai (IND) 2017,2017-06-24,IFSC,990,Semi-final,Onsight,Boulder_Women
IFSC Climbing Worldcup (B) - Navi Mumbai (IND) 2017,2017-06-24,IFSC,990,Semi-final,Onsight,Boulder_Men
IFSC Climbing Worldcup (B) - Navi Mumbai (IND) 2017,2017-06-24,IFSC,990,Final,Onsight,Boulder_Women
IFSC Climbing Worldcup (B) - Navi Mumbai (IND) 2017,2017-06-24,IFSC,990,Final,Onsight,Boulder_Men
Mammut Youth Climbing Cup MYCC 2017 (Boulder) - O'Bloc Ostermundigen ,2017-06-17,SAC-CAS,506,Qualification,Flash,Boulder_Women
Mammut Youth Climbing Cup MYCC 2017 (Boulder) - O'Bloc Ostermundigen ,2017-06-17,SAC-CAS,506,Qualification,Flash,Boulder_Men
Mammut Youth Climbing Cup MYCC 2017 (Boulder) - O'Bloc Ostermundigen ,2017-06-17,SAC-CAS,506,Final,Onsight,Boulder_Women
Mammut Youth Climbing Cup MYCC 2017 (Boulder) - O'Bloc Ostermundigen ,2017-06-17,SAC-CAS,506,Final,Onsight,Boulder_Men
IFSC Climbing Worldcup (B) - Vail (USA) 2017,2017-06-09,IFSC,989,Qualification,Onsight,Boulder_Women
IFSC Climbing Worldcup (B) - Vail (USA) 2017,2017-06-09,IFSC,989,Qualification,Onsight,Boulder_Men
IFSC Climbing Worldcup (B) - Vail (USA) 2017,2017-06-09,IFSC,989,Semi-final,Onsight,Boulder_Women
IFSC Climbing Worldcup (B) - Vail (USA) 2017,2017-06-09,IFSC,989,Semi-final,Onsight,Boulder_Men
IFSC Climbing Worldcup (B) - Vail (USA) 2017,2017-06-09,IFSC,989,Final,Onsight,Boulder_Women
IFSC Climbing Worldcup (B) - Vail (USA) 2017,2017-06-09,IFSC,989,Final,Onsight,Boulder_Men
"3. Deutscher Jugendcup 2017 (B) - Zweibrücken, Camp4 Kletterzentrum",2017-05-20,DIGITALROCK,6345,Final,Onsight,Boulder_Men
"3. Deutscher Jugendcup 2017 (B) - Zweibrücken, Camp4 Kletterzentrum",2017-05-20,DIGITALROCK,6345,Final,Onsight,Boulder_Women
European Youth Cup (B) - Soure (POR) 2017,2017-05-20,IFSC,1012,Qualification,Flash,Boulder_Women
European Youth Cup (B) - Soure (POR) 2017,2017-05-20,IFSC,1012,Qualification,Flash,Boulder_Men
European Youth Cup (B) - Soure (POR) 2017,2017-05-20,IFSC,1012,Final,Onsight,Boulder_Women
European Youth Cup (B) - Soure (POR) 2017,2017-05-20,IFSC,1012,Final,Onsight,Boulder_Men
Rheintal Cup - Sparta Bouldercup (B)  2017,2017-05-20,SAC-CAS,502,Qualification,Unknown,Boulder_Women
Rheintal Cup - Sparta Bouldercup (B)  2017,2017-05-20,SAC-CAS,502,Qualification,Unknown,Boulder_Men
Rheintal Cup - Sparta Bouldercup (B)  2017,2017-05-20,SAC-CAS,502,Final,Unknown,Boulder_Women
Rheintal Cup - Sparta Bouldercup (B)  2017,2017-05-20,SAC-CAS,502,Final,Unknown,Boulder_Men
Bächli Swiss Climbing Cup BSCC 2017 (Boulder) - SAC Boulder-Schweizermeisterschaft B2 Pratteln ,2017-05-13,SAC-CAS,500,Qualification,Unknown,Boulder_Women
Bächli Swiss Climbing Cup BSCC 2017 (Boulder) - SAC Boulder-Schweizermeisterschaft B2 Pratteln ,2017-05-13,SAC-CAS,500,Qualification,Unknown,Boulder_Men
Bächli Swiss Climbing Cup BSCC 2017 (Boulder) - SAC Boulder-Schweizermeisterschaft B2 Pratteln ,2017-05-13,SAC-CAS,500,Final,Unknown,Boulder_Women
Bächli Swiss Climbing Cup BSCC 2017 (Boulder) - SAC Boulder-Schweizermeisterschaft B2 Pratteln ,2017-05-13,SAC-CAS,500,Final,Unknown,Boulder_Men
Westdeutsche Meisterschaft Bouldern 2017 - Jugend - Studio Bloc Pfungstadt,2017-05-07,DIGITALROCK,6956,Final,Onsight,Boulder_Men
Westdeutsche Meisterschaft Bouldern 2017 - Jugend - Studio Bloc Pfungstadt,2017-05-07,DIGITALROCK,6956,Final,Onsight,Boulder_Women
"IFSC Climbing Worldcup (B) - Hachioji, Tokyo (JPN) 2017",2017-05-06,IFSC,988,Qualification,Onsight,Boulder_Women
"IFSC Climbing Worldcup (B) - Hachioji, Tokyo (JPN) 2017",2017-05-06,IFSC,988,Qualification,Onsight,Boulder_Men
"IFSC Climbing Worldcup (B) - Hachioji, Tokyo (JPN) 2017",2017-05-06,IFSC,988,Semi-final,Onsight,Boulder_Women
"IFSC Climbing Worldcup (B) - Hachioji, Tokyo (JPN) 2017",2017-05-06,IFSC,988,Semi-final,Onsight,Boulder_Men
"IFSC Climbing Worldcup (B) - Hachioji, Tokyo (JPN) 2017",2017-05-06,IFSC,988,Final,Onsight,Boulder_Women
"IFSC Climbing Worldcup (B) - Hachioji, Tokyo (JPN) 2017",2017-05-06,IFSC,988,Final,Onsight,Boulder_Men
European Youth Cup (B) - Graz (AUT) 2017 ,2017-04-29,IFSC,1010,Qualification,Flash,Boulder_Women
European Youth Cup (B) - Graz (AUT) 2017 ,2017-04-29,IFSC,1010,Qualification,Flash,Boulder_Men
European Youth Cup (B) - Graz (AUT) 2017 ,2017-04-29,IFSC,1010,Final,Onsight,Boulder_Women
European Youth Cup (B) - Graz (AUT) 2017 ,2017-04-29,IFSC,1010,Final,Onsight,Boulder_Men
"IFSC Climbing Worldcup (B,S) - Nanjing (CHN) 2017",2017-04-29,IFSC,987,Qualification,Onsight,Boulder_Women
"IFSC Climbing Worldcup (B,S) - Nanjing (CHN) 2017",2017-04-29,IFSC,987,Qualification,Onsight,Boulder_Men
"IFSC Climbing Worldcup (B,S) - Nanjing (CHN) 2017",2017-04-29,IFSC,987,Semi-final,Onsight,Boulder_Women
"IFSC Climbing Worldcup (B,S) - Nanjing (CHN) 2017",2017-04-29,IFSC,987,Semi-final,Onsight,Boulder_Men
"IFSC Climbing Worldcup (B,S) - Nanjing (CHN) 2017",2017-04-29,IFSC,987,Final,Onsight,Boulder_Women
"IFSC Climbing Worldcup (B,S) - Nanjing (CHN) 2017",2017-04-29,IFSC,987,Final,Onsight,Boulder_Men
"IFSC Climbing Worldcup (B,S) - Chongqing (CHN) 2017",2017-04-22,IFSC,986,Qualification,Onsight,Boulder_Women
"IFSC Climbing Worldcup (B,S) - Chongqing (CHN) 2017",2017-04-22,IFSC,986,Qualification,Onsight,Boulder_Men
"IFSC Climbing Worldcup (B,S) - Chongqing (CHN) 2017",2017-04-22,IFSC,986,Semi-final,Onsight,Boulder_Women
"IFSC Climbing Worldcup (B,S) - Chongqing (CHN) 2017",2017-04-22,IFSC,986,Semi-final,Onsight,Boulder_Men
"IFSC Climbing Worldcup (B,S) - Chongqing (CHN) 2017",2017-04-22,IFSC,986,Final,Onsight,Boulder_Women
"IFSC Climbing Worldcup (B,S) - Chongqing (CHN) 2017",2017-04-22,IFSC,986,Final,Onsight,Boulder_Men
Offene Bouldermeisterschaft Rheinland-Pfalz 2017 - RockTown Kaiserslautern,2017-04-22,DIGITALROCK,6669,Final,Onsight,Boulder_Women
Offene Bouldermeisterschaft Rheinland-Pfalz 2017 - RockTown Kaiserslautern,2017-04-22,DIGITALROCK,6669,Final,Onsight,Boulder_Men
Mammut Youth Climbing Cup MYCC 2017 (Boulder) - SAC Boulder-SM Haslital Mountain Festival Meiringen,2017-04-09,SAC-CAS,497,Qualification,Flash,Boulder_Women
Mammut Youth Climbing Cup MYCC 2017 (Boulder) - SAC Boulder-SM Haslital Mountain Festival Meiringen,2017-04-09,SAC-CAS,497,Qualification,Flash,Boulder_Men
Mammut Youth Climbing Cup MYCC 2017 (Boulder) - SAC Boulder-SM Haslital Mountain Festival Meiringen,2017-04-09,SAC-CAS,497,Final,Onsight,Boulder_Women
Mammut Youth Climbing Cup MYCC 2017 (Boulder) - SAC Boulder-SM Haslital Mountain Festival Meiringen,2017-04-09,SAC-CAS,497,Final,Onsight,Boulder_Men
IFSC Climbing Worldcup (B) - Meiringen (SUI) 2017 ,2017-04-07,IFSC,985,Qualification,Onsight,Boulder_Women
IFSC Climbing Worldcup (B) - Meiringen (SUI) 2017 ,2017-04-07,IFSC,985,Qualification,Onsight,Boulder_Men
IFSC Climbing Worldcup (B) - Meiringen (SUI) 2017 ,2017-04-07,IFSC,985,Semi-final,Onsight,Boulder_Women
IFSC Climbing Worldcup (B) - Meiringen (SUI) 2017 ,2017-04-07,IFSC,985,Semi-final,Onsight,Boulder_Men
IFSC Climbing Worldcup (B) - Meiringen (SUI) 2017 ,2017-04-07,IFSC,985,Final,Onsight,Boulder_Women
IFSC Climbing Worldcup (B) - Meiringen (SUI) 2017 ,2017-04-07,IFSC,985,Final,Onsight,Boulder_Men
"2. Deutscher Jugendcup 2017 (B) - Hannover, escaladrome",2017-04-01,DIGITALROCK,6341,Final,Onsight,Boulder_Men
"2. Deutscher Jugendcup 2017 (B) - Hannover, escaladrome",2017-04-01,DIGITALROCK,6341,Final,Onsight,Boulder_Women
Offene Sächsische Landesmeisterschaft 2017 Bouldern in Leipzig,2017-03-25,DIGITALROCK,6661,Final,Onsight,Boulder_Women
Offene Sächsische Landesmeisterschaft 2017 Bouldern in Leipzig,2017-03-25,DIGITALROCK,6661,Final,Onsight,Boulder_Men
BaWü Jugendcup Bouldern - Heilbronn,2017-03-11,DIGITALROCK,6473,Final,Onsight,Boulder_Women
BaWü Jugendcup Bouldern - Heilbronn,2017-03-11,DIGITALROCK,6473,Final,Onsight,Boulder_Men
Offene Berliner Landesmeisterschaft Bouldern - Berlin 2017,2017-03-11,DIGITALROCK,6877,Final,Onsight,Boulder_Women
Offene Berliner Landesmeisterschaft Bouldern - Berlin 2017,2017-03-11,DIGITALROCK,6877,Final,Onsight,Boulder_Men
Sächsischer Jugendcup 2017-Wk1 Bouldern in Dresden Messehalle,2017-03-11,DIGITALROCK,6637,Final,Onsight,Boulder_Women
Sächsischer Jugendcup 2017-Wk1 Bouldern in Dresden Messehalle,2017-03-11,DIGITALROCK,6637,Final,Onsight,Boulder_Men
"1. Deutscher Jugendcup 2017 (B) - Dresden, Mandala",2017-03-04,DIGITALROCK,6337,Final,Onsight,Boulder_Men
"1. Deutscher Jugendcup 2017 (B) - Dresden, Mandala",2017-03-04,DIGITALROCK,6337,Final,Onsight,Boulder_Women
Bächli Swiss Climbing Cup BSCC 2017 (Boulder) - Minimum Zürich,2017-03-04,SAC-CAS,493,Qualification,Unknown,Boulder_Women
Bächli Swiss Climbing Cup BSCC 2017 (Boulder) - Minimum Zürich,2017-03-04,SAC-CAS,493,Qualification,Unknown,Boulder_Men
Bächli Swiss Climbing Cup BSCC 2017 (Boulder) - Minimum Zürich,2017-03-04,SAC-CAS,493,Final,Unknown,Boulder_Women
Bächli Swiss Climbing Cup BSCC 2017 (Boulder) - Minimum Zürich,2017-03-04,SAC-CAS,493,Final,Unknown,Boulder_Men
Norddeutsche Meisterschaft – Bouldern 2017 Greifhaus Braunschweig,2017-02-18,DIGITALROCK,6753,Final,Onsight,Boulder_Women
Norddeutsche Meisterschaft – Bouldern 2017 Greifhaus Braunschweig,2017-02-18,DIGITALROCK,6753,Final,Onsight,Boulder_Men
BaWü Jugendcup Bouldern - Tübingen,2017-02-11,DIGITALROCK,6493,Final,Onsight,Boulder_Women
BaWü Jugendcup Bouldern - Tübingen,2017-02-11,DIGITALROCK,6493,Final,Onsight,Boulder_Men
Offene NRW-Landesmeisterschaft Bouldern 2017 - 2. Quali zur WDM (B) - Stuntwerk Köln,2017-02-11,DIGITALROCK,6701,Final,Onsight,Boulder_Women
Offene NRW-Landesmeisterschaft Bouldern 2017 - 2. Quali zur WDM (B) - Stuntwerk Köln,2017-02-11,DIGITALROCK,6701,Final,Onsight,Boulder_Men
Qualifikation Bayerische Meisterschaft im Rahmen des Coburger Bouldercups,2017-02-11,DIGITALROCK,6857,Final,Onsight,Boulder_Women
Qualifikation Bayerische Meisterschaft im Rahmen des Coburger Bouldercups,2017-02-11,DIGITALROCK,6857,Final,Onsight,Boulder_Men
Regionale Hessische Bouldermeisterschaft - 1. Quali zur WDM (B) - Frankfurt 2017,2017-02-04,DIGITALROCK,6623,Final,Onsight,Boulder_Women
Regionale Hessische Bouldermeisterschaft - 1. Quali zur WDM (B) - Frankfurt 2017,2017-02-04,DIGITALROCK,6623,Final,Onsight,Boulder_Men
Westdeutsche Meisterschaft 2016 (Teil Bouldern),2016-11-19,DIGITALROCK,6281,Final,Onsight,Boulder_Women
Westdeutsche Meisterschaft 2016 (Teil Bouldern),2016-11-19,DIGITALROCK,6281,Final,Onsight,Boulder_Men
"Zürcher Klettermeisterschaft - Minimum, Zürich (Boulder) 2016",2016-11-12,SAC-CAS,475,Qualification,Unknown,Boulder_Women
"Zürcher Klettermeisterschaft - Minimum, Zürich (Boulder) 2016",2016-11-12,SAC-CAS,475,Qualification,Unknown,Boulder_Men
"Zürcher Klettermeisterschaft - Minimum, Zürich (Boulder) 2016",2016-11-12,SAC-CAS,475,Final,Unknown,Boulder_Women
"Zürcher Klettermeisterschaft - Minimum, Zürich (Boulder) 2016",2016-11-12,SAC-CAS,475,Final,Unknown,Boulder_Men
IFSC World Youth Championships - Guangzhou (CHN) - 2016,2016-11-07,IFSC,953,Qualification,Flash,Boulder_Women
IFSC World Youth Championships - Guangzhou (CHN) - 2016,2016-11-07,IFSC,953,Semi-final,Onsight,Boulder_Women
IFSC World Youth Championships - Guangzhou (CHN) - 2016,2016-11-07,IFSC,953,Semi-final,Onsight,Boulder_Men
IFSC World Youth Championships - Guangzhou (CHN) - 2016,2016-11-07,IFSC,953,Final,Onsight,Boulder_Women
IFSC World Youth Championships - Guangzhou (CHN) - 2016,2016-11-07,IFSC,953,Final,Onsight,Boulder_Men
"Offene Sächsische Landesmeisterschaft Bouldern in Dresden, Senioren, Jugend A/B/C",2016-10-22,DIGITALROCK,5834,Final,Onsight,Boulder_Women
"Offene Sächsische Landesmeisterschaft Bouldern in Dresden, Senioren, Jugend A/B/C",2016-10-22,DIGITALROCK,5834,Final,Onsight,Boulder_Men
World University Championships - Shanghai (CHN) 2016,2016-10-12,IFSC,973,Qualification,Onsight,Boulder_Women
World University Championships - Shanghai (CHN) 2016,2016-10-12,IFSC,973,Qualification,Onsight,Boulder_Men
World University Championships - Shanghai (CHN) 2016,2016-10-12,IFSC,973,Semi-final,Onsight,Boulder_Women
World University Championships - Shanghai (CHN) 2016,2016-10-12,IFSC,973,Semi-final,Onsight,Boulder_Men
World University Championships - Shanghai (CHN) 2016,2016-10-12,IFSC,973,Final,Onsight,Boulder_Women
World University Championships - Shanghai (CHN) 2016,2016-10-12,IFSC,973,Final,Onsight,Boulder_Men
Asian Youth Championship - Tehran (IRI) 2016,2016-09-26,IFSC,959,Qualification,Flash,Boulder_Women
Asian Youth Championship - Tehran (IRI) 2016,2016-09-26,IFSC,959,Qualification,Flash,Boulder_Men
Asian Youth Championship - Tehran (IRI) 2016,2016-09-26,IFSC,959,Final,Onsight,Boulder_Women
Asian Youth Championship - Tehran (IRI) 2016,2016-09-26,IFSC,959,Final,Onsight,Boulder_Men
IFSC Climbing World Championships - Paris (FRA) 2016,2016-09-14,IFSC,950,Qualification,Onsight,Boulder_Women
IFSC Climbing World Championships - Paris (FRA) 2016,2016-09-14,IFSC,950,Qualification,Onsight,Boulder_Men
IFSC Climbing World Championships - Paris (FRA) 2016,2016-09-14,IFSC,950,Semi-final,Onsight,Boulder_Women
IFSC Climbing World Championships - Paris (FRA) 2016,2016-09-14,IFSC,950,Semi-final,Onsight,Boulder_Men
IFSC Climbing World Championships - Paris (FRA) 2016,2016-09-14,IFSC,950,Final,Onsight,Boulder_Women
IFSC Climbing World Championships - Paris (FRA) 2016,2016-09-14,IFSC,950,Final,Onsight,Boulder_Men
IFSC Climbing Worldcup (B) - Munich (GER) 2016,2016-08-12,IFSC,947,Qualification,Onsight,Boulder_Women
IFSC Climbing Worldcup (B) - Munich (GER) 2016,2016-08-12,IFSC,947,Qualification,Onsight,Boulder_Men
IFSC Climbing Worldcup (B) - Munich (GER) 2016,2016-08-12,IFSC,947,Semi-final,Onsight,Boulder_Women
IFSC Climbing Worldcup (B) - Munich (GER) 2016,2016-08-12,IFSC,947,Semi-final,Onsight,Boulder_Men
IFSC Climbing Worldcup (B) - Munich (GER) 2016,2016-08-12,IFSC,947,Final,Onsight,Boulder_Women
IFSC Climbing Worldcup (B) - Munich (GER) 2016,2016-08-12,IFSC,947,Final,Onsight,Boulder_Men
European Youth Championships (B) - Langenfeld (AUT) 2016 ,2016-08-04,IFSC,966,Qualification,Flash,Boulder_Women
European Youth Championships (B) - Langenfeld (AUT) 2016 ,2016-08-04,IFSC,966,Qualification,Flash,Boulder_Men
European Youth Championships (B) - Langenfeld (AUT) 2016 ,2016-08-04,IFSC,966,Final,Onsight,Boulder_Women
European Youth Championships (B) - Langenfeld (AUT) 2016 ,2016-08-04,IFSC,966,Final,Onsight,Boulder_Men
Asian Continental Championship - Duyun (CHN) 2016,2016-08-03,IFSC,958,Qualification,Onsight,Boulder_Women
Asian Continental Championship - Duyun (CHN) 2016,2016-08-03,IFSC,958,Qualification,Onsight,Boulder_Men
Asian Continental Championship - Duyun (CHN) 2016,2016-08-03,IFSC,958,Semi-final,Onsight,Boulder_Men
Asian Continental Championship - Duyun (CHN) 2016,2016-08-03,IFSC,958,Final,Onsight,Boulder_Women
Asian Continental Championship - Duyun (CHN) 2016,2016-08-03,IFSC,958,Final,Onsight,Boulder_Men
European Youth Cup (B) - L'Argentière (FRA) 2016 ,2016-07-26,IFSC,965,Qualification,Flash,Boulder_Women
European Youth Cup (B) - L'Argentière (FRA) 2016 ,2016-07-26,IFSC,965,Qualification,Flash,Boulder_Men
European Youth Cup (B) - L'Argentière (FRA) 2016 ,2016-07-26,IFSC,965,Final,Onsight,Boulder_Women
European Youth Cup (B) - L'Argentière (FRA) 2016 ,2016-07-26,IFSC,965,Final,Onsight,Boulder_Men
European Youth Cup (B) - Warsaw (POL) 2016 ,2016-07-02,IFSC,964,Qualification,Flash,Boulder_Women
European Youth Cup (B) - Warsaw (POL) 2016 ,2016-07-02,IFSC,964,Qualification,Flash,Boulder_Men
European Youth Cup (B) - Warsaw (POL) 2016 ,2016-07-02,IFSC,964,Final,Onsight,Boulder_Women
European Youth Cup (B) - Warsaw (POL) 2016 ,2016-07-02,IFSC,964,Final,Onsight,Boulder_Men
European Youth Cup (B) - Graz (AUT) 2016 ,2016-06-18,IFSC,963,Qualification,Flash,Boulder_Women
European Youth Cup (B) - Graz (AUT) 2016 ,2016-06-18,IFSC,963,Qualification,Flash,Boulder_Men
European Youth Cup (B) - Graz (AUT) 2016 ,2016-06-18,IFSC,963,Final,Onsight,Boulder_Women
European Youth Cup (B) - Graz (AUT) 2016 ,2016-06-18,IFSC,963,Final,Onsight,Boulder_Men
Mammut Youth Climbing Cup MYCC 2016 (Boulder) - Ostermundigen,2016-06-11,SAC-CAS,458,Qualification,Flash,Boulder_Women
Mammut Youth Climbing Cup MYCC 2016 (Boulder) - Ostermundigen,2016-06-11,SAC-CAS,458,Qualification,Flash,Boulder_Men
Mammut Youth Climbing Cup MYCC 2016 (Boulder) - Ostermundigen,2016-06-11,SAC-CAS,458,Final,Onsight,Boulder_Women
Mammut Youth Climbing Cup MYCC 2016 (Boulder) - Ostermundigen,2016-06-11,SAC-CAS,458,Final,Onsight,Boulder_Men
Offene Berliner Landesmeisterschaft Bouldern - Berlin 2016,2016-06-11,DIGITALROCK,6074,Final,Onsight,Boulder_Women
Offene Berliner Landesmeisterschaft Bouldern - Berlin 2016,2016-06-11,DIGITALROCK,6074,Final,Onsight,Boulder_Men
IFSC Climbing Worldcup (B) - Vail (USA) 2016,2016-06-10,IFSC,943,Qualification,Onsight,Boulder_Women
IFSC Climbing Worldcup (B) - Vail (USA) 2016,2016-06-10,IFSC,943,Qualification,Onsight,Boulder_Men
IFSC Climbing Worldcup (B) - Vail (USA) 2016,2016-06-10,IFSC,943,Semi-final,Onsight,Boulder_Women
IFSC Climbing Worldcup (B) - Vail (USA) 2016,2016-06-10,IFSC,943,Semi-final,Onsight,Boulder_Men
IFSC Climbing Worldcup (B) - Vail (USA) 2016,2016-06-10,IFSC,943,Final,Onsight,Boulder_Women
IFSC Climbing Worldcup (B) - Vail (USA) 2016,2016-06-10,IFSC,943,Final,Onsight,Boulder_Men
DAV Jugendcup (B) 2016 - Zweibrücken,2016-05-29,DIGITALROCK,5705,Final,Onsight,Boulder_Men
DAV Jugendcup (B) 2016 - Zweibrücken,2016-05-29,DIGITALROCK,5705,Final,Onsight,Boulder_Women
Offene NRW-Landesmeisterschaft Bouldern (2),2016-05-21,DIGITALROCK,5919,Final,Onsight,Boulder_Men
Offene NRW-Landesmeisterschaft Bouldern (2),2016-05-21,DIGITALROCK,5919,Final,Onsight,Boulder_Women
Rheintal Cup - Sparta Bouldercup (B) 2016,2016-05-21,SAC-CAS,453,Qualification,Unknown,Boulder_Women
Rheintal Cup - Sparta Bouldercup (B) 2016,2016-05-21,SAC-CAS,453,Qualification,Unknown,Boulder_Men
Rheintal Cup - Sparta Bouldercup (B) 2016,2016-05-21,SAC-CAS,453,Final,Unknown,Boulder_Women
Rheintal Cup - Sparta Bouldercup (B) 2016,2016-05-21,SAC-CAS,453,Final,Unknown,Boulder_Men
IFSC Climbing Worldcup (B) - Innsbruck (AUT) 2016,2016-05-20,IFSC,942,Qualification,Onsight,Boulder_Women
IFSC Climbing Worldcup (B) - Innsbruck (AUT) 2016,2016-05-20,IFSC,942,Qualification,Onsight,Boulder_Men
IFSC Climbing Worldcup (B) - Innsbruck (AUT) 2016,2016-05-20,IFSC,942,Semi-final,Onsight,Boulder_Women
IFSC Climbing Worldcup (B) - Innsbruck (AUT) 2016,2016-05-20,IFSC,942,Semi-final,Onsight,Boulder_Men
IFSC Climbing Worldcup (B) - Innsbruck (AUT) 2016,2016-05-20,IFSC,942,Final,Onsight,Boulder_Women
IFSC Climbing Worldcup (B) - Innsbruck (AUT) 2016,2016-05-20,IFSC,942,Final,Onsight,Boulder_Men
IFSC Climbing Worldcup (B) - Navi Mumbai (IND) 2016,2016-05-14,IFSC,941,Qualification,Onsight,Boulder_Women
IFSC Climbing Worldcup (B) - Navi Mumbai (IND) 2016,2016-05-14,IFSC,941,Qualification,Onsight,Boulder_Men
IFSC Climbing Worldcup (B) - Navi Mumbai (IND) 2016,2016-05-14,IFSC,941,Semi-final,Onsight,Boulder_Women
IFSC Climbing Worldcup (B) - Navi Mumbai (IND) 2016,2016-05-14,IFSC,941,Semi-final,Onsight,Boulder_Men
IFSC Climbing Worldcup (B) - Navi Mumbai (IND) 2016,2016-05-14,IFSC,941,Final,Onsight,Boulder_Women
IFSC Climbing Worldcup (B) - Navi Mumbai (IND) 2016,2016-05-14,IFSC,941,Final,Onsight,Boulder_Men
European Youth Cup (B) - Soure (POR) 2016,2016-05-07,IFSC,961,Qualification,Flash,Boulder_Women
European Youth Cup (B) - Soure (POR) 2016,2016-05-07,IFSC,961,Qualification,Flash,Boulder_Men
European Youth Cup (B) - Soure (POR) 2016,2016-05-07,IFSC,961,Final,Onsight,Boulder_Women
European Youth Cup (B) - Soure (POR) 2016,2016-05-07,IFSC,961,Final,Onsight,Boulder_Men
"IFSC Climbing Worldcup (B, S) - Chongqing (CHN) 2016",2016-04-30,IFSC,939,Qualification,Onsight,Boulder_Women
"IFSC Climbing Worldcup (B, S) - Chongqing (CHN) 2016",2016-04-30,IFSC,939,Qualification,Onsight,Boulder_Men
"IFSC Climbing Worldcup (B, S) - Chongqing (CHN) 2016",2016-04-30,IFSC,939,Semi-final,Onsight,Boulder_Women
"IFSC Climbing Worldcup (B, S) - Chongqing (CHN) 2016",2016-04-30,IFSC,939,Semi-final,Onsight,Boulder_Men
"IFSC Climbing Worldcup (B, S) - Chongqing (CHN) 2016",2016-04-30,IFSC,939,Final,Onsight,Boulder_Women
"IFSC Climbing Worldcup (B, S) - Chongqing (CHN) 2016",2016-04-30,IFSC,939,Final,Onsight,Boulder_Men
Offener BaWü Jugendcup/ Meisterschaft Bouldern - Heilbronn 2016,2016-04-30,DIGITALROCK,5855,Final,Onsight,Boulder_Women
Offener BaWü Jugendcup/ Meisterschaft Bouldern - Heilbronn 2016,2016-04-30,DIGITALROCK,5855,Final,Onsight,Boulder_Men
2. Bayerischer Jugendcup Bouldern - Regensburg 2016,2016-04-23,DIGITALROCK,5764,Final,Onsight,Boulder_Men
2. Bayerischer Jugendcup Bouldern - Regensburg 2016,2016-04-23,DIGITALROCK,5764,Final,Onsight,Boulder_Women
IFSC Climbing Worldcup (B) - Kazo (JPN) 2016,2016-04-23,IFSC,938,Qualification,Onsight,Boulder_Women
IFSC Climbing Worldcup (B) - Kazo (JPN) 2016,2016-04-23,IFSC,938,Qualification,Onsight,Boulder_Men
IFSC Climbing Worldcup (B) - Kazo (JPN) 2016,2016-04-23,IFSC,938,Semi-final,Onsight,Boulder_Women
IFSC Climbing Worldcup (B) - Kazo (JPN) 2016,2016-04-23,IFSC,938,Semi-final,Onsight,Boulder_Men
IFSC Climbing Worldcup (B) - Kazo (JPN) 2016,2016-04-23,IFSC,938,Final,Onsight,Boulder_Women
IFSC Climbing Worldcup (B) - Kazo (JPN) 2016,2016-04-23,IFSC,938,Final,Onsight,Boulder_Men
Norddeutsche Meisterschaft Bouldern 2016 - Boulderbase Bremen,2016-04-23,DIGITALROCK,6028,Final,Onsight,Boulder_Women
Norddeutsche Meisterschaft Bouldern 2016 - Boulderbase Bremen,2016-04-23,DIGITALROCK,6028,Final,Onsight,Boulder_Men
Offene Hessische Landesmeisterschaft (B) 2016 - Dynochrom Frankfurt,2016-04-23,DIGITALROCK,5726,Final,Onsight,Boulder_Women
Offene Hessische Landesmeisterschaft (B) 2016 - Dynochrom Frankfurt,2016-04-23,DIGITALROCK,5726,Final,Onsight,Boulder_Men
Sächsischer Jugendcup Wk2 Bouldern 2016 Leipzig,2016-04-23,DIGITALROCK,5846,Final,Onsight,Boulder_Men
Sächsischer Jugendcup Wk2 Bouldern 2016 Leipzig,2016-04-23,DIGITALROCK,5846,Final,Onsight,Boulder_Women
Mammut Youth Climbing Cup MYCC 2016 (Boulder) - SAC Boulder-Schweizermeisterschaft Meiringen,2016-04-17,SAC-CAS,452,Qualification,Flash,Boulder_Women
Mammut Youth Climbing Cup MYCC 2016 (Boulder) - SAC Boulder-Schweizermeisterschaft Meiringen,2016-04-17,SAC-CAS,452,Qualification,Flash,Boulder_Men
Mammut Youth Climbing Cup MYCC 2016 (Boulder) - SAC Boulder-Schweizermeisterschaft Meiringen,2016-04-17,SAC-CAS,452,Final,Onsight,Boulder_Women
Mammut Youth Climbing Cup MYCC 2016 (Boulder) - SAC Boulder-Schweizermeisterschaft Meiringen,2016-04-17,SAC-CAS,452,Final,Onsight,Boulder_Men
IFSC Climbing Worldcup (B) - Meiringen (SUI) 2016,2016-04-15,IFSC,937,Qualification,Onsight,Boulder_Women
IFSC Climbing Worldcup (B) - Meiringen (SUI) 2016,2016-04-15,IFSC,937,Qualification,Onsight,Boulder_Men
IFSC Climbing Worldcup (B) - Meiringen (SUI) 2016,2016-04-15,IFSC,937,Semi-final,Onsight,Boulder_Women
IFSC Climbing Worldcup (B) - Meiringen (SUI) 2016,2016-04-15,IFSC,937,Semi-final,Onsight,Boulder_Men
IFSC Climbing Worldcup (B) - Meiringen (SUI) 2016,2016-04-15,IFSC,937,Final,Onsight,Boulder_Women
IFSC Climbing Worldcup (B) - Meiringen (SUI) 2016,2016-04-15,IFSC,937,Final,Onsight,Boulder_Men
"DAV Jugendcup (B) 2016 - Köln, Stuntwerk",2016-04-10,DIGITALROCK,5702,Final,Onsight,Boulder_Men
"DAV Jugendcup (B) 2016 - Köln, Stuntwerk",2016-04-10,DIGITALROCK,5702,Final,Onsight,Boulder_Women
Bächli Swiss Climbing Cup BSCC 2016 (Boulder) - SAC Boulder-Schweizermeisterschaft Pratteln,2016-04-02,SAC-CAS,448,Qualification,Unknown,Boulder_Women
Bächli Swiss Climbing Cup BSCC 2016 (Boulder) - SAC Boulder-Schweizermeisterschaft Pratteln,2016-04-02,SAC-CAS,448,Qualification,Unknown,Boulder_Men
Bächli Swiss Climbing Cup BSCC 2016 (Boulder) - SAC Boulder-Schweizermeisterschaft Pratteln,2016-04-02,SAC-CAS,448,Final,Unknown,Boulder_Women
Bächli Swiss Climbing Cup BSCC 2016 (Boulder) - SAC Boulder-Schweizermeisterschaft Pratteln,2016-04-02,SAC-CAS,448,Final,Unknown,Boulder_Men
5. Offene Rheinland-Pfalz-Meisterschaft Bouldern - Rocktown Kaiserslautern 2016,2016-03-12,DIGITALROCK,5722,Final,Onsight,Boulder_Women
5. Offene Rheinland-Pfalz-Meisterschaft Bouldern - Rocktown Kaiserslautern 2016,2016-03-12,DIGITALROCK,5722,Final,Onsight,Boulder_Men
BaWü Jugendcup Bouldern - Tübingen 2016,2016-03-12,DIGITALROCK,5849,Final,Onsight,Boulder_Women
BaWü Jugendcup Bouldern - Tübingen 2016,2016-03-12,DIGITALROCK,5849,Final,Onsight,Boulder_Men
Sächsischer Jugendcup Wk1 Bouldern 2016 Dresden,2016-03-05,DIGITALROCK,5805,Final,Onsight,Boulder_Women
Sächsischer Jugendcup Wk1 Bouldern 2016 Dresden,2016-03-05,DIGITALROCK,5805,Final,Onsight,Boulder_Men
Offene NRW-Landesmeisterschaft Bouldern (1),2016-02-27,DIGITALROCK,5910,Final,Onsight,Boulder_Men
Offene NRW-Landesmeisterschaft Bouldern (1),2016-02-27,DIGITALROCK,5910,Final,Onsight,Boulder_Women
1. Bayerischer Jugendcup Bouldern - München 2016,2016-02-13,DIGITALROCK,5732,Final,Onsight,Boulder_Women
1. Bayerischer Jugendcup Bouldern - München 2016,2016-02-13,DIGITALROCK,5732,Final,Onsight,Boulder_Men
"DAV Jugendcup (B) 2016 - Hannover, abf Messe",2016-02-07,DIGITALROCK,5699,Final,Onsight,Boulder_Men
"DAV Jugendcup (B) 2016 - Hannover, abf Messe",2016-02-07,DIGITALROCK,5699,Final,Onsight,Boulder_Women
2. Kids Mammut Blacklight Boulder Challenge - St. Gallen 2016 (Rheintal Cup U12-U16),2016-01-10,SAC-CAS,446,Qualification,Unknown,Boulder_Women
2. Kids Mammut Blacklight Boulder Challenge - St. Gallen 2016 (Rheintal Cup U12-U16),2016-01-10,SAC-CAS,446,Qualification,Unknown,Boulder_Men
Asian Youth Championship - Putrajaya (MAS) 2015,2015-12-02,IFSC,915,Qualification,Flash,Boulder_Women
Asian Youth Championship - Putrajaya (MAS) 2015,2015-12-02,IFSC,915,Qualification,Flash,Boulder_Men
Asian Youth Championship - Putrajaya (MAS) 2015,2015-12-02,IFSC,915,Final,Onsight,Boulder_Women
Asian Youth Championship - Putrajaya (MAS) 2015,2015-12-02,IFSC,915,Final,Onsight,Boulder_Men
Asian Continental Championship - Ningbo (CHN) 2015,2015-11-22,IFSC,914,Qualification,Onsight,Boulder_Women
Asian Continental Championship - Ningbo (CHN) 2015,2015-11-22,IFSC,914,Qualification,Onsight,Boulder_Men
Asian Continental Championship - Ningbo (CHN) 2015,2015-11-22,IFSC,914,Semi-final,Onsight,Boulder_Women
Asian Continental Championship - Ningbo (CHN) 2015,2015-11-22,IFSC,914,Final,Onsight,Boulder_Women
Asian Continental Championship - Ningbo (CHN) 2015,2015-11-22,IFSC,914,Final,Onsight,Boulder_Men
IFSC World Youth Championships - Arco (ITA) - 2015,2015-08-28,IFSC,910,Qualification,Flash,Boulder_Women
IFSC World Youth Championships - Arco (ITA) - 2015,2015-08-28,IFSC,910,Qualification,Flash,Boulder_Men
IFSC World Youth Championships - Arco (ITA) - 2015,2015-08-28,IFSC,910,Semi-final,Onsight,Boulder_Women
IFSC World Youth Championships - Arco (ITA) - 2015,2015-08-28,IFSC,910,Semi-final,Onsight,Boulder_Men
IFSC World Youth Championships - Arco (ITA) - 2015,2015-08-28,IFSC,910,Final,Onsight,Boulder_Women
IFSC World Youth Championships - Arco (ITA) - 2015,2015-08-28,IFSC,910,Final,Onsight,Boulder_Men
Mammut Youth Climbing Cup MYCC 2015 (B) - Les Diablerets ,2015-08-16,SAC-CAS,420,Qualification,Flash,Boulder_Women
Mammut Youth Climbing Cup MYCC 2015 (B) - Les Diablerets ,2015-08-16,SAC-CAS,420,Qualification,Flash,Boulder_Men
Mammut Youth Climbing Cup MYCC 2015 (B) - Les Diablerets ,2015-08-16,SAC-CAS,420,Final,Onsight,Boulder_Women
Mammut Youth Climbing Cup MYCC 2015 (B) - Les Diablerets ,2015-08-16,SAC-CAS,420,Final,Onsight,Boulder_Men
IFSC Climbing Worldcup (B) - Munich (GER) 2015,2015-08-14,IFSC,905,Qualification,Onsight,Boulder_Women
IFSC Climbing Worldcup (B) - Munich (GER) 2015,2015-08-14,IFSC,905,Qualification,Onsight,Boulder_Men
IFSC Climbing Worldcup (B) - Munich (GER) 2015,2015-08-14,IFSC,905,Semi-final,Onsight,Boulder_Women
IFSC Climbing Worldcup (B) - Munich (GER) 2015,2015-08-14,IFSC,905,Semi-final,Onsight,Boulder_Men
IFSC Climbing Worldcup (B) - Munich (GER) 2015,2015-08-14,IFSC,905,Final,Onsight,Boulder_Women
IFSC Climbing Worldcup (B) - Munich (GER) 2015,2015-08-14,IFSC,905,Final,Onsight,Boulder_Men
Mammut Youth Climbing Cup MYCC 2015 (B) - SAC Boulder-Schweizermeisterschaft Klosters,2015-08-08,SAC-CAS,418,Qualification,Flash,Boulder_Women
Mammut Youth Climbing Cup MYCC 2015 (B) - SAC Boulder-Schweizermeisterschaft Klosters,2015-08-08,SAC-CAS,418,Qualification,Flash,Boulder_Men
Mammut Youth Climbing Cup MYCC 2015 (B) - SAC Boulder-Schweizermeisterschaft Klosters,2015-08-08,SAC-CAS,418,Final,Onsight,Boulder_Women
Mammut Youth Climbing Cup MYCC 2015 (B) - SAC Boulder-Schweizermeisterschaft Klosters,2015-08-08,SAC-CAS,418,Final,Onsight,Boulder_Men
European Universities Sport Climbing Championship - Katowice (POL) 2015,2015-08-05,IFSC,926,Qualification,Onsight,Boulder_Women
European Universities Sport Climbing Championship - Katowice (POL) 2015,2015-08-05,IFSC,926,Qualification,Onsight,Boulder_Men
European Universities Sport Climbing Championship - Katowice (POL) 2015,2015-08-05,IFSC,926,Final,Onsight,Boulder_Women
European Universities Sport Climbing Championship - Katowice (POL) 2015,2015-08-05,IFSC,926,Final,Onsight,Boulder_Men
European Youth Championship (B) - L'Argentière la Bessée (FRA) 2015 ,2015-07-21,IFSC,923,Qualification,Flash,Boulder_Women
European Youth Championship (B) - L'Argentière la Bessée (FRA) 2015 ,2015-07-21,IFSC,923,Qualification,Flash,Boulder_Men
European Youth Championship (B) - L'Argentière la Bessée (FRA) 2015 ,2015-07-21,IFSC,923,Final,Onsight,Boulder_Women
European Youth Championship (B) - L'Argentière la Bessée (FRA) 2015 ,2015-07-21,IFSC,923,Final,Onsight,Boulder_Men
"DAV Jugendcup (B) 2015 - Friedrichshafen, OutDoor Messe",2015-07-19,DIGITALROCK,5580,Final,Onsight,Boulder_Men
"DAV Jugendcup (B) 2015 - Friedrichshafen, OutDoor Messe",2015-07-19,DIGITALROCK,5580,Final,Onsight,Boulder_Women
European Youth Cup (B) - Laengenfeld (AUT) 2015 ,2015-07-04,IFSC,921,Qualification,Flash,Boulder_Women
European Youth Cup (B) - Laengenfeld (AUT) 2015 ,2015-07-04,IFSC,921,Qualification,Flash,Boulder_Men
European Youth Cup (B) - Laengenfeld (AUT) 2015 ,2015-07-04,IFSC,921,Final,Onsight,Boulder_Women
European Youth Cup (B) - Laengenfeld (AUT) 2015 ,2015-07-04,IFSC,921,Final,Onsight,Boulder_Men
Sächsischer Kinder- und Jugendcup Bouldern 2015 Teil 2 - Landesjugendspiele,2015-07-04,DIGITALROCK,5631,Final,Onsight,Boulder_Women
Sächsischer Kinder- und Jugendcup Bouldern 2015 Teil 2 - Landesjugendspiele,2015-07-04,DIGITALROCK,5631,Final,Onsight,Boulder_Men
"IFSC Climbing Worldcup (B,S) - Haiyang (CHN) 2015",2015-06-26,IFSC,901,Qualification,Onsight,Boulder_Women
"IFSC Climbing Worldcup (B,S) - Haiyang (CHN) 2015",2015-06-26,IFSC,901,Qualification,Onsight,Boulder_Men
"IFSC Climbing Worldcup (B,S) - Haiyang (CHN) 2015",2015-06-26,IFSC,901,Semi-final,Onsight,Boulder_Women
"IFSC Climbing Worldcup (B,S) - Haiyang (CHN) 2015",2015-06-26,IFSC,901,Semi-final,Onsight,Boulder_Men
"IFSC Climbing Worldcup (B,S) - Haiyang (CHN) 2015",2015-06-26,IFSC,901,Final,Onsight,Boulder_Women
"IFSC Climbing Worldcup (B,S) - Haiyang (CHN) 2015",2015-06-26,IFSC,901,Final,Onsight,Boulder_Men
"IFSC Climbing Worldcup (B,S) - Chongqing (CHN) 2015",2015-06-20,IFSC,900,Qualification,Onsight,Boulder_Women
"IFSC Climbing Worldcup (B,S) - Chongqing (CHN) 2015",2015-06-20,IFSC,900,Qualification,Onsight,Boulder_Men
"IFSC Climbing Worldcup (B,S) - Chongqing (CHN) 2015",2015-06-20,IFSC,900,Semi-final,Onsight,Boulder_Women
"IFSC Climbing Worldcup (B,S) - Chongqing (CHN) 2015",2015-06-20,IFSC,900,Semi-final,Onsight,Boulder_Men
"IFSC Climbing Worldcup (B,S) - Chongqing (CHN) 2015",2015-06-20,IFSC,900,Final,Onsight,Boulder_Women
"IFSC Climbing Worldcup (B,S) - Chongqing (CHN) 2015",2015-06-20,IFSC,900,Final,Onsight,Boulder_Men
Offene NRW-Landesmeisterschaft Bouldern 2015 (2),2015-06-20,DIGITALROCK,5632,Final,Onsight,Boulder_Men
Offene NRW-Landesmeisterschaft Bouldern 2015 (2),2015-06-20,DIGITALROCK,5632,Final,Onsight,Boulder_Women
Offene Berliner/Sächsische Meisterschaft Bouldern in Berlin,2015-06-13,DIGITALROCK,5633,Final,Onsight,Boulder_Women
Offene Berliner/Sächsische Meisterschaft Bouldern in Berlin,2015-06-13,DIGITALROCK,5633,Final,Onsight,Boulder_Men
IFSC Climbing Worldcup (B) - Vail (USA) 2015,2015-06-05,IFSC,899,Qualification,Onsight,Boulder_Women
IFSC Climbing Worldcup (B) - Vail (USA) 2015,2015-06-05,IFSC,899,Qualification,Onsight,Boulder_Men
IFSC Climbing Worldcup (B) - Vail (USA) 2015,2015-06-05,IFSC,899,Semi-final,Onsight,Boulder_Women
IFSC Climbing Worldcup (B) - Vail (USA) 2015,2015-06-05,IFSC,899,Semi-final,Onsight,Boulder_Men
IFSC Climbing Worldcup (B) - Vail (USA) 2015,2015-06-05,IFSC,899,Final,Onsight,Boulder_Women
IFSC Climbing Worldcup (B) - Vail (USA) 2015,2015-06-05,IFSC,899,Final,Onsight,Boulder_Men
IFSC Climbing Worldcup (B) - Toronto (CAN) 2015,2015-05-30,IFSC,898,Qualification,Onsight,Boulder_Women
IFSC Climbing Worldcup (B) - Toronto (CAN) 2015,2015-05-30,IFSC,898,Qualification,Onsight,Boulder_Men
IFSC Climbing Worldcup (B) - Toronto (CAN) 2015,2015-05-30,IFSC,898,Semi-final,Onsight,Boulder_Women
IFSC Climbing Worldcup (B) - Toronto (CAN) 2015,2015-05-30,IFSC,898,Semi-final,Onsight,Boulder_Men
IFSC Climbing Worldcup (B) - Toronto (CAN) 2015,2015-05-30,IFSC,898,Final,Onsight,Boulder_Women
IFSC Climbing Worldcup (B) - Toronto (CAN) 2015,2015-05-30,IFSC,898,Final,Onsight,Boulder_Men
European Championship (B) - Innsbruck (AUT) 2015,2015-05-14,IFSC,916,Qualification,Onsight,Boulder_Women
European Championship (B) - Innsbruck (AUT) 2015,2015-05-14,IFSC,916,Qualification,Onsight,Boulder_Men
European Championship (B) - Innsbruck (AUT) 2015,2015-05-14,IFSC,916,Semi-final,Onsight,Boulder_Women
European Championship (B) - Innsbruck (AUT) 2015,2015-05-14,IFSC,916,Semi-final,Onsight,Boulder_Men
European Championship (B) - Innsbruck (AUT) 2015,2015-05-14,IFSC,916,Final,Onsight,Boulder_Women
European Championship (B) - Innsbruck (AUT) 2015,2015-05-14,IFSC,916,Final,Onsight,Boulder_Men
Bächli Swiss Climbing Cup BSCC 2015 (B) - SAC Boulder-Schweizermeisterschaft Zürich,2015-05-09,SAC-CAS,412,Qualification,Unknown,Boulder_Women
Bächli Swiss Climbing Cup BSCC 2015 (B) - SAC Boulder-Schweizermeisterschaft Zürich,2015-05-09,SAC-CAS,412,Qualification,Unknown,Boulder_Men
Bächli Swiss Climbing Cup BSCC 2015 (B) - SAC Boulder-Schweizermeisterschaft Zürich,2015-05-09,SAC-CAS,412,Final,Unknown,Boulder_Women
Bächli Swiss Climbing Cup BSCC 2015 (B) - SAC Boulder-Schweizermeisterschaft Zürich,2015-05-09,SAC-CAS,412,Final,Unknown,Boulder_Men
"Offene Hessische Landesmeisterschaft (B) 2015 - Studio Block, Darmstadt-Pfungstadt",2015-05-09,DIGITALROCK,5627,Final,Onsight,Boulder_Women
"Offene Hessische Landesmeisterschaft (B) 2015 - Studio Block, Darmstadt-Pfungstadt",2015-05-09,DIGITALROCK,5627,Final,Onsight,Boulder_Men
Mammut Youth Climbing Cup MYCC 2015 (B) - Echandens/Lausanne,2015-05-02,SAC-CAS,411,Qualification,Flash,Boulder_Women
Mammut Youth Climbing Cup MYCC 2015 (B) - Echandens/Lausanne,2015-05-02,SAC-CAS,411,Qualification,Flash,Boulder_Men
Mammut Youth Climbing Cup MYCC 2015 (B) - Echandens/Lausanne,2015-05-02,SAC-CAS,411,Final,Onsight,Boulder_Women
Mammut Youth Climbing Cup MYCC 2015 (B) - Echandens/Lausanne,2015-05-02,SAC-CAS,411,Final,Onsight,Boulder_Men
Norddeutsche Meisterschaft Bouldern - Hamburg 2015,2015-04-25,DIGITALROCK,5624,Final,Onsight,Boulder_Women
Norddeutsche Meisterschaft Bouldern - Hamburg 2015,2015-04-25,DIGITALROCK,5624,Final,Onsight,Boulder_Men
Offene NRW-Landesmeisterschaft Bouldern 2015 (1),2015-04-25,DIGITALROCK,5626,Final,Onsight,Boulder_Men
Offene NRW-Landesmeisterschaft Bouldern 2015 (1),2015-04-25,DIGITALROCK,5626,Final,Onsight,Boulder_Women
BaWü Jugendcup Overall Stuttgart - Bouldern,2015-04-24,DIGITALROCK,5587,Final,Onsight,Boulder_Women
BaWü Jugendcup Overall Stuttgart - Bouldern,2015-04-24,DIGITALROCK,5587,Final,Onsight,Boulder_Men
Bächli Swiss Climbing Cup BSCC 2015 (B) - Pratteln,2015-04-18,SAC-CAS,410,Qualification,Unknown,Boulder_Women
Bächli Swiss Climbing Cup BSCC 2015 (B) - Pratteln,2015-04-18,SAC-CAS,410,Qualification,Unknown,Boulder_Men
Bächli Swiss Climbing Cup BSCC 2015 (B) - Pratteln,2015-04-18,SAC-CAS,410,Final,Unknown,Boulder_Women
Bächli Swiss Climbing Cup BSCC 2015 (B) - Pratteln,2015-04-18,SAC-CAS,410,Final,Unknown,Boulder_Men
2. Bayerischer Jugendcup Bouldern - Bayreuth 2015,2015-03-21,DIGITALROCK,5593,Final,Onsight,Boulder_Men
2. Bayerischer Jugendcup Bouldern - Bayreuth 2015,2015-03-21,DIGITALROCK,5593,Final,Onsight,Boulder_Women
4. Offene Rheinland-Pfalz-Meisterschaft Bouldern - Rocktown Kaiserslautern 2015,2015-03-21,DIGITALROCK,5554,Final,Onsight,Boulder_Women
4. Offene Rheinland-Pfalz-Meisterschaft Bouldern - Rocktown Kaiserslautern 2015,2015-03-21,DIGITALROCK,5554,Final,Onsight,Boulder_Men
"DAV Jugendcup (B) 2015 - Köln, Stuntwerk",2015-03-15,DIGITALROCK,5579,Final,Onsight,Boulder_Men
"DAV Jugendcup (B) 2015 - Köln, Stuntwerk",2015-03-15,DIGITALROCK,5579,Final,Onsight,Boulder_Women
1. Sächsischer Kinder- und Jugendcup Bouldern in Dresden 2015,2015-03-07,DIGITALROCK,5570,Final,Onsight,Boulder_Women
1. Sächsischer Kinder- und Jugendcup Bouldern in Dresden 2015,2015-03-07,DIGITALROCK,5570,Final,Onsight,Boulder_Men
Promo Event - The Climbing Works International Festival (B) - Sheffield (GBR) 2015,2015-03-07,IFSC,929,Qualification,Onsight,Boulder_Women
Promo Event - The Climbing Works International Festival (B) - Sheffield (GBR) 2015,2015-03-07,IFSC,929,Qualification,Onsight,Boulder_Men
Promo Event - The Climbing Works International Festival (B) - Sheffield (GBR) 2015,2015-03-07,IFSC,929,Semi-final,Onsight,Boulder_Women
Promo Event - The Climbing Works International Festival (B) - Sheffield (GBR) 2015,2015-03-07,IFSC,929,Semi-final,Onsight,Boulder_Men
Promo Event - The Climbing Works International Festival (B) - Sheffield (GBR) 2015,2015-03-07,IFSC,929,Final,Onsight,Boulder_Women
Promo Event - The Climbing Works International Festival (B) - Sheffield (GBR) 2015,2015-03-07,IFSC,929,Final,Onsight,Boulder_Men
1. Bayerischer Jugendcup Bouldern - München 2015,2015-02-21,DIGITALROCK,5598,Final,Onsight,Boulder_Women
1. Bayerischer Jugendcup Bouldern - München 2015,2015-02-21,DIGITALROCK,5598,Final,Onsight,Boulder_Men
1. Kids Mammut Blacklight Boulder Challenge - St. Gallen (Rheintal Cup U12-U16),2015-02-15,SAC-CAS,405,Qualification,Unknown,Boulder_Women
1. Kids Mammut Blacklight Boulder Challenge - St. Gallen (Rheintal Cup U12-U16),2015-02-15,SAC-CAS,405,Qualification,Unknown,Boulder_Men
"DAV Jugendcup (B) 2015 - Hannover, abf Messe",2015-02-15,DIGITALROCK,5578,Final,Onsight,Boulder_Men
"DAV Jugendcup (B) 2015 - Hannover, abf Messe",2015-02-15,DIGITALROCK,5578,Final,Onsight,Boulder_Women
BaWü Jugendcup Bouldern Tübingen,2015-02-07,DIGITALROCK,5586,Final,Onsight,Boulder_Women
BaWü Jugendcup Bouldern Tübingen,2015-02-07,DIGITALROCK,5586,Final,Onsight,Boulder_Men
"PanAmerican Youth Championship (L,S, B) - Mexico City (MEX) 2014",2014-11-26,IFSC,882,Qualification,Flash,Boulder_Women
"PanAmerican Youth Championship (L,S, B) - Mexico City (MEX) 2014",2014-11-26,IFSC,882,Qualification,Flash,Boulder_Men
"PanAmerican Youth Championship (L,S, B) - Mexico City (MEX) 2014",2014-11-26,IFSC,882,Semi-final,Onsight,Boulder_Women
"PanAmerican Youth Championship (L,S, B) - Mexico City (MEX) 2014",2014-11-26,IFSC,882,Semi-final,Onsight,Boulder_Men
"PanAmerican Youth Championship (L,S, B) - Mexico City (MEX) 2014",2014-11-26,IFSC,882,Final,Onsight,Boulder_Women
"PanAmerican Youth Championship (L,S, B) - Mexico City (MEX) 2014",2014-11-26,IFSC,882,Final,Onsight,Boulder_Men
Offene Sächsische/Berliner Meisterschaft Bouldern in Leipzig,2014-11-22,DIGITALROCK,5514,Final,Onsight,Boulder_Men
Offene Sächsische/Berliner Meisterschaft Bouldern in Leipzig,2014-11-22,DIGITALROCK,5514,Final,Onsight,Boulder_Women
22th Asian Continental Championship - Lombok (INA) 2014,2014-10-01,IFSC,874,Qualification,Onsight,Boulder_Women
22th Asian Continental Championship - Lombok (INA) 2014,2014-10-01,IFSC,874,Qualification,Onsight,Boulder_Men
22th Asian Continental Championship - Lombok (INA) 2014,2014-10-01,IFSC,874,Semi-final,Onsight,Boulder_Women
22th Asian Continental Championship - Lombok (INA) 2014,2014-10-01,IFSC,874,Semi-final,Onsight,Boulder_Men
22th Asian Continental Championship - Lombok (INA) 2014,2014-10-01,IFSC,874,Final,Onsight,Boulder_Women
22th Asian Continental Championship - Lombok (INA) 2014,2014-10-01,IFSC,874,Final,Onsight,Boulder_Men
European Youth Championship (B) - Arco (ITA) 2014 ,2014-09-06,IFSC,881,Qualification,Flash,Boulder_Women
European Youth Championship (B) - Arco (ITA) 2014 ,2014-09-06,IFSC,881,Qualification,Flash,Boulder_Men
European Youth Championship (B) - Arco (ITA) 2014 ,2014-09-06,IFSC,881,Final,Onsight,Boulder_Women
European Youth Championship (B) - Arco (ITA) 2014 ,2014-09-06,IFSC,881,Final,Onsight,Boulder_Men
"Intl. Event (L, B) - ROCKMASTER - Arco (ITA) 2014",2014-08-30,IFSC,893,Nan,Onsight,Boulder_Men
"Intl. Event (L, B) - ROCKMASTER - Arco (ITA) 2014",2014-08-30,IFSC,893,Nan,Onsight,Boulder_Women
"Intl. Event Open for Rockmaster (L, B) - Arco (ITA) 2014",2014-08-28,IFSC,892,Nan,Onsight,Boulder_Men
"Intl. Event Open for Rockmaster (L, B) - Arco (ITA) 2014",2014-08-28,IFSC,892,Nan,Onsight,Boulder_Women
IFSC Climbing World Championship (B) - Munich (GER) 2014,2014-08-21,IFSC,860,Qualification,Onsight,Boulder_Women
IFSC Climbing World Championship (B) - Munich (GER) 2014,2014-08-21,IFSC,860,Qualification,Onsight,Boulder_Men
IFSC Climbing World Championship (B) - Munich (GER) 2014,2014-08-21,IFSC,860,Semi-final,Onsight,Boulder_Women
IFSC Climbing World Championship (B) - Munich (GER) 2014,2014-08-21,IFSC,860,Semi-final,Onsight,Boulder_Men
IFSC Climbing World Championship (B) - Munich (GER) 2014,2014-08-21,IFSC,860,Final,Onsight,Boulder_Women
IFSC Climbing World Championship (B) - Munich (GER) 2014,2014-08-21,IFSC,860,Final,Onsight,Boulder_Men
European Youth Cup (B) - Laengenfeld/Oetzal (AUT) 2014 ,2014-08-15,IFSC,880,Qualification,Flash,Boulder_Women
European Youth Cup (B) - Laengenfeld/Oetzal (AUT) 2014 ,2014-08-15,IFSC,880,Qualification,Flash,Boulder_Men
European Youth Cup (B) - Laengenfeld/Oetzal (AUT) 2014 ,2014-08-15,IFSC,880,Final,Onsight,Boulder_Women
European Youth Cup (B) - Laengenfeld/Oetzal (AUT) 2014 ,2014-08-15,IFSC,880,Final,Onsight,Boulder_Men
European Youth Cup (B) - L'Argentière (FRA) 2014 ,2014-07-22,IFSC,879,Qualification,Flash,Boulder_Women
European Youth Cup (B) - L'Argentière (FRA) 2014 ,2014-07-22,IFSC,879,Qualification,Flash,Boulder_Men
European Youth Cup (B) - L'Argentière (FRA) 2014 ,2014-07-22,IFSC,879,Final,Onsight,Boulder_Women
European Youth Cup (B) - L'Argentière (FRA) 2014 ,2014-07-22,IFSC,879,Final,Onsight,Boulder_Men
Offener Sächsischer Kinder-Jugendcup Bouldern Teil 2 in Chemnitz,2014-07-05,DIGITALROCK,5524,Final,Onsight,Boulder_Women
Offener Sächsischer Kinder-Jugendcup Bouldern Teil 2 in Chemnitz,2014-07-05,DIGITALROCK,5524,Final,Onsight,Boulder_Men
IFSC Climbing Worldcup (B) - Laval (FRA) 2014,2014-06-27,IFSC,856,Qualification,Onsight,Boulder_Women
IFSC Climbing Worldcup (B) - Laval (FRA) 2014,2014-06-27,IFSC,856,Qualification,Onsight,Boulder_Men
IFSC Climbing Worldcup (B) - Laval (FRA) 2014,2014-06-27,IFSC,856,Semi-final,Onsight,Boulder_Women
IFSC Climbing Worldcup (B) - Laval (FRA) 2014,2014-06-27,IFSC,856,Semi-final,Onsight,Boulder_Men
IFSC Climbing Worldcup (B) - Laval (FRA) 2014,2014-06-27,IFSC,856,Final,Onsight,Boulder_Women
IFSC Climbing Worldcup (B) - Laval (FRA) 2014,2014-06-27,IFSC,856,Final,Onsight,Boulder_Men
"IFSC Climbing Worldcup (L, B, S) - Haiyang (CHN) 2014 ",2014-06-20,IFSC,855,Qualification,Onsight,Boulder_Women
"IFSC Climbing Worldcup (L, B, S) - Haiyang (CHN) 2014 ",2014-06-20,IFSC,855,Qualification,Onsight,Boulder_Men
"IFSC Climbing Worldcup (L, B, S) - Haiyang (CHN) 2014 ",2014-06-20,IFSC,855,Semi-final,Onsight,Boulder_Women
"IFSC Climbing Worldcup (L, B, S) - Haiyang (CHN) 2014 ",2014-06-20,IFSC,855,Semi-final,Onsight,Boulder_Men
"IFSC Climbing Worldcup (L, B, S) - Haiyang (CHN) 2014 ",2014-06-20,IFSC,855,Final,Onsight,Boulder_Women
"IFSC Climbing Worldcup (L, B, S) - Haiyang (CHN) 2014 ",2014-06-20,IFSC,855,Final,Onsight,Boulder_Men
Deutscher Jugendcup Boulder - Auerbach 2014,2014-06-08,DIGITALROCK,5459,Final,Onsight,Boulder_Men
Deutscher Jugendcup Boulder - Auerbach 2014,2014-06-08,DIGITALROCK,5459,Final,Onsight,Boulder_Women
IFSC Climbing Worldcup (B) - Vail (USA) 2014,2014-06-06,IFSC,854,Qualification,Onsight,Boulder_Women
IFSC Climbing Worldcup (B) - Vail (USA) 2014,2014-06-06,IFSC,854,Qualification,Onsight,Boulder_Men
IFSC Climbing Worldcup (B) - Vail (USA) 2014,2014-06-06,IFSC,854,Semi-final,Onsight,Boulder_Women
IFSC Climbing Worldcup (B) - Vail (USA) 2014,2014-06-06,IFSC,854,Semi-final,Onsight,Boulder_Men
IFSC Climbing Worldcup (B) - Vail (USA) 2014,2014-06-06,IFSC,854,Final,Onsight,Boulder_Women
IFSC Climbing Worldcup (B) - Vail (USA) 2014,2014-06-06,IFSC,854,Final,Onsight,Boulder_Men
2. Bayerischer Jugendcup Bouldern - Regensburg 2014,2014-05-31,DIGITALROCK,5475,Final,Onsight,Boulder_Men
2. Bayerischer Jugendcup Bouldern - Regensburg 2014,2014-05-31,DIGITALROCK,5475,Final,Onsight,Boulder_Women
IFSC Climbing Worldcup (B) - Toronto (CAN) 2014 ,2014-05-31,IFSC,853,Qualification,Onsight,Boulder_Women
IFSC Climbing Worldcup (B) - Toronto (CAN) 2014 ,2014-05-31,IFSC,853,Qualification,Onsight,Boulder_Men
IFSC Climbing Worldcup (B) - Toronto (CAN) 2014 ,2014-05-31,IFSC,853,Semi-final,Onsight,Boulder_Women
IFSC Climbing Worldcup (B) - Toronto (CAN) 2014 ,2014-05-31,IFSC,853,Semi-final,Onsight,Boulder_Men
IFSC Climbing Worldcup (B) - Toronto (CAN) 2014 ,2014-05-31,IFSC,853,Final,Onsight,Boulder_Women
IFSC Climbing Worldcup (B) - Toronto (CAN) 2014 ,2014-05-31,IFSC,853,Final,Onsight,Boulder_Men
Mammut Youth Climbing Cup MYCC und Boulder-Schweizermeisterschaft 2014 - Genf,2014-05-24,SAC-CAS,373,Qualification,Flash,Boulder_Women
Mammut Youth Climbing Cup MYCC und Boulder-Schweizermeisterschaft 2014 - Genf,2014-05-24,SAC-CAS,373,Qualification,Flash,Boulder_Men
Mammut Youth Climbing Cup MYCC und Boulder-Schweizermeisterschaft 2014 - Genf,2014-05-24,SAC-CAS,373,Final,Onsight,Boulder_Women
Mammut Youth Climbing Cup MYCC und Boulder-Schweizermeisterschaft 2014 - Genf,2014-05-24,SAC-CAS,373,Final,Onsight,Boulder_Men
Bächli Swiss Climbing Cup BSCC und Boulder-Schweizermeisterschaft 2014 - Grindelwald,2014-05-18,SAC-CAS,370,Qualification,Unknown,Boulder_Women
Bächli Swiss Climbing Cup BSCC und Boulder-Schweizermeisterschaft 2014 - Grindelwald,2014-05-18,SAC-CAS,370,Qualification,Unknown,Boulder_Men
Bächli Swiss Climbing Cup BSCC und Boulder-Schweizermeisterschaft 2014 - Grindelwald,2014-05-18,SAC-CAS,370,Final,Unknown,Boulder_Women
Bächli Swiss Climbing Cup BSCC und Boulder-Schweizermeisterschaft 2014 - Grindelwald,2014-05-18,SAC-CAS,370,Final,Unknown,Boulder_Men
Deutscher Jugendcup Boulder - Frankfurt 2014,2014-05-17,DIGITALROCK,5458,Final,Onsight,Boulder_Men
Deutscher Jugendcup Boulder - Frankfurt 2014,2014-05-17,DIGITALROCK,5458,Final,Onsight,Boulder_Women
Mammut Youth Climbing Cup MYCC (B) 2014 - Grindelwald,2014-05-17,SAC-CAS,369,Qualification,Flash,Boulder_Women
Mammut Youth Climbing Cup MYCC (B) 2014 - Grindelwald,2014-05-17,SAC-CAS,369,Qualification,Flash,Boulder_Men
Mammut Youth Climbing Cup MYCC (B) 2014 - Grindelwald,2014-05-17,SAC-CAS,369,Final,Onsight,Boulder_Women
Mammut Youth Climbing Cup MYCC (B) 2014 - Grindelwald,2014-05-17,SAC-CAS,369,Final,Onsight,Boulder_Men
IFSC Climbing Worldcup (B) - Innsbruck (AUT) 2014 ,2014-05-16,IFSC,852,Qualification,Onsight,Boulder_Women
IFSC Climbing Worldcup (B) - Innsbruck (AUT) 2014 ,2014-05-16,IFSC,852,Qualification,Onsight,Boulder_Men
IFSC Climbing Worldcup (B) - Innsbruck (AUT) 2014 ,2014-05-16,IFSC,852,Semi-final,Onsight,Boulder_Women
IFSC Climbing Worldcup (B) - Innsbruck (AUT) 2014 ,2014-05-16,IFSC,852,Semi-final,Onsight,Boulder_Men
IFSC Climbing Worldcup (B) - Innsbruck (AUT) 2014 ,2014-05-16,IFSC,852,Final,Onsight,Boulder_Women
IFSC Climbing Worldcup (B) - Innsbruck (AUT) 2014 ,2014-05-16,IFSC,852,Final,Onsight,Boulder_Men
BaWü Jugendcup Bouldern Heilbronn,2014-05-10,DIGITALROCK,5534,Final,Onsight,Boulder_Women
BaWü Jugendcup Bouldern Heilbronn,2014-05-10,DIGITALROCK,5534,Final,Onsight,Boulder_Men
IFSC Climbing Worldcup (B) - Grindelwald (SUI) 2014 ,2014-05-10,IFSC,851,Qualification,Onsight,Boulder_Women
IFSC Climbing Worldcup (B) - Grindelwald (SUI) 2014 ,2014-05-10,IFSC,851,Qualification,Onsight,Boulder_Men
IFSC Climbing Worldcup (B) - Grindelwald (SUI) 2014 ,2014-05-10,IFSC,851,Semi-final,Onsight,Boulder_Women
IFSC Climbing Worldcup (B) - Grindelwald (SUI) 2014 ,2014-05-10,IFSC,851,Semi-final,Onsight,Boulder_Men
IFSC Climbing Worldcup (B) - Grindelwald (SUI) 2014 ,2014-05-10,IFSC,851,Final,Onsight,Boulder_Women
IFSC Climbing Worldcup (B) - Grindelwald (SUI) 2014 ,2014-05-10,IFSC,851,Final,Onsight,Boulder_Men
"IFSC Climbing Worldcup (B,S) - Baku (AZE) 2014",2014-05-03,IFSC,850,Qualification,Onsight,Boulder_Women
"IFSC Climbing Worldcup (B,S) - Baku (AZE) 2014",2014-05-03,IFSC,850,Qualification,Onsight,Boulder_Men
"IFSC Climbing Worldcup (B,S) - Baku (AZE) 2014",2014-05-03,IFSC,850,Semi-final,Onsight,Boulder_Women
"IFSC Climbing Worldcup (B,S) - Baku (AZE) 2014",2014-05-03,IFSC,850,Semi-final,Onsight,Boulder_Men
"IFSC Climbing Worldcup (B,S) - Baku (AZE) 2014",2014-05-03,IFSC,850,Final,Onsight,Boulder_Women
"IFSC Climbing Worldcup (B,S) - Baku (AZE) 2014",2014-05-03,IFSC,850,Final,Onsight,Boulder_Men
Bächli Swiss Climbing Cup BSCC (B) 2014 - Givisiez,2014-04-26,SAC-CAS,367,Qualification,Unknown,Boulder_Women
Bächli Swiss Climbing Cup BSCC (B) 2014 - Givisiez,2014-04-26,SAC-CAS,367,Qualification,Unknown,Boulder_Men
Bächli Swiss Climbing Cup BSCC (B) 2014 - Givisiez,2014-04-26,SAC-CAS,367,Final,Unknown,Boulder_Women
Bächli Swiss Climbing Cup BSCC (B) 2014 - Givisiez,2014-04-26,SAC-CAS,367,Final,Unknown,Boulder_Men
"IFSC Climbing Worldcup (B,S) - Chongqing (CHN) 2014 ",2014-04-26,IFSC,849,Qualification,Onsight,Boulder_Women
"IFSC Climbing Worldcup (B,S) - Chongqing (CHN) 2014 ",2014-04-26,IFSC,849,Qualification,Onsight,Boulder_Men
"IFSC Climbing Worldcup (B,S) - Chongqing (CHN) 2014 ",2014-04-26,IFSC,849,Semi-final,Onsight,Boulder_Women
"IFSC Climbing Worldcup (B,S) - Chongqing (CHN) 2014 ",2014-04-26,IFSC,849,Semi-final,Onsight,Boulder_Men
"IFSC Climbing Worldcup (B,S) - Chongqing (CHN) 2014 ",2014-04-26,IFSC,849,Final,Onsight,Boulder_Women
"IFSC Climbing Worldcup (B,S) - Chongqing (CHN) 2014 ",2014-04-26,IFSC,849,Final,Onsight,Boulder_Men
Mammut Youth Climbing Cup MYCC (B) 2014 - Pratteln,2014-04-12,SAC-CAS,366,Qualification,Flash,Boulder_Women
Mammut Youth Climbing Cup MYCC (B) 2014 - Pratteln,2014-04-12,SAC-CAS,366,Qualification,Flash,Boulder_Men
Mammut Youth Climbing Cup MYCC (B) 2014 - Pratteln,2014-04-12,SAC-CAS,366,Final,Onsight,Boulder_Women
Mammut Youth Climbing Cup MYCC (B) 2014 - Pratteln,2014-04-12,SAC-CAS,366,Final,Onsight,Boulder_Men
BaWü Jugendcup Bouldern Reutlingen,2014-04-05,DIGITALROCK,5530,Final,Onsight,Boulder_Women
BaWü Jugendcup Bouldern Reutlingen,2014-04-05,DIGITALROCK,5530,Final,Onsight,Boulder_Men
3. Offene Rheinland-Pfalz-Meisterschaft Bouldern - Rocktown Kaiserslautern 2014,2014-03-22,DIGITALROCK,5448,Final,Onsight,Boulder_Women
3. Offene Rheinland-Pfalz-Meisterschaft Bouldern - Rocktown Kaiserslautern 2014,2014-03-22,DIGITALROCK,5448,Final,Onsight,Boulder_Men
Promo Event - The Climbing Works International Festival (B) - Sheffield (GBR) 2014,2014-03-15,IFSC,886,Qualification,Onsight,Boulder_Women
Promo Event - The Climbing Works International Festival (B) - Sheffield (GBR) 2014,2014-03-15,IFSC,886,Qualification,Onsight,Boulder_Men
Promo Event - The Climbing Works International Festival (B) - Sheffield (GBR) 2014,2014-03-15,IFSC,886,Semi-final,Onsight,Boulder_Women
Promo Event - The Climbing Works International Festival (B) - Sheffield (GBR) 2014,2014-03-15,IFSC,886,Semi-final,Onsight,Boulder_Men
Promo Event - The Climbing Works International Festival (B) - Sheffield (GBR) 2014,2014-03-15,IFSC,886,Final,Onsight,Boulder_Women
Promo Event - The Climbing Works International Festival (B) - Sheffield (GBR) 2014,2014-03-15,IFSC,886,Final,Onsight,Boulder_Men
Offener Sächsischer Kinder-Jugendcup Bouldern Teil 1 in Dresden,2014-03-08,DIGITALROCK,5464,Final,Onsight,Boulder_Women
Offener Sächsischer Kinder-Jugendcup Bouldern Teil 1 in Dresden,2014-03-08,DIGITALROCK,5464,Final,Onsight,Boulder_Men
Hessische Jugend-Bouldermeisterschaft 2014,2014-03-01,DIGITALROCK,5520,Final,Onsight,Boulder_Men
Hessische Jugend-Bouldermeisterschaft 2014,2014-03-01,DIGITALROCK,5520,Final,Onsight,Boulder_Women
1. Bayerischer Jugendcup Bouldern - München 2014,2014-02-22,DIGITALROCK,5465,Final,Onsight,Boulder_Men
1. Bayerischer Jugendcup Bouldern - München 2014,2014-02-22,DIGITALROCK,5465,Final,Onsight,Boulder_Women
Norddeutsche Meisterschaft (Bouldern) - Braunschweig 2014,2014-02-22,DIGITALROCK,5501,Final,Onsight,Boulder_Women
Norddeutsche Meisterschaft (Bouldern) - Braunschweig 2014,2014-02-22,DIGITALROCK,5501,Final,Onsight,Boulder_Men
Sächsischen Bouldermeisterschaft Teil 2 Jugend A-F in Leipzig ,2013-11-23,DIGITALROCK,5437,Final,Onsight,Boulder_Men
Sächsischen Bouldermeisterschaft Teil 2 Jugend A-F in Leipzig ,2013-11-23,DIGITALROCK,5437,Final,Onsight,Boulder_Women
European Youth Cup (B) - Laval (FRA) 2013,2013-10-12,IFSC,826,Qualification,Flash,Boulder_Women
European Youth Cup (B) - Laval (FRA) 2013,2013-10-12,IFSC,826,Qualification,Flash,Boulder_Men
European Youth Cup (B) - Laval (FRA) 2013,2013-10-12,IFSC,826,Final,Onsight,Boulder_Women
European Youth Cup (B) - Laval (FRA) 2013,2013-10-12,IFSC,826,Final,Onsight,Boulder_Men
"Intl. Event (L, B) - ROCKMASTER - Arco (ITA) 2013",2013-09-07,IFSC,843,Nan,Onsight,Boulder_Men
"Intl. Event (L, B) - ROCKMASTER - Arco (ITA) 2013",2013-09-07,IFSC,843,Nan,Onsight,Boulder_Women
"Intl. Event Open for Rockmaster (L, B) - Arco (ITA) 2013",2013-09-05,IFSC,842,Nan,Onsight,Boulder_Men
"Intl. Event Open for Rockmaster (L, B) - Arco (ITA) 2013",2013-09-05,IFSC,842,Nan,Onsight,Boulder_Women
European Championship (B) - Eindhoven (NED) 2013,2013-08-31,IFSC,817,Qualification,Onsight,Boulder_Women
European Championship (B) - Eindhoven (NED) 2013,2013-08-31,IFSC,817,Qualification,Onsight,Boulder_Men
European Championship (B) - Eindhoven (NED) 2013,2013-08-31,IFSC,817,Semi-final,Onsight,Boulder_Women
European Championship (B) - Eindhoven (NED) 2013,2013-08-31,IFSC,817,Semi-final,Onsight,Boulder_Men
European Championship (B) - Eindhoven (NED) 2013,2013-08-31,IFSC,817,Final,Onsight,Boulder_Women
European Championship (B) - Eindhoven (NED) 2013,2013-08-31,IFSC,817,Final,Onsight,Boulder_Men
IFSC Climbing Worldcup (B) - Munich (GER) 2013,2013-08-24,IFSC,799,Qualification,Onsight,Boulder_Women
IFSC Climbing Worldcup (B) - Munich (GER) 2013,2013-08-24,IFSC,799,Qualification,Onsight,Boulder_Men
IFSC Climbing Worldcup (B) - Munich (GER) 2013,2013-08-24,IFSC,799,Semi-final,Onsight,Boulder_Women
IFSC Climbing Worldcup (B) - Munich (GER) 2013,2013-08-24,IFSC,799,Semi-final,Onsight,Boulder_Men
IFSC Climbing Worldcup (B) - Munich (GER) 2013,2013-08-24,IFSC,799,Final,Onsight,Boulder_Women
IFSC Climbing Worldcup (B) - Munich (GER) 2013,2013-08-24,IFSC,799,Final,Onsight,Boulder_Men
European Youth Cup (B) - L'Argentière (FRA) 2013,2013-07-22,IFSC,823,Qualification,Flash,Boulder_Women
European Youth Cup (B) - L'Argentière (FRA) 2013,2013-07-22,IFSC,823,Qualification,Flash,Boulder_Men
European Youth Cup (B) - L'Argentière (FRA) 2013,2013-07-22,IFSC,823,Final,Onsight,Boulder_Women
European Youth Cup (B) - L'Argentière (FRA) 2013,2013-07-22,IFSC,823,Final,Onsight,Boulder_Men
Landesjugendspiele - Sächsische Bouldermeisterschaft Teil 1,2013-07-06,DIGITALROCK,5411,Final,Onsight,Boulder_Men
Landesjugendspiele - Sächsische Bouldermeisterschaft Teil 1,2013-07-06,DIGITALROCK,5411,Final,Onsight,Boulder_Women
European Youth Cup (B) - Sofia (BUL) 2013,2013-06-28,IFSC,820,Qualification,Flash,Boulder_Women
European Youth Cup (B) - Sofia (BUL) 2013,2013-06-28,IFSC,820,Qualification,Flash,Boulder_Men
European Youth Cup (B) - Sofia (BUL) 2013,2013-06-28,IFSC,820,Final,Onsight,Boulder_Women
European Youth Cup (B) - Sofia (BUL) 2013,2013-06-28,IFSC,820,Final,Onsight,Boulder_Men
Deutscher Jugendcup Boulder - Auerbach2013,2013-06-16,DIGITALROCK,5373,Final,Onsight,Boulder_Men
Deutscher Jugendcup Boulder - Auerbach2013,2013-06-16,DIGITALROCK,5373,Final,Onsight,Boulder_Women
Mammut Youth Climbing Cup MYCC (B) - Genève 2013,2013-06-09,SAC-CAS,337,Qualification,Flash,Boulder_Women
Mammut Youth Climbing Cup MYCC (B) - Genève 2013,2013-06-09,SAC-CAS,337,Qualification,Flash,Boulder_Men
Mammut Youth Climbing Cup MYCC (B) - Genève 2013,2013-06-09,SAC-CAS,337,Final,Onsight,Boulder_Women
Mammut Youth Climbing Cup MYCC (B) - Genève 2013,2013-06-09,SAC-CAS,337,Final,Onsight,Boulder_Men
Bächli Swiss Climbing Cup BSCC + SM (B) - Genève,2013-06-08,SAC-CAS,335,Qualification,Unknown,Boulder_Women
Bächli Swiss Climbing Cup BSCC + SM (B) - Genève,2013-06-08,SAC-CAS,335,Qualification,Unknown,Boulder_Men
Bächli Swiss Climbing Cup BSCC + SM (B) - Genève,2013-06-08,SAC-CAS,335,Final,Unknown,Boulder_Women
Bächli Swiss Climbing Cup BSCC + SM (B) - Genève,2013-06-08,SAC-CAS,335,Final,Unknown,Boulder_Men
IFSC Climbing Worldcup (B) - Vail (USA) 2013,2013-06-07,IFSC,795,Qualification,Onsight,Boulder_Women
IFSC Climbing Worldcup (B) - Vail (USA) 2013,2013-06-07,IFSC,795,Qualification,Onsight,Boulder_Men
IFSC Climbing Worldcup (B) - Vail (USA) 2013,2013-06-07,IFSC,795,Semi-final,Onsight,Boulder_Women
IFSC Climbing Worldcup (B) - Vail (USA) 2013,2013-06-07,IFSC,795,Semi-final,Onsight,Boulder_Men
IFSC Climbing Worldcup (B) - Vail (USA) 2013,2013-06-07,IFSC,795,Final,Onsight,Boulder_Women
IFSC Climbing Worldcup (B) - Vail (USA) 2013,2013-06-07,IFSC,795,Final,Onsight,Boulder_Men
Mammut Youth Climbing Cup MYCC + SM (B) - Grindelwald 2013,2013-06-02,SAC-CAS,334,Qualification,Flash,Boulder_Women
Mammut Youth Climbing Cup MYCC + SM (B) - Grindelwald 2013,2013-06-02,SAC-CAS,334,Qualification,Flash,Boulder_Men
Mammut Youth Climbing Cup MYCC + SM (B) - Grindelwald 2013,2013-06-02,SAC-CAS,334,Final,Onsight,Boulder_Women
Mammut Youth Climbing Cup MYCC + SM (B) - Grindelwald 2013,2013-06-02,SAC-CAS,334,Final,Onsight,Boulder_Men
Bächli Swiss Climbing Cup BSCC (B) - Grindelwald,2013-06-01,SAC-CAS,333,Qualification,Unknown,Boulder_Women
Bächli Swiss Climbing Cup BSCC (B) - Grindelwald,2013-06-01,SAC-CAS,333,Qualification,Unknown,Boulder_Men
Bächli Swiss Climbing Cup BSCC (B) - Grindelwald,2013-06-01,SAC-CAS,333,Final,Unknown,Boulder_Women
Bächli Swiss Climbing Cup BSCC (B) - Grindelwald,2013-06-01,SAC-CAS,333,Final,Unknown,Boulder_Men
IFSC Climbing Worldcup (B) - Toronto (CAN) 2013,2013-06-01,IFSC,794,Qualification,Onsight,Boulder_Women
IFSC Climbing Worldcup (B) - Toronto (CAN) 2013,2013-06-01,IFSC,794,Qualification,Onsight,Boulder_Men
IFSC Climbing Worldcup (B) - Toronto (CAN) 2013,2013-06-01,IFSC,794,Semi-final,Onsight,Boulder_Women
IFSC Climbing Worldcup (B) - Toronto (CAN) 2013,2013-06-01,IFSC,794,Semi-final,Onsight,Boulder_Men
IFSC Climbing Worldcup (B) - Toronto (CAN) 2013,2013-06-01,IFSC,794,Final,Onsight,Boulder_Women
IFSC Climbing Worldcup (B) - Toronto (CAN) 2013,2013-06-01,IFSC,794,Final,Onsight,Boulder_Men
European Youth Championship (B) - Grindelwald (SUI) 2013,2013-05-25,IFSC,818,Qualification,Flash,Boulder_Women
European Youth Championship (B) - Grindelwald (SUI) 2013,2013-05-25,IFSC,818,Qualification,Flash,Boulder_Men
European Youth Championship (B) - Grindelwald (SUI) 2013,2013-05-25,IFSC,818,Final,Onsight,Boulder_Women
European Youth Championship (B) - Grindelwald (SUI) 2013,2013-05-25,IFSC,818,Final,Onsight,Boulder_Men
"Asian Continental Championship - Tehran, (IRN) 2013",2013-05-22,IFSC,813,Qualification,Onsight,Boulder_Women
"Asian Continental Championship - Tehran, (IRN) 2013",2013-05-22,IFSC,813,Qualification,Onsight,Boulder_Men
"Asian Continental Championship - Tehran, (IRN) 2013",2013-05-22,IFSC,813,Semi-final,Onsight,Boulder_Women
"Asian Continental Championship - Tehran, (IRN) 2013",2013-05-22,IFSC,813,Semi-final,Onsight,Boulder_Men
"Asian Continental Championship - Tehran, (IRN) 2013",2013-05-22,IFSC,813,Final,Onsight,Boulder_Women
"Asian Continental Championship - Tehran, (IRN) 2013",2013-05-22,IFSC,813,Final,Onsight,Boulder_Men
IFSC Climbing Worldcup (B) - Innsbruck (AUT) 2013,2013-05-17,IFSC,793,Qualification,Onsight,Boulder_Women
IFSC Climbing Worldcup (B) - Innsbruck (AUT) 2013,2013-05-17,IFSC,793,Qualification,Onsight,Boulder_Men
IFSC Climbing Worldcup (B) - Innsbruck (AUT) 2013,2013-05-17,IFSC,793,Semi-final,Onsight,Boulder_Women
IFSC Climbing Worldcup (B) - Innsbruck (AUT) 2013,2013-05-17,IFSC,793,Semi-final,Onsight,Boulder_Men
IFSC Climbing Worldcup (B) - Innsbruck (AUT) 2013,2013-05-17,IFSC,793,Final,Onsight,Boulder_Women
IFSC Climbing Worldcup (B) - Innsbruck (AUT) 2013,2013-05-17,IFSC,793,Final,Onsight,Boulder_Men
IFSC Climbing Worldcup (B) - Log-Dragomer (SLO) 2013,2013-05-11,IFSC,792,Qualification,Onsight,Boulder_Women
IFSC Climbing Worldcup (B) - Log-Dragomer (SLO) 2013,2013-05-11,IFSC,792,Qualification,Onsight,Boulder_Men
IFSC Climbing Worldcup (B) - Log-Dragomer (SLO) 2013,2013-05-11,IFSC,792,Semi-final,Onsight,Boulder_Women
IFSC Climbing Worldcup (B) - Log-Dragomer (SLO) 2013,2013-05-11,IFSC,792,Semi-final,Onsight,Boulder_Men
IFSC Climbing Worldcup (B) - Log-Dragomer (SLO) 2013,2013-05-11,IFSC,792,Final,Onsight,Boulder_Women
IFSC Climbing Worldcup (B) - Log-Dragomer (SLO) 2013,2013-05-11,IFSC,792,Final,Onsight,Boulder_Men
IFSC Climbing Worldcup (B) - Kitzbühel (AUT) 2013,2013-04-26,IFSC,791,Qualification,Onsight,Boulder_Women
IFSC Climbing Worldcup (B) - Kitzbühel (AUT) 2013,2013-04-26,IFSC,791,Qualification,Onsight,Boulder_Men
IFSC Climbing Worldcup (B) - Kitzbühel (AUT) 2013,2013-04-26,IFSC,791,Semi-final,Onsight,Boulder_Women
IFSC Climbing Worldcup (B) - Kitzbühel (AUT) 2013,2013-04-26,IFSC,791,Semi-final,Onsight,Boulder_Men
IFSC Climbing Worldcup (B) - Kitzbühel (AUT) 2013,2013-04-26,IFSC,791,Final,Onsight,Boulder_Women
IFSC Climbing Worldcup (B) - Kitzbühel (AUT) 2013,2013-04-26,IFSC,791,Final,Onsight,Boulder_Men
Rockgames Jugend (Bouldern) - Rosenheim 2013,2013-04-21,DIGITALROCK,5409,Final,Onsight,Boulder_Men
Rockgames Jugend (Bouldern) - Rosenheim 2013,2013-04-21,DIGITALROCK,5409,Final,Onsight,Boulder_Women
BaWü Jugendcup Bouldern Heilbronn,2013-04-20,DIGITALROCK,5347,Final,Onsight,Boulder_Women
BaWü Jugendcup Bouldern Heilbronn,2013-04-20,DIGITALROCK,5347,Final,Onsight,Boulder_Men
IFSC Climbing Worldcup (B) - Millau (FRA) 2013,2013-04-05,IFSC,790,Qualification,Onsight,Boulder_Women
IFSC Climbing Worldcup (B) - Millau (FRA) 2013,2013-04-05,IFSC,790,Qualification,Onsight,Boulder_Men
IFSC Climbing Worldcup (B) - Millau (FRA) 2013,2013-04-05,IFSC,790,Semi-final,Onsight,Boulder_Women
IFSC Climbing Worldcup (B) - Millau (FRA) 2013,2013-04-05,IFSC,790,Semi-final,Onsight,Boulder_Men
IFSC Climbing Worldcup (B) - Millau (FRA) 2013,2013-04-05,IFSC,790,Final,Onsight,Boulder_Women
IFSC Climbing Worldcup (B) - Millau (FRA) 2013,2013-04-05,IFSC,790,Final,Onsight,Boulder_Men
"IFSC Climbing Worldcup (B,S) - Chongqing (CHN) 2013",2013-03-22,IFSC,789,Qualification,Onsight,Boulder_Women
"IFSC Climbing Worldcup (B,S) - Chongqing (CHN) 2013",2013-03-22,IFSC,789,Qualification,Onsight,Boulder_Men
"IFSC Climbing Worldcup (B,S) - Chongqing (CHN) 2013",2013-03-22,IFSC,789,Semi-final,Onsight,Boulder_Women
"IFSC Climbing Worldcup (B,S) - Chongqing (CHN) 2013",2013-03-22,IFSC,789,Semi-final,Onsight,Boulder_Men
"IFSC Climbing Worldcup (B,S) - Chongqing (CHN) 2013",2013-03-22,IFSC,789,Final,Onsight,Boulder_Women
"IFSC Climbing Worldcup (B,S) - Chongqing (CHN) 2013",2013-03-22,IFSC,789,Final,Onsight,Boulder_Men
2. Offene Rheinland-Pfalz-Meisterschaft Bouldern - Rocktown Kaiserslautern 2013,2013-03-16,DIGITALROCK,5384,Final,Onsight,Boulder_Women
2. Offene Rheinland-Pfalz-Meisterschaft Bouldern - Rocktown Kaiserslautern 2013,2013-03-16,DIGITALROCK,5384,Final,Onsight,Boulder_Men
Deutscher Jugendcup Boulder - Frankfurt 2013,2013-03-09,DIGITALROCK,5372,Final,Onsight,Boulder_Men
Deutscher Jugendcup Boulder - Frankfurt 2013,2013-03-09,DIGITALROCK,5372,Final,Onsight,Boulder_Women
Promo Event - The Climbing Works International Festival (B) - Sheffield (GBR) 2013,2013-03-02,IFSC,830,Qualification,Onsight,Boulder_Women
Promo Event - The Climbing Works International Festival (B) - Sheffield (GBR) 2013,2013-03-02,IFSC,830,Qualification,Onsight,Boulder_Men
Promo Event - The Climbing Works International Festival (B) - Sheffield (GBR) 2013,2013-03-02,IFSC,830,Semi-final,Onsight,Boulder_Women
Promo Event - The Climbing Works International Festival (B) - Sheffield (GBR) 2013,2013-03-02,IFSC,830,Semi-final,Onsight,Boulder_Men
Promo Event - The Climbing Works International Festival (B) - Sheffield (GBR) 2013,2013-03-02,IFSC,830,Final,Onsight,Boulder_Women
Promo Event - The Climbing Works International Festival (B) - Sheffield (GBR) 2013,2013-03-02,IFSC,830,Final,Onsight,Boulder_Men
Rockgames Jugend/Junioren (Bouldern) - Climb Free München 2013,2013-02-24,DIGITALROCK,5378,Final,Onsight,Boulder_Men
Rockgames Jugend/Junioren (Bouldern) - Climb Free München 2013,2013-02-24,DIGITALROCK,5378,Final,Onsight,Boulder_Women
"PanAmerican Youth Championship (L,S, B) - Santiago (CHI) 2012",2012-11-21,IFSC,765,Qualification,Flash,Boulder_Women
"PanAmerican Youth Championship (L,S, B) - Santiago (CHI) 2012",2012-11-21,IFSC,765,Qualification,Flash,Boulder_Men
"PanAmerican Youth Championship (L,S, B) - Santiago (CHI) 2012",2012-11-21,IFSC,765,Semi-final,Onsight,Boulder_Women
"PanAmerican Youth Championship (L,S, B) - Santiago (CHI) 2012",2012-11-21,IFSC,765,Semi-final,Onsight,Boulder_Men
"PanAmerican Youth Championship (L,S, B) - Santiago (CHI) 2012",2012-11-21,IFSC,765,Final,Onsight,Boulder_Women
"PanAmerican Youth Championship (L,S, B) - Santiago (CHI) 2012",2012-11-21,IFSC,765,Final,Onsight,Boulder_Men
"IFSC Panamerican Championship (L, S, B) - San Juan de los Morros (VEN) 2012",2012-11-07,IFSC,764,Qualification,Onsight,Boulder_Women
"IFSC Panamerican Championship (L, S, B) - San Juan de los Morros (VEN) 2012",2012-11-07,IFSC,764,Qualification,Onsight,Boulder_Men
"IFSC Panamerican Championship (L, S, B) - San Juan de los Morros (VEN) 2012",2012-11-07,IFSC,764,Semi-final,Onsight,Boulder_Men
"IFSC Panamerican Championship (L, S, B) - San Juan de los Morros (VEN) 2012",2012-11-07,IFSC,764,Final,Onsight,Boulder_Women
"IFSC Panamerican Championship (L, S, B) - San Juan de los Morros (VEN) 2012",2012-11-07,IFSC,764,Final,Onsight,Boulder_Men
IFSC Climbing World Championship - Paris (FRA) 2012,2012-09-12,IFSC,738,Qualification,Onsight,Boulder_Women
IFSC Climbing World Championship - Paris (FRA) 2012,2012-09-12,IFSC,738,Qualification,Onsight,Boulder_Men
IFSC Climbing World Championship - Paris (FRA) 2012,2012-09-12,IFSC,738,Semi-final,Onsight,Boulder_Women
IFSC Climbing World Championship - Paris (FRA) 2012,2012-09-12,IFSC,738,Semi-final,Onsight,Boulder_Men
IFSC Climbing World Championship - Paris (FRA) 2012,2012-09-12,IFSC,738,Final,Onsight,Boulder_Women
IFSC Climbing World Championship - Paris (FRA) 2012,2012-09-12,IFSC,738,Final,Onsight,Boulder_Men
"Intl. Event Open for Rockmaster (L, B) - Arco (ITA) 2012",2012-08-30,IFSC,782,Nan,Onsight,Boulder_Men
"Intl. Event Open for Rockmaster (L, B) - Arco (ITA) 2012",2012-08-30,IFSC,782,Nan,Onsight,Boulder_Women
IFSC Climbing Worldcup (B) - Munich (GER) 2012,2012-08-25,IFSC,736,Qualification,Onsight,Boulder_Women
IFSC Climbing Worldcup (B) - Munich (GER) 2012,2012-08-25,IFSC,736,Qualification,Onsight,Boulder_Men
IFSC Climbing Worldcup (B) - Munich (GER) 2012,2012-08-25,IFSC,736,Semi-final,Onsight,Boulder_Women
IFSC Climbing Worldcup (B) - Munich (GER) 2012,2012-08-25,IFSC,736,Semi-final,Onsight,Boulder_Men
IFSC Climbing Worldcup (B) - Munich (GER) 2012,2012-08-25,IFSC,736,Final,Onsight,Boulder_Women
IFSC Climbing Worldcup (B) - Munich (GER) 2012,2012-08-25,IFSC,736,Final,Onsight,Boulder_Men
European Youth Cup (B) - L'Argentière (FRA) 2012,2012-07-25,IFSC,759,Qualification,Flash,Boulder_Women
European Youth Cup (B) - L'Argentière (FRA) 2012,2012-07-25,IFSC,759,Qualification,Flash,Boulder_Men
European Youth Cup (B) - L'Argentière (FRA) 2012,2012-07-25,IFSC,759,Final,Onsight,Boulder_Women
European Youth Cup (B) - L'Argentière (FRA) 2012,2012-07-25,IFSC,759,Final,Onsight,Boulder_Men
Bächli Swiss Climbing Cup BSCC (B) - Fribourg,2012-06-30,SAC-CAS,310,Qualification,Unknown,Boulder_Women
Bächli Swiss Climbing Cup BSCC (B) - Fribourg,2012-06-30,SAC-CAS,310,Qualification,Unknown,Boulder_Men
Bächli Swiss Climbing Cup BSCC (B) - Fribourg,2012-06-30,SAC-CAS,310,Final,Unknown,Boulder_Women
Bächli Swiss Climbing Cup BSCC (B) - Fribourg,2012-06-30,SAC-CAS,310,Final,Unknown,Boulder_Men
Mammut Youth Climbing Cup MYCC + SM (B) - Grindelwald,2012-06-10,SAC-CAS,307,Qualification,Flash,Boulder_Women
Mammut Youth Climbing Cup MYCC + SM (B) - Grindelwald,2012-06-10,SAC-CAS,307,Qualification,Flash,Boulder_Men
Mammut Youth Climbing Cup MYCC + SM (B) - Grindelwald,2012-06-10,SAC-CAS,307,Final,Onsight,Boulder_Women
Mammut Youth Climbing Cup MYCC + SM (B) - Grindelwald,2012-06-10,SAC-CAS,307,Final,Onsight,Boulder_Men
Bächli Swiss Climbing Cup BSCC + SM (B) - Grindelwald,2012-06-09,SAC-CAS,288,Qualification,Unknown,Boulder_Women
Bächli Swiss Climbing Cup BSCC + SM (B) - Grindelwald,2012-06-09,SAC-CAS,288,Qualification,Unknown,Boulder_Men
Bächli Swiss Climbing Cup BSCC + SM (B) - Grindelwald,2012-06-09,SAC-CAS,288,Final,Unknown,Boulder_Women
Bächli Swiss Climbing Cup BSCC + SM (B) - Grindelwald,2012-06-09,SAC-CAS,288,Final,Unknown,Boulder_Men
European Youth Cup (B) - Grindelwald (SUI) 2012,2012-06-02,IFSC,755,Qualification,Flash,Boulder_Women
European Youth Cup (B) - Grindelwald (SUI) 2012,2012-06-02,IFSC,755,Qualification,Flash,Boulder_Men
European Youth Cup (B) - Grindelwald (SUI) 2012,2012-06-02,IFSC,755,Final,Onsight,Boulder_Women
European Youth Cup (B) - Grindelwald (SUI) 2012,2012-06-02,IFSC,755,Final,Onsight,Boulder_Men
Rheinland-Pfalz-Cup Bouldern - Rocktown Kaiserslautern 2012,2012-06-02,DIGITALROCK,5319,Final,Onsight,Boulder_Women
Rheinland-Pfalz-Cup Bouldern - Rocktown Kaiserslautern 2012,2012-06-02,DIGITALROCK,5319,Final,Onsight,Boulder_Men
IFSC Climbing Worldcup (B) - Vail (USA) 2012 ,2012-06-01,IFSC,731,Qualification,Onsight,Boulder_Women
IFSC Climbing Worldcup (B) - Vail (USA) 2012 ,2012-06-01,IFSC,731,Qualification,Onsight,Boulder_Men
IFSC Climbing Worldcup (B) - Vail (USA) 2012 ,2012-06-01,IFSC,731,Semi-final,Onsight,Boulder_Women
IFSC Climbing Worldcup (B) - Vail (USA) 2012 ,2012-06-01,IFSC,731,Semi-final,Onsight,Boulder_Men
IFSC Climbing Worldcup (B) - Vail (USA) 2012 ,2012-06-01,IFSC,731,Final,Onsight,Boulder_Women
IFSC Climbing Worldcup (B) - Vail (USA) 2012 ,2012-06-01,IFSC,731,Final,Onsight,Boulder_Men
Deutsche Jugendmeisterschaft Bouldern - Auerbach 2012,2012-05-26,DIGITALROCK,5291,Final,Onsight,Boulder_Men
Deutsche Jugendmeisterschaft Bouldern - Auerbach 2012,2012-05-26,DIGITALROCK,5291,Final,Onsight,Boulder_Women
IFSC Climbing Worldcup (B) - Innsbruck (AUT) 2012,2012-05-18,IFSC,730,Qualification,Onsight,Boulder_Women
IFSC Climbing Worldcup (B) - Innsbruck (AUT) 2012,2012-05-18,IFSC,730,Qualification,Onsight,Boulder_Men
IFSC Climbing Worldcup (B) - Innsbruck (AUT) 2012,2012-05-18,IFSC,730,Semi-final,Onsight,Boulder_Women
IFSC Climbing Worldcup (B) - Innsbruck (AUT) 2012,2012-05-18,IFSC,730,Semi-final,Onsight,Boulder_Men
IFSC Climbing Worldcup (B) - Innsbruck (AUT) 2012,2012-05-18,IFSC,730,Final,Onsight,Boulder_Women
IFSC Climbing Worldcup (B) - Innsbruck (AUT) 2012,2012-05-18,IFSC,730,Final,Onsight,Boulder_Men
Bächli Swiss Climbing Cup BSCC (B) - Vernier / Genève,2012-05-05,SAC-CAS,304,Qualification,Unknown,Boulder_Women
Bächli Swiss Climbing Cup BSCC (B) - Vernier / Genève,2012-05-05,SAC-CAS,304,Qualification,Unknown,Boulder_Men
Bächli Swiss Climbing Cup BSCC (B) - Vernier / Genève,2012-05-05,SAC-CAS,304,Final,Unknown,Boulder_Women
Bächli Swiss Climbing Cup BSCC (B) - Vernier / Genève,2012-05-05,SAC-CAS,304,Final,Unknown,Boulder_Men
IFSC Climbing Worldcup (B) - Vienna (AUT) 2012,2012-04-27,IFSC,729,Qualification,Onsight,Boulder_Women
IFSC Climbing Worldcup (B) - Vienna (AUT) 2012,2012-04-27,IFSC,729,Qualification,Onsight,Boulder_Men
IFSC Climbing Worldcup (B) - Vienna (AUT) 2012,2012-04-27,IFSC,729,Semi-final,Onsight,Boulder_Women
IFSC Climbing Worldcup (B) - Vienna (AUT) 2012,2012-04-27,IFSC,729,Semi-final,Onsight,Boulder_Men
IFSC Climbing Worldcup (B) - Vienna (AUT) 2012,2012-04-27,IFSC,729,Final,Onsight,Boulder_Women
IFSC Climbing Worldcup (B) - Vienna (AUT) 2012,2012-04-27,IFSC,729,Final,Onsight,Boulder_Men
"Asian Continental Championship - Leye, Guangxi (CHN) 2012",2012-04-25,IFSC,750,Qualification,Onsight,Boulder_Women
"Asian Continental Championship - Leye, Guangxi (CHN) 2012",2012-04-25,IFSC,750,Qualification,Onsight,Boulder_Men
"Asian Continental Championship - Leye, Guangxi (CHN) 2012",2012-04-25,IFSC,750,Semi-final,Onsight,Boulder_Women
"Asian Continental Championship - Leye, Guangxi (CHN) 2012",2012-04-25,IFSC,750,Semi-final,Onsight,Boulder_Men
"Asian Continental Championship - Leye, Guangxi (CHN) 2012",2012-04-25,IFSC,750,Final,Onsight,Boulder_Women
"Asian Continental Championship - Leye, Guangxi (CHN) 2012",2012-04-25,IFSC,750,Final,Onsight,Boulder_Men
IFSC Climbing Worldcup (B) - Log-Dragomer (SLO) 2012,2012-04-21,IFSC,728,Qualification,Onsight,Boulder_Women
IFSC Climbing Worldcup (B) - Log-Dragomer (SLO) 2012,2012-04-21,IFSC,728,Qualification,Onsight,Boulder_Men
IFSC Climbing Worldcup (B) - Log-Dragomer (SLO) 2012,2012-04-21,IFSC,728,Semi-final,Onsight,Boulder_Women
IFSC Climbing Worldcup (B) - Log-Dragomer (SLO) 2012,2012-04-21,IFSC,728,Semi-final,Onsight,Boulder_Men
IFSC Climbing Worldcup (B) - Log-Dragomer (SLO) 2012,2012-04-21,IFSC,728,Final,Onsight,Boulder_Women
IFSC Climbing Worldcup (B) - Log-Dragomer (SLO) 2012,2012-04-21,IFSC,728,Final,Onsight,Boulder_Men
"IFSC Climbing Worldcup (B,S) - Chongqing (CHN) 2012",2012-04-13,IFSC,727,Qualification,Onsight,Boulder_Women
"IFSC Climbing Worldcup (B,S) - Chongqing (CHN) 2012",2012-04-13,IFSC,727,Qualification,Onsight,Boulder_Men
"IFSC Climbing Worldcup (B,S) - Chongqing (CHN) 2012",2012-04-13,IFSC,727,Semi-final,Onsight,Boulder_Women
"IFSC Climbing Worldcup (B,S) - Chongqing (CHN) 2012",2012-04-13,IFSC,727,Semi-final,Onsight,Boulder_Men
"IFSC Climbing Worldcup (B,S) - Chongqing (CHN) 2012",2012-04-13,IFSC,727,Final,Onsight,Boulder_Women
"IFSC Climbing Worldcup (B,S) - Chongqing (CHN) 2012",2012-04-13,IFSC,727,Final,Onsight,Boulder_Men
Bayerische Meisterschaften Jugend (Bouldern) - Climb Free München 2012,2012-02-25,DIGITALROCK,5297,Final,Onsight,Boulder_Men
Bayerische Meisterschaften Jugend (Bouldern) - Climb Free München 2012,2012-02-25,DIGITALROCK,5297,Final,Onsight,Boulder_Women
European Youth Cup (B)- Munich (GER) 2011,2011-09-16,IFSC,701,Qualification,Flash,Boulder_Women
European Youth Cup (B)- Munich (GER) 2011,2011-09-16,IFSC,701,Qualification,Flash,Boulder_Men
European Youth Cup (B)- Munich (GER) 2011,2011-09-16,IFSC,701,Final,Onsight,Boulder_Women
European Youth Cup (B)- Munich (GER) 2011,2011-09-16,IFSC,701,Final,Onsight,Boulder_Men
European Youth Cup (B) - Meran (ITA) 2011,2011-09-10,IFSC,700,Qualification,Flash,Boulder_Women
European Youth Cup (B) - Meran (ITA) 2011,2011-09-10,IFSC,700,Qualification,Flash,Boulder_Men
European Youth Cup (B) - Meran (ITA) 2011,2011-09-10,IFSC,700,Final,Onsight,Boulder_Women
European Youth Cup (B) - Meran (ITA) 2011,2011-09-10,IFSC,700,Final,Onsight,Boulder_Men
IFSC Climbing Worldcup (B) - Munich (GER) 2011 ,2011-08-19,IFSC,680,Qualification,Onsight,Boulder_Women
IFSC Climbing Worldcup (B) - Munich (GER) 2011 ,2011-08-19,IFSC,680,Qualification,Onsight,Boulder_Men
IFSC Climbing Worldcup (B) - Munich (GER) 2011 ,2011-08-19,IFSC,680,Semi-final,Onsight,Boulder_Women
IFSC Climbing Worldcup (B) - Munich (GER) 2011 ,2011-08-19,IFSC,680,Semi-final,Onsight,Boulder_Men
IFSC Climbing Worldcup (B) - Munich (GER) 2011 ,2011-08-19,IFSC,680,Final,Onsight,Boulder_Women
IFSC Climbing Worldcup (B) - Munich (GER) 2011 ,2011-08-19,IFSC,680,Final,Onsight,Boulder_Men
IFSC Climbing World Championships  - Arco (ITA) 2011,2011-07-15,IFSC,675,Qualification,Onsight,Boulder_Women
IFSC Climbing World Championships  - Arco (ITA) 2011,2011-07-15,IFSC,675,Qualification,Onsight,Boulder_Men
IFSC Climbing World Championships  - Arco (ITA) 2011,2011-07-15,IFSC,675,Semi-final,Onsight,Boulder_Women
IFSC Climbing World Championships  - Arco (ITA) 2011,2011-07-15,IFSC,675,Semi-final,Onsight,Boulder_Men
IFSC Climbing World Championships  - Arco (ITA) 2011,2011-07-15,IFSC,675,Final,Onsight,Boulder_Women
IFSC Climbing World Championships  - Arco (ITA) 2011,2011-07-15,IFSC,675,Final,Onsight,Boulder_Men
IFSC Climbing Worldcup (B) - Sheffield (GBR) 2011,2011-07-02,IFSC,673,Qualification,Onsight,Boulder_Women
IFSC Climbing Worldcup (B) - Sheffield (GBR) 2011,2011-07-02,IFSC,673,Qualification,Onsight,Boulder_Men
IFSC Climbing Worldcup (B) - Sheffield (GBR) 2011,2011-07-02,IFSC,673,Semi-final,Onsight,Boulder_Women
IFSC Climbing Worldcup (B) - Sheffield (GBR) 2011,2011-07-02,IFSC,673,Semi-final,Onsight,Boulder_Men
IFSC Climbing Worldcup (B) - Sheffield (GBR) 2011,2011-07-02,IFSC,673,Final,Onsight,Boulder_Women
IFSC Climbing Worldcup (B) - Sheffield (GBR) 2011,2011-07-02,IFSC,673,Final,Onsight,Boulder_Men
IFSC Climbing Worldcup (B) - Barcelona (ESP) 2011,2011-06-25,IFSC,672,Qualification,Onsight,Boulder_Women
IFSC Climbing Worldcup (B) - Barcelona (ESP) 2011,2011-06-25,IFSC,672,Qualification,Onsight,Boulder_Men
IFSC Climbing Worldcup (B) - Barcelona (ESP) 2011,2011-06-25,IFSC,672,Semi-final,Onsight,Boulder_Women
IFSC Climbing Worldcup (B) - Barcelona (ESP) 2011,2011-06-25,IFSC,672,Semi-final,Onsight,Boulder_Men
IFSC Climbing Worldcup (B) - Barcelona (ESP) 2011,2011-06-25,IFSC,672,Final,Onsight,Boulder_Women
IFSC Climbing Worldcup (B) - Barcelona (ESP) 2011,2011-06-25,IFSC,672,Final,Onsight,Boulder_Men
IFSC Climbing Worldcup (B) - Eindhoven (NED) 2011,2011-06-17,IFSC,671,Qualification,Onsight,Boulder_Women
IFSC Climbing Worldcup (B) - Eindhoven (NED) 2011,2011-06-17,IFSC,671,Qualification,Onsight,Boulder_Men
IFSC Climbing Worldcup (B) - Eindhoven (NED) 2011,2011-06-17,IFSC,671,Semi-final,Onsight,Boulder_Women
IFSC Climbing Worldcup (B) - Eindhoven (NED) 2011,2011-06-17,IFSC,671,Semi-final,Onsight,Boulder_Men
IFSC Climbing Worldcup (B) - Eindhoven (NED) 2011,2011-06-17,IFSC,671,Final,Onsight,Boulder_Women
IFSC Climbing Worldcup (B) - Eindhoven (NED) 2011,2011-06-17,IFSC,671,Final,Onsight,Boulder_Men
Deutsche Jugendmeisterschaft Bouldern - Frankfurt 2011,2011-06-12,DIGITALROCK,5241,Final,Onsight,Boulder_Men
Deutsche Jugendmeisterschaft Bouldern - Frankfurt 2011,2011-06-12,DIGITALROCK,5241,Final,Onsight,Boulder_Women
Mammut Youth Climbing Cup MYCC (B) - Grindelwald,2011-06-05,SAC-CAS,289,Qualification,Flash,Boulder_Women
Mammut Youth Climbing Cup MYCC (B) - Grindelwald,2011-06-05,SAC-CAS,289,Qualification,Flash,Boulder_Men
Mammut Youth Climbing Cup MYCC (B) - Grindelwald,2011-06-05,SAC-CAS,289,Final,Onsight,Boulder_Women
Mammut Youth Climbing Cup MYCC (B) - Grindelwald,2011-06-05,SAC-CAS,289,Final,Onsight,Boulder_Men
IFSC Climbing Worldcup (B) - Vail (USA) 2011 ,2011-06-03,IFSC,670,Qualification,Onsight,Boulder_Women
IFSC Climbing Worldcup (B) - Vail (USA) 2011 ,2011-06-03,IFSC,670,Qualification,Onsight,Boulder_Men
IFSC Climbing Worldcup (B) - Vail (USA) 2011 ,2011-06-03,IFSC,670,Semi-final,Onsight,Boulder_Women
IFSC Climbing Worldcup (B) - Vail (USA) 2011 ,2011-06-03,IFSC,670,Semi-final,Onsight,Boulder_Men
IFSC Climbing Worldcup (B) - Vail (USA) 2011 ,2011-06-03,IFSC,670,Final,Onsight,Boulder_Women
IFSC Climbing Worldcup (B) - Vail (USA) 2011 ,2011-06-03,IFSC,670,Final,Onsight,Boulder_Men
IFSC Climbing Worldcup (B) - Canmore (CAN) 2011,2011-05-27,IFSC,669,Qualification,Onsight,Boulder_Women
IFSC Climbing Worldcup (B) - Canmore (CAN) 2011,2011-05-27,IFSC,669,Qualification,Onsight,Boulder_Men
IFSC Climbing Worldcup (B) - Canmore (CAN) 2011,2011-05-27,IFSC,669,Semi-final,Onsight,Boulder_Women
IFSC Climbing Worldcup (B) - Canmore (CAN) 2011,2011-05-27,IFSC,669,Semi-final,Onsight,Boulder_Men
IFSC Climbing Worldcup (B) - Canmore (CAN) 2011,2011-05-27,IFSC,669,Final,Onsight,Boulder_Women
IFSC Climbing Worldcup (B) - Canmore (CAN) 2011,2011-05-27,IFSC,669,Final,Onsight,Boulder_Men
 Mammut Youth Climbing Cup MYCC + SM (B) - Lugano,2011-05-15,SAC-CAS,287,Qualification,Flash,Boulder_Women
 Mammut Youth Climbing Cup MYCC + SM (B) - Lugano,2011-05-15,SAC-CAS,287,Qualification,Flash,Boulder_Men
 Mammut Youth Climbing Cup MYCC + SM (B) - Lugano,2011-05-15,SAC-CAS,287,Final,Onsight,Boulder_Women
 Mammut Youth Climbing Cup MYCC + SM (B) - Lugano,2011-05-15,SAC-CAS,287,Final,Onsight,Boulder_Men
IFSC Climbing Worldcup (B) - Vienna (AUT) 2011 ,2011-05-13,IFSC,668,Qualification,Onsight,Boulder_Women
IFSC Climbing Worldcup (B) - Vienna (AUT) 2011 ,2011-05-13,IFSC,668,Qualification,Onsight,Boulder_Men
IFSC Climbing Worldcup (B) - Vienna (AUT) 2011 ,2011-05-13,IFSC,668,Semi-final,Onsight,Boulder_Women
IFSC Climbing Worldcup (B) - Vienna (AUT) 2011 ,2011-05-13,IFSC,668,Semi-final,Onsight,Boulder_Men
IFSC Climbing Worldcup (B) - Vienna (AUT) 2011 ,2011-05-13,IFSC,668,Final,Onsight,Boulder_Women
IFSC Climbing Worldcup (B) - Vienna (AUT) 2011 ,2011-05-13,IFSC,668,Final,Onsight,Boulder_Men
Bächli Swiss Climbing Cup BSCC (B) - Pratteln,2011-05-07,SAC-CAS,286,Qualification,Unknown,Boulder_Women
Bächli Swiss Climbing Cup BSCC (B) - Pratteln,2011-05-07,SAC-CAS,286,Qualification,Unknown,Boulder_Men
Bächli Swiss Climbing Cup BSCC (B) - Pratteln,2011-05-07,SAC-CAS,286,Final,Unknown,Boulder_Women
Bächli Swiss Climbing Cup BSCC (B) - Pratteln,2011-05-07,SAC-CAS,286,Final,Unknown,Boulder_Men
IFSC Climbing Worldcup (B) - Log-Dragomer (SLO) 2011,2011-05-07,IFSC,667,Qualification,Onsight,Boulder_Women
IFSC Climbing Worldcup (B) - Log-Dragomer (SLO) 2011,2011-05-07,IFSC,667,Qualification,Onsight,Boulder_Men
IFSC Climbing Worldcup (B) - Log-Dragomer (SLO) 2011,2011-05-07,IFSC,667,Semi-final,Onsight,Boulder_Women
IFSC Climbing Worldcup (B) - Log-Dragomer (SLO) 2011,2011-05-07,IFSC,667,Semi-final,Onsight,Boulder_Men
IFSC Climbing Worldcup (B) - Log-Dragomer (SLO) 2011,2011-05-07,IFSC,667,Final,Onsight,Boulder_Women
IFSC Climbing Worldcup (B) - Log-Dragomer (SLO) 2011,2011-05-07,IFSC,667,Final,Onsight,Boulder_Men
Bayerische Meisterschaften Jugend/Junioren (Bouldern) - Thalkirchen 2011,2011-04-16,DIGITALROCK,5243,Final,Onsight,Boulder_Men
Bayerische Meisterschaften Jugend/Junioren (Bouldern) - Thalkirchen 2011,2011-04-16,DIGITALROCK,5243,Final,Onsight,Boulder_Women
"IFSC Climbing Worldcup (B,S) - Milano (ITA) 2011",2011-04-14,IFSC,665,Qualification,Onsight,Boulder_Women
"IFSC Climbing Worldcup (B,S) - Milano (ITA) 2011",2011-04-14,IFSC,665,Qualification,Onsight,Boulder_Men
"IFSC Climbing Worldcup (B,S) - Milano (ITA) 2011",2011-04-14,IFSC,665,Semi-final,Onsight,Boulder_Women
"IFSC Climbing Worldcup (B,S) - Milano (ITA) 2011",2011-04-14,IFSC,665,Semi-final,Onsight,Boulder_Men
"IFSC Climbing Worldcup (B,S) - Milano (ITA) 2011",2011-04-14,IFSC,665,Final,Onsight,Boulder_Women
"IFSC Climbing Worldcup (B,S) - Milano (ITA) 2011",2011-04-14,IFSC,665,Final,Onsight,Boulder_Men
Bächli Swiss Climbing Cup BSCC (B) - Genève,2011-03-26,SAC-CAS,281,Qualification,Unknown,Boulder_Women
Bächli Swiss Climbing Cup BSCC (B) - Genève,2011-03-26,SAC-CAS,281,Qualification,Unknown,Boulder_Men
Bächli Swiss Climbing Cup BSCC (B) - Genève,2011-03-26,SAC-CAS,281,Final,Unknown,Boulder_Women
Bächli Swiss Climbing Cup BSCC (B) - Genève,2011-03-26,SAC-CAS,281,Final,Unknown,Boulder_Men
Swiss Climbing Cup SCC + SM (B) - Pratteln 2010,2010-10-16,SAC-CAS,275,Qualification,Unknown,Boulder_Women
Swiss Climbing Cup SCC + SM (B) - Pratteln 2010,2010-10-16,SAC-CAS,275,Qualification,Unknown,Boulder_Men
Swiss Climbing Cup SCC + SM (B) - Pratteln 2010,2010-10-16,SAC-CAS,275,Final,Unknown,Boulder_Women
Swiss Climbing Cup SCC + SM (B) - Pratteln 2010,2010-10-16,SAC-CAS,275,Final,Unknown,Boulder_Men
Asian Continental Championship,2010-09-16,IFSC,627,Qualification,Onsight,Boulder_Women
Asian Continental Championship,2010-09-16,IFSC,627,Qualification,Onsight,Boulder_Men
Asian Continental Championship,2010-09-16,IFSC,627,Semi-final,Onsight,Boulder_Women
Asian Continental Championship,2010-09-16,IFSC,627,Semi-final,Onsight,Boulder_Men
Asian Continental Championship,2010-09-16,IFSC,627,Final,Onsight,Boulder_Women
Asian Continental Championship,2010-09-16,IFSC,627,Final,Onsight,Boulder_Men
European Championship - Imst/Innsbruck (AUT) 2010,2010-09-14,IFSC,629,Qualification,Onsight,Boulder_Women
European Championship - Imst/Innsbruck (AUT) 2010,2010-09-14,IFSC,629,Qualification,Onsight,Boulder_Men
European Championship - Imst/Innsbruck (AUT) 2010,2010-09-14,IFSC,629,Semi-final,Onsight,Boulder_Women
European Championship - Imst/Innsbruck (AUT) 2010,2010-09-14,IFSC,629,Semi-final,Onsight,Boulder_Men
European Championship - Imst/Innsbruck (AUT) 2010,2010-09-14,IFSC,629,Final,Onsight,Boulder_Women
European Championship - Imst/Innsbruck (AUT) 2010,2010-09-14,IFSC,629,Final,Onsight,Boulder_Men
Deutsche Jugendmeisterschaft Bouldern - Überlingen 2010,2010-08-06,DIGITALROCK,5163,Final,Onsight,Boulder_Men
Deutsche Jugendmeisterschaft Bouldern - Überlingen 2010,2010-08-06,DIGITALROCK,5163,Final,Onsight,Boulder_Women
IFSC Climbing Worldcup (B) - Munich (GER) 2010,2010-07-30,IFSC,617,Qualification,Onsight,Boulder_Women
IFSC Climbing Worldcup (B) - Munich (GER) 2010,2010-07-30,IFSC,617,Qualification,Onsight,Boulder_Men
IFSC Climbing Worldcup (B) - Munich (GER) 2010,2010-07-30,IFSC,617,Semi-final,Onsight,Boulder_Women
IFSC Climbing Worldcup (B) - Munich (GER) 2010,2010-07-30,IFSC,617,Semi-final,Onsight,Boulder_Men
IFSC Climbing Worldcup (B) - Munich (GER) 2010,2010-07-30,IFSC,617,Final,Onsight,Boulder_Women
IFSC Climbing Worldcup (B) - Munich (GER) 2010,2010-07-30,IFSC,617,Final,Onsight,Boulder_Men
Bayerische Meisterschaften Jugend/Junioren (Bouldern) - Regensburg 2010,2010-07-17,DIGITALROCK,5182,Final,Onsight,Boulder_Men
Bayerische Meisterschaften Jugend/Junioren (Bouldern) - Regensburg 2010,2010-07-17,DIGITALROCK,5182,Final,Onsight,Boulder_Women
Rock Master - World Championship Pre-event - Arco (ITA),2010-07-16,IFSC,655,Qualification,Onsight,Boulder_Women
Rock Master - World Championship Pre-event - Arco (ITA),2010-07-16,IFSC,655,Qualification,Onsight,Boulder_Men
Rock Master - World Championship Pre-event - Arco (ITA),2010-07-16,IFSC,655,Semi-final,Onsight,Boulder_Women
Rock Master - World Championship Pre-event - Arco (ITA),2010-07-16,IFSC,655,Semi-final,Onsight,Boulder_Men
Rock Master - World Championship Pre-event - Arco (ITA),2010-07-16,IFSC,655,Final,Onsight,Boulder_Women
Rock Master - World Championship Pre-event - Arco (ITA),2010-07-16,IFSC,655,Final,Onsight,Boulder_Men
IFSC Climbing Worldcup (B) - Sheffield (GBR) 2010,2010-07-03,IFSC,614,Qualification,Onsight,Boulder_Women
IFSC Climbing Worldcup (B) - Sheffield (GBR) 2010,2010-07-03,IFSC,614,Qualification,Onsight,Boulder_Men
IFSC Climbing Worldcup (B) - Sheffield (GBR) 2010,2010-07-03,IFSC,614,Semi-final,Onsight,Boulder_Men
IFSC Climbing Worldcup (B) - Sheffield (GBR) 2010,2010-07-03,IFSC,614,Semi-final,Onsight,Boulder_Women
IFSC Climbing Worldcup (B) - Sheffield (GBR) 2010,2010-07-03,IFSC,614,Final,Onsight,Boulder_Women
IFSC Climbing Worldcup (B) - Sheffield (GBR) 2010,2010-07-03,IFSC,614,Final,Onsight,Boulder_Men
IFSC Climbing Worldcup (B) - Eindhoven (NED) 2010,2010-06-25,IFSC,613,Qualification,Onsight,Boulder_Women
IFSC Climbing Worldcup (B) - Eindhoven (NED) 2010,2010-06-25,IFSC,613,Qualification,Onsight,Boulder_Men
IFSC Climbing Worldcup (B) - Eindhoven (NED) 2010,2010-06-25,IFSC,613,Semi-final,Onsight,Boulder_Women
IFSC Climbing Worldcup (B) - Eindhoven (NED) 2010,2010-06-25,IFSC,613,Semi-final,Onsight,Boulder_Men
IFSC Climbing Worldcup (B) - Eindhoven (NED) 2010,2010-06-25,IFSC,613,Final,Onsight,Boulder_Women
IFSC Climbing Worldcup (B) - Eindhoven (NED) 2010,2010-06-25,IFSC,613,Final,Onsight,Boulder_Men
"IFSC Climbing Worldcup (B,S) - Moscow (RUS) 2010",2010-06-17,IFSC,612,Qualification,Onsight,Boulder_Women
"IFSC Climbing Worldcup (B,S) - Moscow (RUS) 2010",2010-06-17,IFSC,612,Qualification,Onsight,Boulder_Men
"IFSC Climbing Worldcup (B,S) - Moscow (RUS) 2010",2010-06-17,IFSC,612,Semi-final,Onsight,Boulder_Women
"IFSC Climbing Worldcup (B,S) - Moscow (RUS) 2010",2010-06-17,IFSC,612,Semi-final,Onsight,Boulder_Men
"IFSC Climbing Worldcup (B,S) - Moscow (RUS) 2010",2010-06-17,IFSC,612,Final,Onsight,Boulder_Women
"IFSC Climbing Worldcup (B,S) - Moscow (RUS) 2010",2010-06-17,IFSC,612,Final,Onsight,Boulder_Men
Swiss Climbing Cup SCC (B) - Genève 2010,2010-06-13,SAC-CAS,262,Qualification,Unknown,Boulder_Women
Swiss Climbing Cup SCC (B) - Genève 2010,2010-06-13,SAC-CAS,262,Qualification,Unknown,Boulder_Men
Swiss Climbing Cup SCC (B) - Genève 2010,2010-06-13,SAC-CAS,262,Final,Unknown,Boulder_Women
Swiss Climbing Cup SCC (B) - Genève 2010,2010-06-13,SAC-CAS,262,Final,Unknown,Boulder_Men
Mammut Youth Climbing Cup MYCC + SM (B) - Genève 2010,2010-06-12,SAC-CAS,261,Qualification,Flash,Boulder_Women
Mammut Youth Climbing Cup MYCC + SM (B) - Genève 2010,2010-06-12,SAC-CAS,261,Qualification,Flash,Boulder_Men
Mammut Youth Climbing Cup MYCC + SM (B) - Genève 2010,2010-06-12,SAC-CAS,261,Final,Onsight,Boulder_Women
Mammut Youth Climbing Cup MYCC + SM (B) - Genève 2010,2010-06-12,SAC-CAS,261,Final,Onsight,Boulder_Men
IFSC Climbing Worldcup (B) - Vail (USA) 2010,2010-06-04,IFSC,611,Qualification,Onsight,Boulder_Women
IFSC Climbing Worldcup (B) - Vail (USA) 2010,2010-06-04,IFSC,611,Qualification,Onsight,Boulder_Men
IFSC Climbing Worldcup (B) - Vail (USA) 2010,2010-06-04,IFSC,611,Semi-final,Onsight,Boulder_Women
IFSC Climbing Worldcup (B) - Vail (USA) 2010,2010-06-04,IFSC,611,Semi-final,Onsight,Boulder_Men
IFSC Climbing Worldcup (B) - Vail (USA) 2010,2010-06-04,IFSC,611,Final,Onsight,Boulder_Women
IFSC Climbing Worldcup (B) - Vail (USA) 2010,2010-06-04,IFSC,611,Final,Onsight,Boulder_Men
IFSC Climbing Worldcup (B) - Wien (AUT) 2010,2010-05-28,IFSC,610,Qualification,Onsight,Boulder_Women
IFSC Climbing Worldcup (B) - Wien (AUT) 2010,2010-05-28,IFSC,610,Qualification,Onsight,Boulder_Men
IFSC Climbing Worldcup (B) - Wien (AUT) 2010,2010-05-28,IFSC,610,Semi-final,Onsight,Boulder_Women
IFSC Climbing Worldcup (B) - Wien (AUT) 2010,2010-05-28,IFSC,610,Semi-final,Onsight,Boulder_Men
IFSC Climbing Worldcup (B) - Wien (AUT) 2010,2010-05-28,IFSC,610,Final,Onsight,Boulder_Women
IFSC Climbing Worldcup (B) - Wien (AUT) 2010,2010-05-28,IFSC,610,Final,Onsight,Boulder_Men
IFSC Climbing Worldcup (B) - Greifensee (SUI) 2010,2010-05-14,IFSC,609,Qualification,Onsight,Boulder_Women
IFSC Climbing Worldcup (B) - Greifensee (SUI) 2010,2010-05-14,IFSC,609,Qualification,Onsight,Boulder_Men
IFSC Climbing Worldcup (B) - Greifensee (SUI) 2010,2010-05-14,IFSC,609,Semi-final,Onsight,Boulder_Women
IFSC Climbing Worldcup (B) - Greifensee (SUI) 2010,2010-05-14,IFSC,609,Semi-final,Onsight,Boulder_Men
IFSC Climbing Worldcup (B) - Greifensee (SUI) 2010,2010-05-14,IFSC,609,Final,Onsight,Boulder_Women
IFSC Climbing Worldcup (B) - Greifensee (SUI) 2010,2010-05-14,IFSC,609,Final,Onsight,Boulder_Men
Int. Event (L+B+S) ROCKMASTER - Arco (ITA) 2009,2009-09-05,IFSC,605,Nan,Onsight,Boulder_Men
Int. Event (L+B+S) ROCKMASTER - Arco (ITA) 2009,2009-09-05,IFSC,605,Nan,Onsight,Boulder_Women
Asia Championship - Chuncheon (KOR) - 2009,2009-08-28,IFSC,579,Qualification,Onsight,Boulder_Women
Asia Championship - Chuncheon (KOR) - 2009,2009-08-28,IFSC,579,Qualification,Onsight,Boulder_Men
Asia Championship - Chuncheon (KOR) - 2009,2009-08-28,IFSC,579,Semi-final,Onsight,Boulder_Women
Asia Championship - Chuncheon (KOR) - 2009,2009-08-28,IFSC,579,Semi-final,Onsight,Boulder_Men
Asia Championship - Chuncheon (KOR) - 2009,2009-08-28,IFSC,579,Final,Onsight,Boulder_Women
Asia Championship - Chuncheon (KOR) - 2009,2009-08-28,IFSC,579,Final,Onsight,Boulder_Men
IFSC Climbing World Championships  - Qinghai (CHN) 2009,2009-06-30,IFSC,568,Qualification,Onsight,Boulder_Women
IFSC Climbing World Championships  - Qinghai (CHN) 2009,2009-06-30,IFSC,568,Qualification,Onsight,Boulder_Men
IFSC Climbing World Championships  - Qinghai (CHN) 2009,2009-06-30,IFSC,568,Semi-final,Onsight,Boulder_Women
IFSC Climbing World Championships  - Qinghai (CHN) 2009,2009-06-30,IFSC,568,Semi-final,Onsight,Boulder_Men
IFSC Climbing World Championships  - Qinghai (CHN) 2009,2009-06-30,IFSC,568,Final,Onsight,Boulder_Women
IFSC Climbing World Championships  - Qinghai (CHN) 2009,2009-06-30,IFSC,568,Final,Onsight,Boulder_Men
Youth Climbing Cup YCC + SM (B) - Bülach 2009,2009-06-27,SAC-CAS,245,Qualification,Flash,Boulder_Women
Youth Climbing Cup YCC + SM (B) - Bülach 2009,2009-06-27,SAC-CAS,245,Qualification,Flash,Boulder_Men
Youth Climbing Cup YCC + SM (B) - Bülach 2009,2009-06-27,SAC-CAS,245,Final,Onsight,Boulder_Women
Youth Climbing Cup YCC + SM (B) - Bülach 2009,2009-06-27,SAC-CAS,245,Final,Onsight,Boulder_Men
IFSC Climbing Worldcup (B) - Eindhoven (NED) 2009,2009-06-12,IFSC,566,Qualification,Onsight,Boulder_Women
IFSC Climbing Worldcup (B) - Eindhoven (NED) 2009,2009-06-12,IFSC,566,Qualification,Onsight,Boulder_Men
IFSC Climbing Worldcup (B) - Eindhoven (NED) 2009,2009-06-12,IFSC,566,Semi-final,Onsight,Boulder_Women
IFSC Climbing Worldcup (B) - Eindhoven (NED) 2009,2009-06-12,IFSC,566,Semi-final,Onsight,Boulder_Men
IFSC Climbing Worldcup (B) - Eindhoven (NED) 2009,2009-06-12,IFSC,566,Final,Onsight,Boulder_Women
IFSC Climbing Worldcup (B) - Eindhoven (NED) 2009,2009-06-12,IFSC,566,Final,Onsight,Boulder_Men
IFSC Climbing Worldcup (B) - Vail (USA) 2009,2009-06-05,IFSC,565,Qualification,Onsight,Boulder_Women
IFSC Climbing Worldcup (B) - Vail (USA) 2009,2009-06-05,IFSC,565,Qualification,Onsight,Boulder_Men
IFSC Climbing Worldcup (B) - Vail (USA) 2009,2009-06-05,IFSC,565,Semi-final,Onsight,Boulder_Women
IFSC Climbing Worldcup (B) - Vail (USA) 2009,2009-06-05,IFSC,565,Semi-final,Onsight,Boulder_Men
IFSC Climbing Worldcup (B) - Vail (USA) 2009,2009-06-05,IFSC,565,Final,Onsight,Boulder_Women
IFSC Climbing Worldcup (B) - Vail (USA) 2009,2009-06-05,IFSC,565,Final,Onsight,Boulder_Men
IFSC Climbing Worldcup (B) - Wien (AUT) 2009,2009-05-29,IFSC,564,Qualification,Onsight,Boulder_Women
IFSC Climbing Worldcup (B) - Wien (AUT) 2009,2009-05-29,IFSC,564,Qualification,Onsight,Boulder_Men
IFSC Climbing Worldcup (B) - Wien (AUT) 2009,2009-05-29,IFSC,564,Semi-final,Onsight,Boulder_Women
IFSC Climbing Worldcup (B) - Wien (AUT) 2009,2009-05-29,IFSC,564,Semi-final,Onsight,Boulder_Men
IFSC Climbing Worldcup (B) - Wien (AUT) 2009,2009-05-29,IFSC,564,Final,Onsight,Boulder_Women
IFSC Climbing Worldcup (B) - Wien (AUT) 2009,2009-05-29,IFSC,564,Final,Onsight,Boulder_Men
Deutsche Jugendmeisterschaft Bouldern - Pforzheim 2009,2009-05-17,DIGITALROCK,5018,Final,Onsight,Boulder_Men
Deutsche Jugendmeisterschaft Bouldern - Pforzheim 2009,2009-05-17,DIGITALROCK,5018,Final,Onsight,Boulder_Women
IFSC Climbing Worldcup (B) - Hall (AUT) 2009,2009-05-01,IFSC,563,Qualification,Onsight,Boulder_Women
IFSC Climbing Worldcup (B) - Hall (AUT) 2009,2009-05-01,IFSC,563,Qualification,Onsight,Boulder_Men
IFSC Climbing Worldcup (B) - Hall (AUT) 2009,2009-05-01,IFSC,563,Semi-final,Onsight,Boulder_Women
IFSC Climbing Worldcup (B) - Hall (AUT) 2009,2009-05-01,IFSC,563,Semi-final,Onsight,Boulder_Men
IFSC Climbing Worldcup (B) - Hall (AUT) 2009,2009-05-01,IFSC,563,Final,Onsight,Boulder_Women
IFSC Climbing Worldcup (B) - Hall (AUT) 2009,2009-05-01,IFSC,563,Final,Onsight,Boulder_Men
IFSC Climbing Worldcup (B) - Kazo (JPN) 2009,2009-04-11,IFSC,560,Qualification,Onsight,Boulder_Women
IFSC Climbing Worldcup (B) - Kazo (JPN) 2009,2009-04-11,IFSC,560,Qualification,Onsight,Boulder_Men
IFSC Climbing Worldcup (B) - Kazo (JPN) 2009,2009-04-11,IFSC,560,Semi-final,Onsight,Boulder_Women
IFSC Climbing Worldcup (B) - Kazo (JPN) 2009,2009-04-11,IFSC,560,Semi-final,Onsight,Boulder_Men
IFSC Climbing Worldcup (B) - Kazo (JPN) 2009,2009-04-11,IFSC,560,Final,Onsight,Boulder_Women
IFSC Climbing Worldcup (B) - Kazo (JPN) 2009,2009-04-11,IFSC,560,Final,Onsight,Boulder_Men
Youth Climbing Cup YCC (B) - Küblis 2009,2009-04-04,SAC-CAS,238,Qualification,Flash,Boulder_Men
Youth Climbing Cup YCC (B) - Küblis 2009,2009-04-04,SAC-CAS,238,Qualification,Flash,Boulder_Women
Youth Climbing Cup YCC (B) - Küblis 2009,2009-04-04,SAC-CAS,238,Final,Onsight,Boulder_Men
Youth Climbing Cup YCC (B) - Küblis 2009,2009-04-04,SAC-CAS,238,Final,Onsight,Boulder_Women
Swiss Climbing Cup SCC + SM (B) - Greifensee 2009,2009-03-28,SAC-CAS,237,Qualification,Unknown,Boulder_Women
Swiss Climbing Cup SCC + SM (B) - Greifensee 2009,2009-03-28,SAC-CAS,237,Qualification,Unknown,Boulder_Men
Swiss Climbing Cup SCC + SM (B) - Greifensee 2009,2009-03-28,SAC-CAS,237,Final,Unknown,Boulder_Women
Swiss Climbing Cup SCC + SM (B) - Greifensee 2009,2009-03-28,SAC-CAS,237,Final,Unknown,Boulder_Men
Swiss Climbing Cup SCC (B) - Pratteln 2009,2009-03-07,SAC-CAS,235,Qualification,Unknown,Boulder_Women
Swiss Climbing Cup SCC (B) - Pratteln 2009,2009-03-07,SAC-CAS,235,Qualification,Unknown,Boulder_Men
Swiss Climbing Cup SCC (B) - Pratteln 2009,2009-03-07,SAC-CAS,235,Final,Unknown,Boulder_Women
Swiss Climbing Cup SCC (B) - Pratteln 2009,2009-03-07,SAC-CAS,235,Final,Unknown,Boulder_Men
IFSC Climbing Worldcup (S+B) - Moscow (RUS) 2008  ,2008-10-31,IFSC,525,Qualification,Onsight,Boulder_Women
IFSC Climbing Worldcup (S+B) - Moscow (RUS) 2008  ,2008-10-31,IFSC,525,Qualification,Onsight,Boulder_Men
IFSC Climbing Worldcup (S+B) - Moscow (RUS) 2008  ,2008-10-31,IFSC,525,Semi-final,Onsight,Boulder_Women
IFSC Climbing Worldcup (S+B) - Moscow (RUS) 2008  ,2008-10-31,IFSC,525,Semi-final,Onsight,Boulder_Men
IFSC Climbing Worldcup (S+B) - Moscow (RUS) 2008  ,2008-10-31,IFSC,525,Final,Onsight,Boulder_Women
IFSC Climbing Worldcup (S+B) - Moscow (RUS) 2008  ,2008-10-31,IFSC,525,Final,Onsight,Boulder_Men
IFSC European Championship - Paris (FRA) 2008,2008-10-15,IFSC,531,Qualification,Onsight,Boulder_Women
IFSC European Championship - Paris (FRA) 2008,2008-10-15,IFSC,531,Qualification,Onsight,Boulder_Men
IFSC European Championship - Paris (FRA) 2008,2008-10-15,IFSC,531,Semi-final,Onsight,Boulder_Women
IFSC European Championship - Paris (FRA) 2008,2008-10-15,IFSC,531,Semi-final,Onsight,Boulder_Men
IFSC European Championship - Paris (FRA) 2008,2008-10-15,IFSC,531,Final,Onsight,Boulder_Women
IFSC European Championship - Paris (FRA) 2008,2008-10-15,IFSC,531,Final,Onsight,Boulder_Men
Int. Event (L+B+S) ROCKMASTER - Arco (ITA) 2008,2008-09-06,IFSC,554,Nan,Onsight,Boulder_Men
Int. Event (L+B+S) ROCKMASTER - Arco (ITA) 2008,2008-09-06,IFSC,554,Nan,Onsight,Boulder_Women
Swiss Climbing Cup SCC + SM (B) - Leysin 2008,2008-09-06,SAC-CAS,225,Qualification,Unknown,Boulder_Women
Swiss Climbing Cup SCC + SM (B) - Leysin 2008,2008-09-06,SAC-CAS,225,Qualification,Unknown,Boulder_Men
Swiss Climbing Cup SCC + SM (B) - Leysin 2008,2008-09-06,SAC-CAS,225,Final,Unknown,Boulder_Women
Swiss Climbing Cup SCC + SM (B) - Leysin 2008,2008-09-06,SAC-CAS,225,Final,Unknown,Boulder_Men
Youth Climbing Cup YCC + SM (B) - Leysin 2008,2008-09-06,SAC-CAS,224,Qualification,Flash,Boulder_Women
Youth Climbing Cup YCC + SM (B) - Leysin 2008,2008-09-06,SAC-CAS,224,Qualification,Flash,Boulder_Men
Youth Climbing Cup YCC + SM (B) - Leysin 2008,2008-09-06,SAC-CAS,224,Final,Onsight,Boulder_Women
Youth Climbing Cup YCC + SM (B) - Leysin 2008,2008-09-06,SAC-CAS,224,Final,Onsight,Boulder_Men
IFSC Climbing Worldcup (B) - Montauban (FRA) 2008,2008-07-04,IFSC,519,Qualification,Onsight,Boulder_Women
IFSC Climbing Worldcup (B) - Montauban (FRA) 2008,2008-07-04,IFSC,519,Qualification,Onsight,Boulder_Men
IFSC Climbing Worldcup (B) - Montauban (FRA) 2008,2008-07-04,IFSC,519,Semi-final,Onsight,Boulder_Women
IFSC Climbing Worldcup (B) - Montauban (FRA) 2008,2008-07-04,IFSC,519,Semi-final,Onsight,Boulder_Men
IFSC Climbing Worldcup (B) - Montauban (FRA) 2008,2008-07-04,IFSC,519,Final,Onsight,Boulder_Women
IFSC Climbing Worldcup (B) - Montauban (FRA) 2008,2008-07-04,IFSC,519,Final,Onsight,Boulder_Men
IFSC Climbing Worldcup (B) - Fiera di Primiero (ITA) 2008,2008-06-13,IFSC,517,Qualification,Onsight,Boulder_Women
IFSC Climbing Worldcup (B) - Fiera di Primiero (ITA) 2008,2008-06-13,IFSC,517,Qualification,Onsight,Boulder_Men
IFSC Climbing Worldcup (B) - Fiera di Primiero (ITA) 2008,2008-06-13,IFSC,517,Semi-final,Onsight,Boulder_Women
IFSC Climbing Worldcup (B) - Fiera di Primiero (ITA) 2008,2008-06-13,IFSC,517,Semi-final,Onsight,Boulder_Men
IFSC Climbing Worldcup (B) - Fiera di Primiero (ITA) 2008,2008-06-13,IFSC,517,Final,Onsight,Boulder_Women
IFSC Climbing Worldcup (B) - Fiera di Primiero (ITA) 2008,2008-06-13,IFSC,517,Final,Onsight,Boulder_Men
IFSC Climbing Worldcup (B) - Vail (USA) 2008,2008-06-06,IFSC,516,Qualification,Onsight,Boulder_Women
IFSC Climbing Worldcup (B) - Vail (USA) 2008,2008-06-06,IFSC,516,Qualification,Onsight,Boulder_Men
IFSC Climbing Worldcup (B) - Vail (USA) 2008,2008-06-06,IFSC,516,Semi-final,Onsight,Boulder_Women
IFSC Climbing Worldcup (B) - Vail (USA) 2008,2008-06-06,IFSC,516,Semi-final,Onsight,Boulder_Men
IFSC Climbing Worldcup (B) - Vail (USA) 2008,2008-06-06,IFSC,516,Final,Onsight,Boulder_Women
IFSC Climbing Worldcup (B) - Vail (USA) 2008,2008-06-06,IFSC,516,Final,Onsight,Boulder_Men
IFSC Climbing Worldcup (B) - Grindelwald (SUI) 2008,2008-05-30,IFSC,515,Qualification,Onsight,Boulder_Women
IFSC Climbing Worldcup (B) - Grindelwald (SUI) 2008,2008-05-30,IFSC,515,Qualification,Onsight,Boulder_Men
IFSC Climbing Worldcup (B) - Grindelwald (SUI) 2008,2008-05-30,IFSC,515,Semi-final,Onsight,Boulder_Women
IFSC Climbing Worldcup (B) - Grindelwald (SUI) 2008,2008-05-30,IFSC,515,Semi-final,Onsight,Boulder_Men
IFSC Climbing Worldcup (B) - Grindelwald (SUI) 2008,2008-05-30,IFSC,515,Final,Onsight,Boulder_Women
IFSC Climbing Worldcup (B) - Grindelwald (SUI) 2008,2008-05-30,IFSC,515,Final,Onsight,Boulder_Men
Swiss Climbing Cup SCC (B) - Grindelwald 2008,2008-05-24,SAC-CAS,220,Final,Unknown,Boulder_Women
Swiss Climbing Cup SCC (B) - Grindelwald 2008,2008-05-24,SAC-CAS,220,Final,Unknown,Boulder_Men
 IFSC Asian Championships (B+L+S) - Guangzhou (CHN) 2008,2008-05-21,IFSC,529,Qualification,Onsight,Boulder_Women
 IFSC Asian Championships (B+L+S) - Guangzhou (CHN) 2008,2008-05-21,IFSC,529,Qualification,Onsight,Boulder_Men
 IFSC Asian Championships (B+L+S) - Guangzhou (CHN) 2008,2008-05-21,IFSC,529,Semi-final,Onsight,Boulder_Women
 IFSC Asian Championships (B+L+S) - Guangzhou (CHN) 2008,2008-05-21,IFSC,529,Semi-final,Onsight,Boulder_Men
IFSC Climbing Worldcup (B) - Reunion (FRA) 2008,2008-05-02,IFSC,514,Qualification,Onsight,Boulder_Women
IFSC Climbing Worldcup (B) - Reunion (FRA) 2008,2008-05-02,IFSC,514,Qualification,Onsight,Boulder_Men
IFSC Climbing Worldcup (B) - Reunion (FRA) 2008,2008-05-02,IFSC,514,Semi-final,Onsight,Boulder_Women
IFSC Climbing Worldcup (B) - Reunion (FRA) 2008,2008-05-02,IFSC,514,Semi-final,Onsight,Boulder_Men
IFSC Climbing Worldcup (B) - Reunion (FRA) 2008,2008-05-02,IFSC,514,Final,Onsight,Boulder_Women
IFSC Climbing Worldcup (B) - Reunion (FRA) 2008,2008-05-02,IFSC,514,Final,Onsight,Boulder_Men
Swiss Climbing Cup SCC (B) - Brig 2008,2008-04-26,SAC-CAS,218,Final,Unknown,Boulder_Women
Swiss Climbing Cup SCC (B) - Brig 2008,2008-04-26,SAC-CAS,218,Final,Unknown,Boulder_Men
Youth Climbing Cup YCC (B) - Brig 2008,2008-04-26,SAC-CAS,217,Final,Onsight,Boulder_Men
Youth Climbing Cup YCC (B) - Brig 2008,2008-04-26,SAC-CAS,217,Final,Onsight,Boulder_Women
IFSC Climbing Worldcup (B) - Hall (AUT) 2008,2008-04-18,IFSC,512,Qualification,Onsight,Boulder_Women
IFSC Climbing Worldcup (B) - Hall (AUT) 2008,2008-04-18,IFSC,512,Qualification,Onsight,Boulder_Men
IFSC Climbing Worldcup (B) - Hall (AUT) 2008,2008-04-18,IFSC,512,Semi-final,Onsight,Boulder_Women
IFSC Climbing Worldcup (B) - Hall (AUT) 2008,2008-04-18,IFSC,512,Semi-final,Onsight,Boulder_Men
IFSC Climbing Worldcup (B) - Hall (AUT) 2008,2008-04-18,IFSC,512,Final,Onsight,Boulder_Women
IFSC Climbing Worldcup (B) - Hall (AUT) 2008,2008-04-18,IFSC,512,Final,Onsight,Boulder_Men
Youth Climbing Cup YCC (B) - Küblis 2008,2008-04-05,SAC-CAS,214,Final,Onsight,Boulder_Men
Youth Climbing Cup YCC (B) - Küblis 2008,2008-04-05,SAC-CAS,214,Final,Onsight,Boulder_Women
IFSC Climbing Worldcup (B) - Brno (CZE) 2007,2007-11-09,IFSC,485,Qualification,Onsight,Boulder_Women
IFSC Climbing Worldcup (B) - Brno (CZE) 2007,2007-11-09,IFSC,485,Qualification,Onsight,Boulder_Men
IFSC Climbing Worldcup (B) - Brno (CZE) 2007,2007-11-09,IFSC,485,Semi-final,Onsight,Boulder_Women
IFSC Climbing Worldcup (B) - Brno (CZE) 2007,2007-11-09,IFSC,485,Semi-final,Onsight,Boulder_Men
IFSC Climbing Worldcup (B) - Brno (CZE) 2007,2007-11-09,IFSC,485,Final,Onsight,Boulder_Women
IFSC Climbing Worldcup (B) - Brno (CZE) 2007,2007-11-09,IFSC,485,Final,Onsight,Boulder_Men
 IFSC Asian Championships - Guangzhou (CHN) 2007,2007-11-08,IFSC,488,Final,Onsight,Boulder_Men
 IFSC Asian Championships - Guangzhou (CHN) 2007,2007-11-08,IFSC,488,Final,Onsight,Boulder_Women
IFSC Climbing World Championship (L + B + S) - Aviles (ESP) 2007,2007-09-17,IFSC,481,Qualification,Onsight,Boulder_Women
IFSC Climbing World Championship (L + B + S) - Aviles (ESP) 2007,2007-09-17,IFSC,481,Qualification,Onsight,Boulder_Men
IFSC Climbing World Championship (L + B + S) - Aviles (ESP) 2007,2007-09-17,IFSC,481,Semi-final,Onsight,Boulder_Women
IFSC Climbing World Championship (L + B + S) - Aviles (ESP) 2007,2007-09-17,IFSC,481,Semi-final,Onsight,Boulder_Men
IFSC Climbing World Championship (L + B + S) - Aviles (ESP) 2007,2007-09-17,IFSC,481,Final,Onsight,Boulder_Women
IFSC Climbing World Championship (L + B + S) - Aviles (ESP) 2007,2007-09-17,IFSC,481,Final,Onsight,Boulder_Men
Int. Event (L+B+S) ROCKMASTER - Arco (ITA) 2007,2007-09-08,IFSC,509,Nan,Onsight,Boulder_Men
Int. Event (L+B+S) ROCKMASTER - Arco (ITA) 2007,2007-09-08,IFSC,509,Nan,Onsight,Boulder_Women
Swiss Climbing Cup Boulder - Leysin 2007,2007-09-08,SAC-CAS,200,Final,Unknown,Boulder_Women
Swiss Climbing Cup Boulder - Leysin 2007,2007-09-08,SAC-CAS,200,Final,Unknown,Boulder_Men
Youth Climbing Cup Boulder - Leysin 2007,2007-09-08,SAC-CAS,199,Final,Onsight,Boulder_Men
Youth Climbing Cup Boulder - Leysin 2007,2007-09-08,SAC-CAS,199,Final,Onsight,Boulder_Women
International Event (B) - La Colmiane (FRA) Masters 2007,2007-08-25,IFSC,507,Final,Onsight,Boulder_Men
International Event (B) - La Colmiane (FRA) Masters 2007,2007-08-25,IFSC,507,Final,Onsight,Boulder_Women
International Event - Swiss Master Outdoor Games - Interlaken (SUI) 2007,2007-06-30,IFSC,503,Final,Onsight,Boulder_Men
International Event - Swiss Master Outdoor Games - Interlaken (SUI) 2007,2007-06-30,IFSC,503,Final,Onsight,Boulder_Women
Schweizer Meisterschaft (SCC) Boulder - Interlaken 2007,2007-06-30,SAC-CAS,197,Final,Unknown,Boulder_Women
Schweizer Meisterschaft (SCC) Boulder - Interlaken 2007,2007-06-30,SAC-CAS,197,Final,Unknown,Boulder_Men
Schweizer Meisterschaft (YCC) Boulder - Interlaken 2007,2007-06-30,SAC-CAS,196,Final,Unknown,Boulder_Men
Schweizer Meisterschaft (YCC) Boulder - Interlaken 2007,2007-06-30,SAC-CAS,196,Final,Unknown,Boulder_Women
IFSC Climbing Worldcup (B) - Fiera di Primiero (ITA) 2007,2007-06-22,IFSC,477,Qualification,Onsight,Boulder_Women
IFSC Climbing Worldcup (B) - Fiera di Primiero (ITA) 2007,2007-06-22,IFSC,477,Qualification,Onsight,Boulder_Men
IFSC Climbing Worldcup (B) - Fiera di Primiero (ITA) 2007,2007-06-22,IFSC,477,Semi-final,Onsight,Boulder_Women
IFSC Climbing Worldcup (B) - Fiera di Primiero (ITA) 2007,2007-06-22,IFSC,477,Semi-final,Onsight,Boulder_Men
IFSC Climbing Worldcup (B) - Fiera di Primiero (ITA) 2007,2007-06-22,IFSC,477,Final,Onsight,Boulder_Women
IFSC Climbing Worldcup (B) - Fiera di Primiero (ITA) 2007,2007-06-22,IFSC,477,Final,Onsight,Boulder_Men
IFSC Climbing Worldcup (B) - Grindelwald (SUI) 2007,2007-06-08,IFSC,475,Qualification,Onsight,Boulder_Women
IFSC Climbing Worldcup (B) - Grindelwald (SUI) 2007,2007-06-08,IFSC,475,Qualification,Onsight,Boulder_Men
IFSC Climbing Worldcup (B) - Grindelwald (SUI) 2007,2007-06-08,IFSC,475,Semi-final,Onsight,Boulder_Women
IFSC Climbing Worldcup (B) - Grindelwald (SUI) 2007,2007-06-08,IFSC,475,Semi-final,Onsight,Boulder_Men
IFSC Climbing Worldcup (B) - Grindelwald (SUI) 2007,2007-06-08,IFSC,475,Final,Onsight,Boulder_Women
IFSC Climbing Worldcup (B) - Grindelwald (SUI) 2007,2007-06-08,IFSC,475,Final,Onsight,Boulder_Men
Swiss Climbing Cup Boulder - Grindelwald 2007,2007-06-02,SAC-CAS,191,Final,Unknown,Boulder_Women
Swiss Climbing Cup Boulder - Grindelwald 2007,2007-06-02,SAC-CAS,191,Final,Unknown,Boulder_Men
 International Event (B) Ukrainian Verticals - Kiev (UKR),2007-05-26,IFSC,500,Final,Onsight,Boulder_Men
 International Event (B) Ukrainian Verticals - Kiev (UKR),2007-05-26,IFSC,500,Final,Onsight,Boulder_Women
IFSC Climbing Worldcup (B) - La Reunion (FRA) 2007,2007-05-04,IFSC,473,Qualification,Onsight,Boulder_Women
IFSC Climbing Worldcup (B) - La Reunion (FRA) 2007,2007-05-04,IFSC,473,Qualification,Onsight,Boulder_Men
IFSC Climbing Worldcup (B) - La Reunion (FRA) 2007,2007-05-04,IFSC,473,Semi-final,Onsight,Boulder_Women
IFSC Climbing Worldcup (B) - La Reunion (FRA) 2007,2007-05-04,IFSC,473,Semi-final,Onsight,Boulder_Men
IFSC Climbing Worldcup (B) - La Reunion (FRA) 2007,2007-05-04,IFSC,473,Final,Onsight,Boulder_Women
IFSC Climbing Worldcup (B) - La Reunion (FRA) 2007,2007-05-04,IFSC,473,Final,Onsight,Boulder_Men
IFSC Climbing Worldcup (B) - Hall (AUT) 2007,2007-04-27,IFSC,471,Qualification,Onsight,Boulder_Women
IFSC Climbing Worldcup (B) - Hall (AUT) 2007,2007-04-27,IFSC,471,Qualification,Onsight,Boulder_Men
IFSC Climbing Worldcup (B) - Hall (AUT) 2007,2007-04-27,IFSC,471,Semi-final,Onsight,Boulder_Women
IFSC Climbing Worldcup (B) - Hall (AUT) 2007,2007-04-27,IFSC,471,Semi-final,Onsight,Boulder_Men
IFSC Climbing Worldcup (B) - Hall (AUT) 2007,2007-04-27,IFSC,471,Final,Onsight,Boulder_Women
IFSC Climbing Worldcup (B) - Hall (AUT) 2007,2007-04-27,IFSC,471,Final,Onsight,Boulder_Men
IFSC Climbing Worldcup (B) - Sofia (BUL) 2007,2007-04-20,IFSC,470,Qualification,Onsight,Boulder_Women
IFSC Climbing Worldcup (B) - Sofia (BUL) 2007,2007-04-20,IFSC,470,Qualification,Onsight,Boulder_Men
IFSC Climbing Worldcup (B) - Sofia (BUL) 2007,2007-04-20,IFSC,470,Semi-final,Onsight,Boulder_Women
IFSC Climbing Worldcup (B) - Sofia (BUL) 2007,2007-04-20,IFSC,470,Semi-final,Onsight,Boulder_Men
IFSC Climbing Worldcup (B) - Sofia (BUL) 2007,2007-04-20,IFSC,470,Final,Onsight,Boulder_Women
IFSC Climbing Worldcup (B) - Sofia (BUL) 2007,2007-04-20,IFSC,470,Final,Onsight,Boulder_Men
Swiss Climbing Cup Boulder - Pratteln 2007,2007-04-14,SAC-CAS,187,Final,Unknown,Boulder_Women
Swiss Climbing Cup Boulder - Pratteln 2007,2007-04-14,SAC-CAS,187,Final,Unknown,Boulder_Men
IFSC Climbing Worldcup (B) - Erlangen (GER) 2007,2007-03-30,IFSC,468,Qualification,Onsight,Boulder_Women
IFSC Climbing Worldcup (B) - Erlangen (GER) 2007,2007-03-30,IFSC,468,Qualification,Onsight,Boulder_Men
IFSC Climbing Worldcup (B) - Erlangen (GER) 2007,2007-03-30,IFSC,468,Semi-final,Onsight,Boulder_Women
IFSC Climbing Worldcup (B) - Erlangen (GER) 2007,2007-03-30,IFSC,468,Semi-final,Onsight,Boulder_Men
IFSC Climbing Worldcup (B) - Erlangen (GER) 2007,2007-03-30,IFSC,468,Final,Onsight,Boulder_Women
IFSC Climbing Worldcup (B) - Erlangen (GER) 2007,2007-03-30,IFSC,468,Final,Onsight,Boulder_Men
IFSC European Boulder Championship  - Birmingham (GBR) 2007,2007-03-16,IFSC,489,Qualification,Onsight,Boulder_Women
IFSC European Boulder Championship  - Birmingham (GBR) 2007,2007-03-16,IFSC,489,Qualification,Onsight,Boulder_Men
IFSC European Boulder Championship  - Birmingham (GBR) 2007,2007-03-16,IFSC,489,Semi-final,Onsight,Boulder_Women
IFSC European Boulder Championship  - Birmingham (GBR) 2007,2007-03-16,IFSC,489,Semi-final,Onsight,Boulder_Men
IFSC European Boulder Championship  - Birmingham (GBR) 2007,2007-03-16,IFSC,489,Final,Onsight,Boulder_Women
IFSC European Boulder Championship  - Birmingham (GBR) 2007,2007-03-16,IFSC,489,Final,Onsight,Boulder_Men
UIAA Climbing Worldcup (B+S) - Moscow (RUS) 2006,2006-11-02,IFSC,440,Final,Onsight,Boulder_Men
UIAA Climbing Worldcup (B+S) - Moscow (RUS) 2006,2006-11-02,IFSC,440,Final,Onsight,Boulder_Women
 UIAA Asian Championships - Kaoshiung (TPE) 2006,2006-10-26,IFSC,444,Final,Onsight,Boulder_Men
 UIAA Asian Championships - Kaoshiung (TPE) 2006,2006-10-26,IFSC,444,Final,Onsight,Boulder_Women
Swiss Climbing Cup Bouldern - Thun 2006,2006-09-09,SAC-CAS,172,Final,Unknown,Boulder_Women
Swiss Climbing Cup Bouldern - Thun 2006,2006-09-09,SAC-CAS,172,Final,Unknown,Boulder_Men
Int. Event (L+B+S) ROCKMASTER - Arco (ITA) 2006,2006-09-02,IFSC,464,Final,Onsight,Boulder_Men
Int. Event (L+B+S) ROCKMASTER - Arco (ITA) 2006,2006-09-02,IFSC,464,Final,Onsight,Boulder_Women
UIAA Climbing Worldcup (B) - Hall (AUT) 2006,2006-06-22,IFSC,432,Final,Onsight,Boulder_Men
UIAA Climbing Worldcup (B) - Hall (AUT) 2006,2006-06-22,IFSC,432,Final,Onsight,Boulder_Women
UIAA Climbing Worldcup (B) - Fiera di Primiero (ITA) 2006,2006-06-16,IFSC,431,Final,Onsight,Boulder_Men
UIAA Climbing Worldcup (B) - Fiera di Primiero (ITA) 2006,2006-06-16,IFSC,431,Final,Onsight,Boulder_Women
UIAA Climbing Worldcup (B) - Grindelwald (SUI) 2006,2006-06-09,IFSC,430,Final,Onsight,Boulder_Men
UIAA Climbing Worldcup (B) - Grindelwald (SUI) 2006,2006-06-09,IFSC,430,Final,Onsight,Boulder_Women
Swiss Climbing Cup Bouldern - Grindelwald 2006,2006-06-05,SAC-CAS,166,Final,Unknown,Boulder_Women
Swiss Climbing Cup Bouldern - Grindelwald 2006,2006-06-05,SAC-CAS,166,Final,Unknown,Boulder_Men
Schweizer Meisterschaft (SCC) Bouldern - Pratteln 2006,2006-06-03,SAC-CAS,164,Final,Unknown,Boulder_Women
Schweizer Meisterschaft (SCC) Bouldern - Pratteln 2006,2006-06-03,SAC-CAS,164,Final,Unknown,Boulder_Men
Schweizer Meisterschaft (YCC) Bouldern - Pratteln 2006,2006-06-03,SAC-CAS,165,Final,Unknown,Boulder_Men
Schweizer Meisterschaft (YCC) Bouldern - Pratteln 2006,2006-06-03,SAC-CAS,165,Final,Unknown,Boulder_Women
UIAA Climbing Worldcup (B) - Rovereto (ITA) 2006,2006-05-12,IFSC,428,Final,Onsight,Boulder_Men
UIAA Climbing Worldcup (B) - Rovereto (ITA) 2006,2006-05-12,IFSC,428,Final,Onsight,Boulder_Women
UIAA Climbing Worldcup (B+S) - Veliko Tarnovo (BUL) 2006,2006-04-21,IFSC,426,Final,Onsight,Boulder_Men
UIAA Climbing Worldcup (B+S) - Veliko Tarnovo (BUL) 2006,2006-04-21,IFSC,426,Final,Onsight,Boulder_Women
UIAA Climbing Worldcup (B) - Birmingham (GBR) 2006,2006-03-17,IFSC,425,Final,Onsight,Boulder_Men
UIAA Climbing Worldcup (B) - Birmingham (GBR) 2006,2006-03-17,IFSC,425,Final,Onsight,Boulder_Women
UIAA Worldcup (B) - Firminy (FRA) 2005,2005-09-29,IFSC,400,Final,Onsight,Boulder_Men
UIAA Worldcup (B) - Firminy (FRA) 2005,2005-09-29,IFSC,400,Final,Onsight,Boulder_Women
Int. Event (L+B+S) ROCKMASTER - Arco (ITA) 2005,2005-09-02,IFSC,423,Final,Onsight,Boulder_Men
Int. Event (L+B+S) ROCKMASTER - Arco (ITA) 2005,2005-09-02,IFSC,423,Final,Onsight,Boulder_Women
UIAA World Championship - Munich (GER) 2005,2005-07-01,IFSC,396,Final,Onsight,Boulder_Men
UIAA World Championship - Munich (GER) 2005,2005-07-01,IFSC,396,Final,Onsight,Boulder_Women
UIAA Worldcup (B) - Fiera di Primiero (ITA) 2005,2005-06-16,IFSC,394,Final,Onsight,Boulder_Men
UIAA Worldcup (B) - Fiera di Primiero (ITA) 2005,2005-06-16,IFSC,394,Final,Onsight,Boulder_Women
C-MAX Climbing Cup & Boulder-Schweizermeisterschaft - Engelberg 2005,2005-06-10,SAC-CAS,146,Final,Unknown,Boulder_Women
C-MAX Climbing Cup & Boulder-Schweizermeisterschaft - Engelberg 2005,2005-06-10,SAC-CAS,146,Final,Unknown,Boulder_Men
Youth Climbing Cup & Boulder-Schweizermeisterschaft - Engelberg 2005,2005-06-10,SAC-CAS,147,Final,Onsight,Boulder_Men
Youth Climbing Cup & Boulder-Schweizermeisterschaft - Engelberg 2005,2005-06-10,SAC-CAS,147,Final,Onsight,Boulder_Women
C-MAX Climbing Cup Bouldern - Leysin 2005,2005-06-04,SAC-CAS,144,Final,Unknown,Boulder_Women
C-MAX Climbing Cup Bouldern - Leysin 2005,2005-06-04,SAC-CAS,144,Final,Unknown,Boulder_Men
Youth Climbing Cup Bouldern - Leysin 2005,2005-06-04,SAC-CAS,145,Final,Onsight,Boulder_Men
Youth Climbing Cup Bouldern - Leysin 2005,2005-06-04,SAC-CAS,145,Final,Onsight,Boulder_Women
UIAA Worldcup (B+S) - Moscow (RUS) 2005,2005-04-08,IFSC,389,Final,Onsight,Boulder_Men
UIAA Worldcup (B+S) - Moscow (RUS) 2005,2005-04-08,IFSC,389,Final,Onsight,Boulder_Women
UIAA Worldcup (B) - Birmingham (GBR) 2005,2005-03-18,IFSC,388,Final,Onsight,Boulder_Men
UIAA Worldcup (B) - Birmingham (GBR) 2005,2005-03-18,IFSC,388,Final,Onsight,Boulder_Women
C-MAX Climbing Cup Bouldern - Schaffhausen 2004,2004-12-11,SAC-CAS,137,Final,Unknown,Boulder_Women
C-MAX Climbing Cup Bouldern - Schaffhausen 2004,2004-12-11,SAC-CAS,137,Final,Unknown,Boulder_Men
North American Championship - Mexico City (MEX) 2004 (incl. SpiderKids),2004-11-24,IFSC,371,Final,Onsight,Boulder_Men
North American Championship - Mexico City (MEX) 2004 (incl. SpiderKids),2004-11-24,IFSC,371,Final,Onsight,Boulder_Women
UIAA Worldcup - Huzou (CHN) 2004,2004-09-24,IFSC,357,Final,Onsight,Boulder_Men
UIAA Worldcup - Huzou (CHN) 2004,2004-09-24,IFSC,357,Final,Onsight,Boulder_Women
C-MAX Climbing Cup Bouldern - Bellinzona 2004,2004-09-05,SAC-CAS,129,Final,Unknown,Boulder_Women
C-MAX Climbing Cup Bouldern - Bellinzona 2004,2004-09-05,SAC-CAS,129,Final,Unknown,Boulder_Men
Int. Event - Rockmaster Arco (ITA) 2004,2004-09-03,IFSC,385,Final,Onsight,Boulder_Men
Int. Event - Rockmaster Arco (ITA) 2004,2004-09-03,IFSC,385,Final,Onsight,Boulder_Women
UIAA Worldcup - Bardonecchia (ITA) 2004,2004-08-19,IFSC,355,Final,Onsight,Boulder_Men
UIAA Worldcup - Bardonecchia (ITA) 2004,2004-08-19,IFSC,355,Final,Onsight,Boulder_Women
UIAA Worldcup - L'Argentière La Bessée (FRA) 2004,2004-07-28,IFSC,354,Final,Onsight,Boulder_Men
UIAA Worldcup - L'Argentière La Bessée (FRA) 2004,2004-07-28,IFSC,354,Final,Onsight,Boulder_Women
UIAA European Championship - Lecco (ITA) 2004,2004-06-21,IFSC,365,Final,Onsight,Boulder_Men
UIAA European Championship - Lecco (ITA) 2004,2004-06-21,IFSC,365,Final,Onsight,Boulder_Women
UIAA Worldcup - Fiera di Primiero (ITA) 2004,2004-06-18,IFSC,351,Final,Onsight,Boulder_Men
UIAA Worldcup - Fiera di Primiero (ITA) 2004,2004-06-18,IFSC,351,Final,Onsight,Boulder_Women
C-MAX Climbing Cup & Schweizer Meisterschaft Bouldern - Leysin 2004,2004-06-05,SAC-CAS,125,Final,Unknown,Boulder_Women
C-MAX Climbing Cup & Schweizer Meisterschaft Bouldern - Leysin 2004,2004-06-05,SAC-CAS,125,Final,Unknown,Boulder_Men
Youth Climbing Cup & Schweizer Meisterschaft Bouldern - Leysin 2004,2004-06-05,SAC-CAS,126,Final,Onsight,Boulder_Men
Youth Climbing Cup & Schweizer Meisterschaft Bouldern - Leysin 2004,2004-06-05,SAC-CAS,126,Final,Onsight,Boulder_Women
UIAA Worldcup - Erlangen (GER) 2004,2004-04-15,IFSC,348,Final,Onsight,Boulder_Men
UIAA Worldcup - Erlangen (GER) 2004,2004-04-15,IFSC,348,Final,Onsight,Boulder_Women
UIAA Worldcup - Birmingham (GBR) 2004,2004-04-02,IFSC,347,Final,Onsight,Boulder_Men
UIAA Worldcup - Birmingham (GBR) 2004,2004-04-02,IFSC,347,Final,Onsight,Boulder_Women
UIAA Nordic Championship Bouldering (NOR) 2004,2004-02-27,IFSC,374,Final,Onsight,Boulder_Men
UIAA Nordic Championship Bouldering (NOR) 2004,2004-02-27,IFSC,374,Final,Onsight,Boulder_Women
Schweizermeisterschaft (nur Elite) / Maverick Climbing Cup Bouldern - Schaffhausen (SH),2003-12-13,SAC-CAS,117,Final,Unknown,Boulder_Women
Schweizermeisterschaft (nur Elite) / Maverick Climbing Cup Bouldern - Schaffhausen (SH),2003-12-13,SAC-CAS,117,Final,Unknown,Boulder_Men
UIAA Worldcup - Edinburgh (GBR) 2003,2003-12-04,IFSC,325,Final,Onsight,Boulder_Men
UIAA Worldcup - Edinburgh (GBR) 2003,2003-12-04,IFSC,325,Final,Onsight,Boulder_Women
Int. Event - Arco Rockmaster (ITA) 2003,2003-09-26,IFSC,345,Final,Onsight,Boulder_Men
Int. Event - Arco Rockmaster (ITA) 2003,2003-09-26,IFSC,345,Final,Onsight,Boulder_Women
Int. Event - La Colmiane (FRA) 2003,2003-09-18,IFSC,344,Final,Onsight,Boulder_Men
Int. Event - La Colmiane (FRA) 2003,2003-09-18,IFSC,344,Final,Onsight,Boulder_Women
UIAA Worldcup - Rovereto (ITA) 2003,2003-09-11,IFSC,319,Final,Onsight,Boulder_Men
UIAA Worldcup - Rovereto (ITA) 2003,2003-09-11,IFSC,319,Final,Onsight,Boulder_Women
Int. Event - Boulder Masters Grenoble (FRA) 2003,2003-08-28,IFSC,343,Final,Onsight,Boulder_Men
Int. Event - Boulder Masters Grenoble (FRA) 2003,2003-08-28,IFSC,343,Final,Onsight,Boulder_Women
UIAA Worldcup - L'Argentière (FRA) 2003,2003-07-24,IFSC,316,Final,Onsight,Boulder_Men
UIAA Worldcup - L'Argentière (FRA) 2003,2003-07-24,IFSC,316,Final,Onsight,Boulder_Women
UIAA Worldchampionship - Chamonix (FRA) 2003,2003-07-09,IFSC,315,Final,Onsight,Boulder_Men
UIAA Worldchampionship - Chamonix (FRA) 2003,2003-07-09,IFSC,315,Final,Onsight,Boulder_Women
"Int. Event - Master/Event of Daroca, Zaragosa (ESP) 2003",2003-07-04,IFSC,341,Final,Onsight,Boulder_Men
"Int. Event - Master/Event of Daroca, Zaragosa (ESP) 2003",2003-07-04,IFSC,341,Final,Onsight,Boulder_Women
UIAA Worldcup - Lecco (ITA) 2003 (boulder),2003-06-24,IFSC,313,Final,Onsight,Boulder_Men
UIAA Worldcup - Lecco (ITA) 2003 (boulder),2003-06-24,IFSC,313,Final,Onsight,Boulder_Women
UIAA Worldcup - Fiera di Primiero (ITA) 2003,2003-06-13,IFSC,311,Final,Onsight,Boulder_Men
UIAA Worldcup - Fiera di Primiero (ITA) 2003,2003-06-13,IFSC,311,Final,Onsight,Boulder_Women
UIAA Worldcup - Yekaterinburg (RUS) 2003 (B+S),2003-05-30,IFSC,308,Final,Onsight,Boulder_Men
UIAA Worldcup - Yekaterinburg (RUS) 2003 (B+S),2003-05-30,IFSC,308,Final,Onsight,Boulder_Women
Schweizermeisterschaft Bouldern - Genf (GE),2003-03-29,SAC-CAS,107,Final,Unknown,Boulder_Men
Schweizermeisterschaft Bouldern - Genf (GE),2003-03-29,SAC-CAS,107,Final,Unknown,Boulder_Women
Int. Event - Birmingham (GBR) 2003,2003-03-14,IFSC,335,Final,Onsight,Boulder_Men
Int. Event - Birmingham (GBR) 2003,2003-03-14,IFSC,335,Final,Onsight,Boulder_Women
UIAA Worldcup - Rovereto (ITA) 2002,2002-09-13,IFSC,285,Final,Onsight,Boulder_Men
UIAA Worldcup - Rovereto (ITA) 2002,2002-09-13,IFSC,285,Final,Onsight,Boulder_Women
Int. Event - Arco Rockmaster (ITA) 2002,2002-09-06,IFSC,305,Final,Onsight,Boulder_Men
Int. Event - Arco Rockmaster (ITA) 2002,2002-09-06,IFSC,305,Final,Onsight,Boulder_Women
Int. Event - L'Argentière (FRA) 2002,2002-07-25,IFSC,303,Final,Onsight,Boulder_Men
Int. Event - L'Argentière (FRA) 2002,2002-07-25,IFSC,303,Final,Onsight,Boulder_Women
UIAA European Championship - Chamonix (FRA) 2002,2002-07-11,IFSC,292,Final,Onsight,Boulder_Men
UIAA European Championship - Chamonix (FRA) 2002,2002-07-11,IFSC,292,Final,Onsight,Boulder_Women
UIAA Worldcup - Lecco (ITA) 2002 - boulder,2002-06-25,IFSC,282,Final,Onsight,Boulder_Men
UIAA Worldcup - Lecco (ITA) 2002 - boulder,2002-06-25,IFSC,282,Final,Onsight,Boulder_Women
UIAA Worldcup - Fiera di Primiero (ITA) 2002,2002-06-13,IFSC,280,Final,Onsight,Boulder_Men
UIAA Worldcup - Fiera di Primiero (ITA) 2002,2002-06-13,IFSC,280,Final,Onsight,Boulder_Women
Schweizermeisterschaft Bouldern - Genf / GE 2002,2002-04-20,SAC-CAS,95,Final,Unknown,Boulder_Women
Schweizermeisterschaft Bouldern - Genf / GE 2002,2002-04-20,SAC-CAS,95,Final,Unknown,Boulder_Men
Schweizermeisterschaft Bouldern - Genf / GE 2002,2002-04-20,SAC-CAS,95,Final,Onsight,Boulder_Women
Maverick Climbing Cup Bouldern - Winterthur / ZH,2002-04-12,SAC-CAS,93,Final,Unknown,Boulder_Women
Maverick Climbing Cup Bouldern - Winterthur / ZH,2002-04-12,SAC-CAS,93,Final,Unknown,Boulder_Men
Maverick Climbing Cup Bouldern - Winterthur / ZH,2002-04-12,SAC-CAS,93,Final,Onsight,Boulder_Women
Maverick Climbing Cup Bouldern - Schaffhausen / SH,2002-04-06,SAC-CAS,92,Final,Unknown,Boulder_Women
Maverick Climbing Cup Bouldern - Schaffhausen / SH,2002-04-06,SAC-CAS,92,Final,Unknown,Boulder_Men
Maverick Climbing Cup Bouldern - Schaffhausen / SH,2002-04-06,SAC-CAS,92,Final,Onsight,Boulder_Women
UIAA Worldcup - Birmingham (GBR) 2001,2001-12-06,IFSC,249,Final,Onsight,Boulder_Men
UIAA Worldcup - Birmingham (GBR) 2001,2001-12-06,IFSC,249,Final,Onsight,Boulder_Women
Asian Bouldering Championship - Taipei (TPE) 2001,2001-11-23,IFSC,254,Final,Onsight,Boulder_Men
Asian Bouldering Championship - Taipei (TPE) 2001,2001-11-23,IFSC,254,Final,Onsight,Boulder_Women
Int. Event - Blocmaster Grenoble (FRA) 2001,2001-10-05,IFSC,272,Final,Onsight,Boulder_Men
Int. Event - Blocmaster Grenoble (FRA) 2001,2001-10-05,IFSC,272,Final,Onsight,Boulder_Women
Int. Event - Rock Master Arco (ITA) 2001,2001-09-14,IFSC,271,Final,Onsight,Boulder_Men
Int. Event - Rock Master Arco (ITA) 2001,2001-09-14,IFSC,271,Final,Onsight,Boulder_Women
UIAA World Championship - Winterthur (SUI) 2001,2001-09-05,IFSC,244,Final,Onsight,Boulder_Men
UIAA World Championship - Winterthur (SUI) 2001,2001-09-05,IFSC,244,Final,Onsight,Boulder_Women
UIAA Worldcup - Rovereto (ITA) 2001,2001-08-31,IFSC,243,Final,Onsight,Boulder_Men
UIAA Worldcup - Rovereto (ITA) 2001,2001-08-31,IFSC,243,Final,Onsight,Boulder_Women
Int. Event - L'Argentiere (FRA) 2001,2001-07-26,IFSC,270,Final,Onsight,Boulder_Men
Int. Event - L'Argentiere (FRA) 2001,2001-07-26,IFSC,270,Final,Onsight,Boulder_Women
UIAA Worldcup - Munich (GER ) 2001,2001-07-21,IFSC,242,Final,Onsight,Boulder_Men
UIAA Worldcup - Munich (GER ) 2001,2001-07-21,IFSC,242,Final,Onsight,Boulder_Women
UIAA Worldcup - Chamonix (FRA) 2001,2001-07-11,IFSC,241,Final,Onsight,Boulder_Men
UIAA Worldcup - Chamonix (FRA) 2001,2001-07-11,IFSC,241,Final,Onsight,Boulder_Women
UIAA Worldcup - GAP (FRA) 2001,2001-06-29,IFSC,240,Final,Onsight,Boulder_Men
UIAA Worldcup - GAP (FRA) 2001,2001-06-29,IFSC,240,Final,Onsight,Boulder_Women
Swiss Cup Boulder - Adliswil 2000,2000-11-10,SAC-CAS,72,Final,Unknown,Boulder_Women
Swiss Cup Boulder - Adliswil 2000,2000-11-10,SAC-CAS,72,Final,Unknown,Boulder_Men
Swiss Cup Boulder - Adliswil 2000,2000-11-10,SAC-CAS,72,Final,Onsight,Boulder_Women
UIAA Worldcup - Rovereto (ITA) 2000,2000-09-15,IFSC,222,Final,Onsight,Boulder_Men
UIAA Worldcup - Rovereto (ITA) 2000,2000-09-15,IFSC,222,Final,Onsight,Boulder_Women
Int. Event - Rock Master Arco (ITA) 2000,2000-09-08,IFSC,238,Final,Onsight,Boulder_Men
Int. Event - Rock Master Arco (ITA) 2000,2000-09-08,IFSC,238,Final,Onsight,Boulder_Women
UIAA Worldcup - Grenoble (FRA) 2000,2000-08-31,IFSC,221,Final,Onsight,Boulder_Men
UIAA Worldcup - Grenoble (FRA) 2000,2000-08-31,IFSC,221,Final,Onsight,Boulder_Women
UIAA Worldcup - München (GER) 2000,2000-08-03,IFSC,220,Final,Onsight,Boulder_Men
UIAA Worldcup - München (GER) 2000,2000-08-03,IFSC,220,Final,Onsight,Boulder_Women
Int. Event - L'Argentiere (FRA) 2000,2000-07-24,IFSC,237,Final,Onsight,Boulder_Men
Int. Event - L'Argentiere (FRA) 2000,2000-07-24,IFSC,237,Final,Onsight,Boulder_Women
UIAA Worldcup - Chamonix (FRA) 2000,2000-07-11,IFSC,218,Final,Onsight,Boulder_Men
UIAA Worldcup - Chamonix (FRA) 2000,2000-07-11,IFSC,218,Final,Onsight,Boulder_Women
UIAA Worldcup - Millau (FRA) 2000,2000-05-31,IFSC,217,Final,Onsight,Boulder_Men
UIAA Worldcup - Millau (FRA) 2000,2000-05-31,IFSC,217,Final,Onsight,Boulder_Women
UIAA Worldcup - Konitsa (GRE) 2000,2000-05-26,IFSC,216,Final,Onsight,Boulder_Men
UIAA Worldcup - Konitsa (GRE) 2000,2000-05-26,IFSC,216,Final,Onsight,Boulder_Women
Int. Event - Sheffield (GBR) 1999,1999-12-06,IFSC,215,Final,Onsight,Boulder_Men
Int. Event - Sheffield (GBR) 1999,1999-12-06,IFSC,215,Final,Onsight,Boulder_Women
Bouldercup Adliswil 15.11.99,1999-11-14,SAC-CAS,58,Final,Unknown,Boulder_Women
Bouldercup Adliswil 15.11.99,1999-11-14,SAC-CAS,58,Final,Unknown,Boulder_Men
Int. Event - Arco Rock Master (ITA) 1999,1999-09-09,IFSC,214,Final,Onsight,Boulder_Men
Int. Event - Arco Rock Master (ITA) 1999,1999-09-09,IFSC,214,Final,Onsight,Boulder_Women
UIAA Worldcup - Grenoble (FRA) 1999,1999-08-27,IFSC,205,Final,Onsight,Boulder_Men
UIAA Worldcup - Grenoble (FRA) 1999,1999-08-27,IFSC,205,Final,Onsight,Boulder_Women
UIAA Worldcup - Cortina (ITA) 1999,1999-08-12,IFSC,204,Final,Onsight,Boulder_Men
UIAA Worldcup - Cortina (ITA) 1999,1999-08-12,IFSC,204,Final,Onsight,Boulder_Women
UIAA Worldcup - Bardonecchia (ITA) 1999,1999-07-30,IFSC,203,Final,Onsight,Boulder_Men
UIAA Worldcup - Bardonecchia (ITA) 1999,1999-07-30,IFSC,203,Final,Onsight,Boulder_Women
UIAA Worldcup - Chamonix (FRA) 1999,1999-07-16,IFSC,201,Final,Onsight,Boulder_Men
UIAA Worldcup - Chamonix (FRA) 1999,1999-07-16,IFSC,201,Final,Onsight,Boulder_Women
UIAA Worldcup - Val d'Isere (FRA) 1999,1999-07-10,IFSC,200,Final,Onsight,Boulder_Men
UIAA Worldcup - Val d'Isere (FRA) 1999,1999-07-10,IFSC,200,Final,Onsight,Boulder_Women
UIAA Worldcup - Benasque (ESP) 1999,1999-07-02,IFSC,199,Final,Onsight,Boulder_Men
UIAA Worldcup - Benasque (ESP) 1999,1999-07-02,IFSC,199,Final,Onsight,Boulder_Women
AGRS-Boulder Contest,1999-05-08,SAC-CAS,50,Final,Unknown,Boulder_Men
"Boulderwettkampf, Adliswil 98",1998-11-13,SAC-CAS,48,Final,Unknown,Boulder_Women
"Boulderwettkampf, Adliswil 98",1998-11-13,SAC-CAS,48,Final,Unknown,Boulder_Men
Top Rock Challenge - Grenoble (FRA) 1998,1998-08-27,IFSC,195,Final,Onsight,Boulder_Men
Top Rock Challenge - Grenoble (FRA) 1998,1998-08-27,IFSC,195,Final,Onsight,Boulder_Women
Top Rock Challenge - Crans Montana (SUI) 1998,1998-08-21,IFSC,194,Final,Onsight,Boulder_Men
Top Rock Challenge - Crans Montana (SUI) 1998,1998-08-21,IFSC,194,Final,Onsight,Boulder_Women
Top Rock Challenge - Cortina d'Ampezzo (ITA) 1998,1998-08-13,IFSC,193,Final,Onsight,Boulder_Men
Top Rock Challenge - Cortina d'Ampezzo (ITA) 1998,1998-08-13,IFSC,193,Final,Onsight,Boulder_Women
Top Rock Challenge - Valloire (FRA) 1998,1998-08-06,IFSC,192,Final,Onsight,Boulder_Men
Top Rock Challenge - Valloire (FRA) 1998,1998-08-06,IFSC,192,Final,Onsight,Boulder_Women
Top Rock Challenge - Chamonix (FRA) 1998,1998-07-16,IFSC,190,Final,Onsight,Boulder_Men
Top Rock Challenge - Chamonix (FRA) 1998,1998-07-16,IFSC,190,Final,Onsight,Boulder_Women
Top Rock Challenge - Val d'Isere (FRA) 1998,1998-07-11,IFSC,189,Final,Onsight,Boulder_Men
Top Rock Challenge - Val d'Isere (FRA) 1998,1998-07-11,IFSC,189,Final,Onsight,Boulder_Women
